system_id,dimension,signal,sigma_rel,noise_replicate,source_initial_condition_set,n_library_terms,n_target_regressions,n_path_least_squares,n_evaluation_integrations,n_selection_integrations
1,1,weak,0.0,0,1,6,1,6,16,0
1,1,weak,0.0,0,2,6,1,6,16,0
1,1,weak,0.01,1,1,6,1,6,4,0
1,1,weak,0.01,1,2,6,1,6,4,0
1,1,weak,0.01,2,1,6,1,6,4,0
1,1,weak,0.01,2,2,6,1,6,4,0
1,1,weak,0.01,3,1,6,1,6,4,0
1,1,weak,0.01,3,2,6,1,6,4,0
1,1,weak,0.01,4,1,6,1,6,4,0
1,1,weak,0.01,4,2,6,1,6,4,0
1,1,weak,0.01,5,1,6,1,6,4,0
1,1,weak,0.01,5,2,6,1,6,4,0
1,1,weak,0.05,1,1,6,1,6,4,0
1,1,weak,0.05,1,2,6,1,6,4,0
1,1,weak,0.05,2,1,6,1,6,4,0
1,1,weak,0.05,2,2,6,1,6,4,0
1,1,weak,0.05,3,1,6,1,6,4,0
1,1,weak,0.05,3,2,6,1,6,4,0
1,1,weak,0.05,4,1,6,1,6,4,0
1,1,weak,0.05,4,2,6,1,6,4,0
1,1,weak,0.05,5,1,6,1,6,4,0
1,1,weak,0.05,5,2,6,1,6,4,0
1,1,fd,0.0,0,1,6,1,6,16,0
1,1,fd,0.0,0,2,6,1,6,16,0
1,1,fd,0.01,1,1,6,1,6,4,0
1,1,fd,0.01,1,2,6,1,6,4,0
1,1,fd,0.01,2,1,6,1,6,4,0
1,1,fd,0.01,2,2,6,1,6,4,0
1,1,fd,0.01,3,1,6,1,6,4,0
1,1,fd,0.01,3,2,6,1,6,4,0
1,1,fd,0.01,4,1,6,1,6,4,0
1,1,fd,0.01,4,2,6,1,6,4,0
1,1,fd,0.01,5,1,6,1,6,4,0
1,1,fd,0.01,5,2,6,1,6,4,0
1,1,fd,0.05,1,1,6,1,6,4,0
1,1,fd,0.05,1,2,6,1,6,4,0
1,1,fd,0.05,2,1,6,1,6,4,0
1,1,fd,0.05,2,2,6,1,6,4,0
1,1,fd,0.05,3,1,6,1,6,4,0
1,1,fd,0.05,3,2,6,1,6,4,0
1,1,fd,0.05,4,1,6,1,6,4,0
1,1,fd,0.05,4,2,6,1,6,4,0
1,1,fd,0.05,5,1,6,1,6,4,0
1,1,fd,0.05,5,2,6,1,6,4,0
2,1,weak,0.0,0,1,6,1,6,16,0
2,1,weak,0.0,0,2,6,1,6,16,0
2,1,weak,0.01,1,1,6,1,6,4,0
2,1,weak,0.01,1,2,6,1,6,4,0
2,1,weak,0.01,2,1,6,1,6,4,0
2,1,weak,0.01,2,2,6,1,6,4,0
2,1,weak,0.01,3,1,6,1,6,4,0
2,1,weak,0.01,3,2,6,1,6,4,0
2,1,weak,0.01,4,1,6,1,6,4,0
2,1,weak,0.01,4,2,6,1,6,4,0
2,1,weak,0.01,5,1,6,1,6,4,0
2,1,weak,0.01,5,2,6,1,6,4,0
2,1,weak,0.05,1,1,6,1,6,4,0
2,1,weak,0.05,1,2,6,1,6,4,0
2,1,weak,0.05,2,1,6,1,6,4,0
2,1,weak,0.05,2,2,6,1,6,4,0
2,1,weak,0.05,3,1,6,1,6,4,0
2,1,weak,0.05,3,2,6,1,6,4,0
2,1,weak,0.05,4,1,6,1,6,4,0
2,1,weak,0.05,4,2,6,1,6,4,0
2,1,weak,0.05,5,1,6,1,6,4,0
2,1,weak,0.05,5,2,6,1,6,4,0
2,1,fd,0.0,0,1,6,1,6,16,0
2,1,fd,0.0,0,2,6,1,6,16,0
2,1,fd,0.01,1,1,6,1,6,4,0
2,1,fd,0.01,1,2,6,1,6,4,0
2,1,fd,0.01,2,1,6,1,6,4,0
2,1,fd,0.01,2,2,6,1,6,4,0
2,1,fd,0.01,3,1,6,1,6,4,0
2,1,fd,0.01,3,2,6,1,6,4,0
2,1,fd,0.01,4,1,6,1,6,4,0
2,1,fd,0.01,4,2,6,1,6,4,0
2,1,fd,0.01,5,1,6,1,6,4,0
2,1,fd,0.01,5,2,6,1,6,4,0
2,1,fd,0.05,1,1,6,1,6,4,0
2,1,fd,0.05,1,2,6,1,6,4,0
2,1,fd,0.05,2,1,6,1,6,4,0
2,1,fd,0.05,2,2,6,1,6,4,0
2,1,fd,0.05,3,1,6,1,6,4,0
2,1,fd,0.05,3,2,6,1,6,4,0
2,1,fd,0.05,4,1,6,1,6,4,0
2,1,fd,0.05,4,2,6,1,6,4,0
2,1,fd,0.05,5,1,6,1,6,4,0
2,1,fd,0.05,5,2,6,1,6,4,0
3,1,weak,0.0,0,1,6,1,6,16,0
3,1,weak,0.0,0,2,6,1,6,16,0
3,1,weak,0.01,1,1,6,1,6,4,0
3,1,weak,0.01,1,2,6,1,6,4,0
3,1,weak,0.01,2,1,6,1,6,4,0
3,1,weak,0.01,2,2,6,1,6,4,0
3,1,weak,0.01,3,1,6,1,6,4,0
3,1,weak,0.01,3,2,6,1,6,4,0
3,1,weak,0.01,4,1,6,1,6,4,0
3,1,weak,0.01,4,2,6,1,6,4,0
3,1,weak,0.01,5,1,6,1,6,4,0
3,1,weak,0.01,5,2,6,1,6,4,0
3,1,weak,0.05,1,1,6,1,6,4,0
3,1,weak,0.05,1,2,6,1,6,4,0
3,1,weak,0.05,2,1,6,1,6,4,0
3,1,weak,0.05,2,2,6,1,6,4,0
3,1,weak,0.05,3,1,6,1,6,4,0
3,1,weak,0.05,3,2,6,1,6,4,0
3,1,weak,0.05,4,1,6,1,6,4,0
3,1,weak,0.05,4,2,6,1,6,4,0
3,1,weak,0.05,5,1,6,1,6,4,0
3,1,weak,0.05,5,2,6,1,6,4,0
3,1,fd,0.0,0,1,6,1,6,16,0
3,1,fd,0.0,0,2,6,1,6,16,0
3,1,fd,0.01,1,1,6,1,6,4,0
3,1,fd,0.01,1,2,6,1,6,4,0
3,1,fd,0.01,2,1,6,1,6,4,0
3,1,fd,0.01,2,2,6,1,6,4,0
3,1,fd,0.01,3,1,6,1,6,4,0
3,1,fd,0.01,3,2,6,1,6,4,0
3,1,fd,0.01,4,1,6,1,6,4,0
3,1,fd,0.01,4,2,6,1,6,4,0
3,1,fd,0.01,5,1,6,1,6,4,0
3,1,fd,0.01,5,2,6,1,6,4,0
3,1,fd,0.05,1,1,6,1,6,4,0
3,1,fd,0.05,1,2,6,1,6,4,0
3,1,fd,0.05,2,1,6,1,6,4,0
3,1,fd,0.05,2,2,6,1,6,4,0
3,1,fd,0.05,3,1,6,1,6,4,0
3,1,fd,0.05,3,2,6,1,6,4,0
3,1,fd,0.05,4,1,6,1,6,4,0
3,1,fd,0.05,4,2,6,1,6,4,0
3,1,fd,0.05,5,1,6,1,6,4,0
3,1,fd,0.05,5,2,6,1,6,4,0
4,1,weak,0.0,0,1,6,1,6,16,0
4,1,weak,0.0,0,2,6,1,6,16,0
4,1,weak,0.01,1,1,6,1,6,4,0
4,1,weak,0.01,1,2,6,1,6,4,0
4,1,weak,0.01,2,1,6,1,6,4,0
4,1,weak,0.01,2,2,6,1,6,4,0
4,1,weak,0.01,3,1,6,1,6,4,0
4,1,weak,0.01,3,2,6,1,6,4,0
4,1,weak,0.01,4,1,6,1,6,4,0
4,1,weak,0.01,4,2,6,1,6,4,0
4,1,weak,0.01,5,1,6,1,6,4,0
4,1,weak,0.01,5,2,6,1,6,4,0
4,1,weak,0.05,1,1,6,1,6,4,0
4,1,weak,0.05,1,2,6,1,6,4,0
4,1,weak,0.05,2,1,6,1,6,4,0
4,1,weak,0.05,2,2,6,1,6,4,0
4,1,weak,0.05,3,1,6,1,6,4,0
4,1,weak,0.05,3,2,6,1,6,4,0
4,1,weak,0.05,4,1,6,1,6,4,0
4,1,weak,0.05,4,2,6,1,6,4,0
4,1,weak,0.05,5,1,6,1,6,4,0
4,1,weak,0.05,5,2,6,1,6,4,0
4,1,fd,0.0,0,1,6,1,6,16,0
4,1,fd,0.0,0,2,6,1,6,16,0
4,1,fd,0.01,1,1,6,1,6,4,0
4,1,fd,0.01,1,2,6,1,6,4,0
4,1,fd,0.01,2,1,6,1,6,4,0
4,1,fd,0.01,2,2,6,1,6,4,0
4,1,fd,0.01,3,1,6,1,6,4,0
4,1,fd,0.01,3,2,6,1,6,4,0
4,1,fd,0.01,4,1,6,1,6,4,0
4,1,fd,0.01,4,2,6,1,6,4,0
4,1,fd,0.01,5,1,6,1,6,4,0
4,1,fd,0.01,5,2,6,1,6,4,0
4,1,fd,0.05,1,1,6,1,6,4,0
4,1,fd,0.05,1,2,6,1,6,4,0
4,1,fd,0.05,2,1,6,1,6,4,0
4,1,fd,0.05,2,2,6,1,6,4,0
4,1,fd,0.05,3,1,6,1,6,4,0
4,1,fd,0.05,3,2,6,1,6,4,0
4,1,fd,0.05,4,1,6,1,6,4,0
4,1,fd,0.05,4,2,6,1,6,4,0
4,1,fd,0.05,5,1,6,1,6,4,0
4,1,fd,0.05,5,2,6,1,6,4,0
5,1,weak,0.0,0,1,6,1,6,16,0
5,1,weak,0.0,0,2,6,1,6,16,0
5,1,weak,0.01,1,1,6,1,6,4,0
5,1,weak,0.01,1,2,6,1,6,4,0
5,1,weak,0.01,2,1,6,1,6,4,0
5,1,weak,0.01,2,2,6,1,6,4,0
5,1,weak,0.01,3,1,6,1,6,4,0
5,1,weak,0.01,3,2,6,1,6,4,0
5,1,weak,0.01,4,1,6,1,6,4,0
5,1,weak,0.01,4,2,6,1,6,4,0
5,1,weak,0.01,5,1,6,1,6,4,0
5,1,weak,0.01,5,2,6,1,6,4,0
5,1,weak,0.05,1,1,6,1,6,4,0
5,1,weak,0.05,1,2,6,1,6,4,0
5,1,weak,0.05,2,1,6,1,6,4,0
5,1,weak,0.05,2,2,6,1,6,4,0
5,1,weak,0.05,3,1,6,1,6,4,0
5,1,weak,0.05,3,2,6,1,6,4,0
5,1,weak,0.05,4,1,6,1,6,4,0
5,1,weak,0.05,4,2,6,1,6,4,0
5,1,weak,0.05,5,1,6,1,6,4,0
5,1,weak,0.05,5,2,6,1,6,4,0
5,1,fd,0.0,0,1,6,1,6,16,0
5,1,fd,0.0,0,2,6,1,6,16,0
5,1,fd,0.01,1,1,6,1,6,4,0
5,1,fd,0.01,1,2,6,1,6,4,0
5,1,fd,0.01,2,1,6,1,6,4,0
5,1,fd,0.01,2,2,6,1,6,4,0
5,1,fd,0.01,3,1,6,1,6,4,0
5,1,fd,0.01,3,2,6,1,6,4,0
5,1,fd,0.01,4,1,6,1,6,4,0
5,1,fd,0.01,4,2,6,1,6,4,0
5,1,fd,0.01,5,1,6,1,6,4,0
5,1,fd,0.01,5,2,6,1,6,4,0
5,1,fd,0.05,1,1,6,1,6,4,0
5,1,fd,0.05,1,2,6,1,6,4,0
5,1,fd,0.05,2,1,6,1,6,4,0
5,1,fd,0.05,2,2,6,1,6,4,0
5,1,fd,0.05,3,1,6,1,6,4,0
5,1,fd,0.05,3,2,6,1,6,4,0
5,1,fd,0.05,4,1,6,1,6,4,0
5,1,fd,0.05,4,2,6,1,6,4,0
5,1,fd,0.05,5,1,6,1,6,4,0
5,1,fd,0.05,5,2,6,1,6,4,0
6,1,weak,0.0,0,1,6,1,6,16,0
6,1,weak,0.0,0,2,6,1,6,16,0
6,1,weak,0.01,1,1,6,1,6,4,0
6,1,weak,0.01,1,2,6,1,6,4,0
6,1,weak,0.01,2,1,6,1,6,4,0
6,1,weak,0.01,2,2,6,1,6,4,0
6,1,weak,0.01,3,1,6,1,6,4,0
6,1,weak,0.01,3,2,6,1,6,4,0
6,1,weak,0.01,4,1,6,1,6,4,0
6,1,weak,0.01,4,2,6,1,6,4,0
6,1,weak,0.01,5,1,6,1,6,4,0
6,1,weak,0.01,5,2,6,1,6,4,0
6,1,weak,0.05,1,1,6,1,6,4,0
6,1,weak,0.05,1,2,6,1,6,4,0
6,1,weak,0.05,2,1,6,1,6,4,0
6,1,weak,0.05,2,2,6,1,6,4,0
6,1,weak,0.05,3,1,6,1,6,4,0
6,1,weak,0.05,3,2,6,1,6,4,0
6,1,weak,0.05,4,1,6,1,6,4,0
6,1,weak,0.05,4,2,6,1,6,4,0
6,1,weak,0.05,5,1,6,1,6,4,0
6,1,weak,0.05,5,2,6,1,6,4,0
6,1,fd,0.0,0,1,6,1,6,16,0
6,1,fd,0.0,0,2,6,1,6,16,0
6,1,fd,0.01,1,1,6,1,6,4,0
6,1,fd,0.01,1,2,6,1,6,4,0
6,1,fd,0.01,2,1,6,1,6,4,0
6,1,fd,0.01,2,2,6,1,6,4,0
6,1,fd,0.01,3,1,6,1,6,4,0
6,1,fd,0.01,3,2,6,1,6,4,0
6,1,fd,0.01,4,1,6,1,6,4,0
6,1,fd,0.01,4,2,6,1,6,4,0
6,1,fd,0.01,5,1,6,1,6,4,0
6,1,fd,0.01,5,2,6,1,6,4,0
6,1,fd,0.05,1,1,6,1,6,4,0
6,1,fd,0.05,1,2,6,1,6,4,0
6,1,fd,0.05,2,1,6,1,6,4,0
6,1,fd,0.05,2,2,6,1,6,4,0
6,1,fd,0.05,3,1,6,1,6,4,0
6,1,fd,0.05,3,2,6,1,6,4,0
6,1,fd,0.05,4,1,6,1,6,4,0
6,1,fd,0.05,4,2,6,1,6,4,0
6,1,fd,0.05,5,1,6,1,6,4,0
6,1,fd,0.05,5,2,6,1,6,4,0
7,1,weak,0.0,0,1,6,1,6,16,0
7,1,weak,0.0,0,2,6,1,6,16,0
7,1,weak,0.01,1,1,6,1,6,4,0
7,1,weak,0.01,1,2,6,1,6,4,0
7,1,weak,0.01,2,1,6,1,6,4,0
7,1,weak,0.01,2,2,6,1,6,4,0
7,1,weak,0.01,3,1,6,1,6,4,0
7,1,weak,0.01,3,2,6,1,6,4,0
7,1,weak,0.01,4,1,6,1,6,4,0
7,1,weak,0.01,4,2,6,1,6,4,0
7,1,weak,0.01,5,1,6,1,6,4,0
7,1,weak,0.01,5,2,6,1,6,4,0
7,1,weak,0.05,1,1,6,1,6,4,0
7,1,weak,0.05,1,2,6,1,6,4,0
7,1,weak,0.05,2,1,6,1,6,4,0
7,1,weak,0.05,2,2,6,1,6,4,0
7,1,weak,0.05,3,1,6,1,6,4,0
7,1,weak,0.05,3,2,6,1,6,4,0
7,1,weak,0.05,4,1,6,1,6,4,0
7,1,weak,0.05,4,2,6,1,6,4,0
7,1,weak,0.05,5,1,6,1,6,4,0
7,1,weak,0.05,5,2,6,1,6,4,0
7,1,fd,0.0,0,1,6,1,6,16,0
7,1,fd,0.0,0,2,6,1,6,16,0
7,1,fd,0.01,1,1,6,1,6,4,0
7,1,fd,0.01,1,2,6,1,6,4,0
7,1,fd,0.01,2,1,6,1,6,4,0
7,1,fd,0.01,2,2,6,1,6,4,0
7,1,fd,0.01,3,1,6,1,6,4,0
7,1,fd,0.01,3,2,6,1,6,4,0
7,1,fd,0.01,4,1,6,1,6,4,0
7,1,fd,0.01,4,2,6,1,6,4,0
7,1,fd,0.01,5,1,6,1,6,4,0
7,1,fd,0.01,5,2,6,1,6,4,0
7,1,fd,0.05,1,1,6,1,6,4,0
7,1,fd,0.05,1,2,6,1,6,4,0
7,1,fd,0.05,2,1,6,1,6,4,0
7,1,fd,0.05,2,2,6,1,6,4,0
7,1,fd,0.05,3,1,6,1,6,4,0
7,1,fd,0.05,3,2,6,1,6,4,0
7,1,fd,0.05,4,1,6,1,6,4,0
7,1,fd,0.05,4,2,6,1,6,4,0
7,1,fd,0.05,5,1,6,1,6,4,0
7,1,fd,0.05,5,2,6,1,6,4,0
8,1,weak,0.0,0,1,6,1,6,16,0
8,1,weak,0.0,0,2,6,1,6,16,0
8,1,weak,0.01,1,1,6,1,6,4,0
8,1,weak,0.01,1,2,6,1,6,4,0
8,1,weak,0.01,2,1,6,1,6,4,0
8,1,weak,0.01,2,2,6,1,6,4,0
8,1,weak,0.01,3,1,6,1,6,4,0
8,1,weak,0.01,3,2,6,1,6,4,0
8,1,weak,0.01,4,1,6,1,6,4,0
8,1,weak,0.01,4,2,6,1,6,4,0
8,1,weak,0.01,5,1,6,1,6,4,0
8,1,weak,0.01,5,2,6,1,6,4,0
8,1,weak,0.05,1,1,6,1,6,4,0
8,1,weak,0.05,1,2,6,1,6,4,0
8,1,weak,0.05,2,1,6,1,6,4,0
8,1,weak,0.05,2,2,6,1,6,4,0
8,1,weak,0.05,3,1,6,1,6,4,0
8,1,weak,0.05,3,2,6,1,6,4,0
8,1,weak,0.05,4,1,6,1,6,4,0
8,1,weak,0.05,4,2,6,1,6,4,0
8,1,weak,0.05,5,1,6,1,6,4,0
8,1,weak,0.05,5,2,6,1,6,4,0
8,1,fd,0.0,0,1,6,1,6,16,0
8,1,fd,0.0,0,2,6,1,6,16,0
8,1,fd,0.01,1,1,6,1,6,4,0
8,1,fd,0.01,1,2,6,1,6,4,0
8,1,fd,0.01,2,1,6,1,6,4,0
8,1,fd,0.01,2,2,6,1,6,4,0
8,1,fd,0.01,3,1,6,1,6,4,0
8,1,fd,0.01,3,2,6,1,6,4,0
8,1,fd,0.01,4,1,6,1,6,4,0
8,1,fd,0.01,4,2,6,1,6,4,0
8,1,fd,0.01,5,1,6,1,6,4,0
8,1,fd,0.01,5,2,6,1,6,4,0
8,1,fd,0.05,1,1,6,1,6,4,0
8,1,fd,0.05,1,2,6,1,6,4,0
8,1,fd,0.05,2,1,6,1,6,4,0
8,1,fd,0.05,2,2,6,1,6,4,0
8,1,fd,0.05,3,1,6,1,6,4,0
8,1,fd,0.05,3,2,6,1,6,4,0
8,1,fd,0.05,4,1,6,1,6,4,0
8,1,fd,0.05,4,2,6,1,6,4,0
8,1,fd,0.05,5,1,6,1,6,4,0
8,1,fd,0.05,5,2,6,1,6,4,0
9,1,weak,0.0,0,1,6,1,6,16,0
9,1,weak,0.0,0,2,6,1,6,16,0
9,1,weak,0.01,1,1,6,1,6,4,0
9,1,weak,0.01,1,2,6,1,6,4,0
9,1,weak,0.01,2,1,6,1,6,4,0
9,1,weak,0.01,2,2,6,1,6,4,0
9,1,weak,0.01,3,1,6,1,6,4,0
9,1,weak,0.01,3,2,6,1,6,4,0
9,1,weak,0.01,4,1,6,1,6,4,0
9,1,weak,0.01,4,2,6,1,6,4,0
9,1,weak,0.01,5,1,6,1,6,4,0
9,1,weak,0.01,5,2,6,1,6,4,0
9,1,weak,0.05,1,1,6,1,6,4,0
9,1,weak,0.05,1,2,6,1,6,4,0
9,1,weak,0.05,2,1,6,1,6,4,0
9,1,weak,0.05,2,2,6,1,6,4,0
9,1,weak,0.05,3,1,6,1,6,4,0
9,1,weak,0.05,3,2,6,1,6,4,0
9,1,weak,0.05,4,1,6,1,6,4,0
9,1,weak,0.05,4,2,6,1,6,4,0
9,1,weak,0.05,5,1,6,1,6,4,0
9,1,weak,0.05,5,2,6,1,6,4,0
9,1,fd,0.0,0,1,6,1,6,16,0
9,1,fd,0.0,0,2,6,1,6,16,0
9,1,fd,0.01,1,1,6,1,6,4,0
9,1,fd,0.01,1,2,6,1,6,4,0
9,1,fd,0.01,2,1,6,1,6,4,0
9,1,fd,0.01,2,2,6,1,6,4,0
9,1,fd,0.01,3,1,6,1,6,4,0
9,1,fd,0.01,3,2,6,1,6,4,0
9,1,fd,0.01,4,1,6,1,6,4,0
9,1,fd,0.01,4,2,6,1,6,4,0
9,1,fd,0.01,5,1,6,1,6,4,0
9,1,fd,0.01,5,2,6,1,6,4,0
9,1,fd,0.05,1,1,6,1,6,4,0
9,1,fd,0.05,1,2,6,1,6,4,0
9,1,fd,0.05,2,1,6,1,6,4,0
9,1,fd,0.05,2,2,6,1,6,4,0
9,1,fd,0.05,3,1,6,1,6,4,0
9,1,fd,0.05,3,2,6,1,6,4,0
9,1,fd,0.05,4,1,6,1,6,4,0
9,1,fd,0.05,4,2,6,1,6,4,0
9,1,fd,0.05,5,1,6,1,6,4,0
9,1,fd,0.05,5,2,6,1,6,4,0
10,1,weak,0.0,0,1,6,1,6,16,0
10,1,weak,0.0,0,2,6,1,6,16,0
10,1,weak,0.01,1,1,6,1,6,4,0
10,1,weak,0.01,1,2,6,1,6,4,0
10,1,weak,0.01,2,1,6,1,6,4,0
10,1,weak,0.01,2,2,6,1,6,4,0
10,1,weak,0.01,3,1,6,1,6,4,0
10,1,weak,0.01,3,2,6,1,6,4,0
10,1,weak,0.01,4,1,6,1,6,4,0
10,1,weak,0.01,4,2,6,1,6,4,0
10,1,weak,0.01,5,1,6,1,6,4,0
10,1,weak,0.01,5,2,6,1,6,4,0
10,1,weak,0.05,1,1,6,1,6,4,0
10,1,weak,0.05,1,2,6,1,6,4,0
10,1,weak,0.05,2,1,6,1,6,4,0
10,1,weak,0.05,2,2,6,1,6,4,0
10,1,weak,0.05,3,1,6,1,6,4,0
10,1,weak,0.05,3,2,6,1,6,4,0
10,1,weak,0.05,4,1,6,1,6,4,0
10,1,weak,0.05,4,2,6,1,6,4,0
10,1,weak,0.05,5,1,6,1,6,4,0
10,1,weak,0.05,5,2,6,1,6,4,0
10,1,fd,0.0,0,1,6,1,6,16,0
10,1,fd,0.0,0,2,6,1,6,16,0
10,1,fd,0.01,1,1,6,1,6,4,0
10,1,fd,0.01,1,2,6,1,6,4,0
10,1,fd,0.01,2,1,6,1,6,4,0
10,1,fd,0.01,2,2,6,1,6,4,0
10,1,fd,0.01,3,1,6,1,6,4,0
10,1,fd,0.01,3,2,6,1,6,4,0
10,1,fd,0.01,4,1,6,1,6,4,0
10,1,fd,0.01,4,2,6,1,6,4,0
10,1,fd,0.01,5,1,6,1,6,4,0
10,1,fd,0.01,5,2,6,1,6,4,0
10,1,fd,0.05,1,1,6,1,6,4,0
10,1,fd,0.05,1,2,6,1,6,4,0
10,1,fd,0.05,2,1,6,1,6,4,0
10,1,fd,0.05,2,2,6,1,6,4,0
10,1,fd,0.05,3,1,6,1,6,4,0
10,1,fd,0.05,3,2,6,1,6,4,0
10,1,fd,0.05,4,1,6,1,6,4,0
10,1,fd,0.05,4,2,6,1,6,4,0
10,1,fd,0.05,5,1,6,1,6,4,0
10,1,fd,0.05,5,2,6,1,6,4,0
11,1,weak,0.0,0,1,6,1,6,16,0
11,1,weak,0.0,0,2,6,1,6,16,0
11,1,weak,0.01,1,1,6,1,6,4,0
11,1,weak,0.01,1,2,6,1,6,4,0
11,1,weak,0.01,2,1,6,1,6,4,0
11,1,weak,0.01,2,2,6,1,6,4,0
11,1,weak,0.01,3,1,6,1,6,4,0
11,1,weak,0.01,3,2,6,1,6,4,0
11,1,weak,0.01,4,1,6,1,6,4,0
11,1,weak,0.01,4,2,6,1,6,4,0
11,1,weak,0.01,5,1,6,1,6,4,0
11,1,weak,0.01,5,2,6,1,6,4,0
11,1,weak,0.05,1,1,6,1,6,4,0
11,1,weak,0.05,1,2,6,1,6,4,0
11,1,weak,0.05,2,1,6,1,6,4,0
11,1,weak,0.05,2,2,6,1,6,4,0
11,1,weak,0.05,3,1,6,1,6,4,0
11,1,weak,0.05,3,2,6,1,6,4,0
11,1,weak,0.05,4,1,6,1,6,4,0
11,1,weak,0.05,4,2,6,1,6,4,0
11,1,weak,0.05,5,1,6,1,6,4,0
11,1,weak,0.05,5,2,6,1,6,4,0
11,1,fd,0.0,0,1,6,1,6,16,0
11,1,fd,0.0,0,2,6,1,6,16,0
11,1,fd,0.01,1,1,6,1,6,4,0
11,1,fd,0.01,1,2,6,1,6,4,0
11,1,fd,0.01,2,1,6,1,6,4,0
11,1,fd,0.01,2,2,6,1,6,4,0
11,1,fd,0.01,3,1,6,1,6,4,0
11,1,fd,0.01,3,2,6,1,6,4,0
11,1,fd,0.01,4,1,6,1,6,4,0
11,1,fd,0.01,4,2,6,1,6,4,0
11,1,fd,0.01,5,1,6,1,6,4,0
11,1,fd,0.01,5,2,6,1,6,4,0
11,1,fd,0.05,1,1,6,1,6,4,0
11,1,fd,0.05,1,2,6,1,6,4,0
11,1,fd,0.05,2,1,6,1,6,4,0
11,1,fd,0.05,2,2,6,1,6,4,0
11,1,fd,0.05,3,1,6,1,6,4,0
11,1,fd,0.05,3,2,6,1,6,4,0
11,1,fd,0.05,4,1,6,1,6,4,0
11,1,fd,0.05,4,2,6,1,6,4,0
11,1,fd,0.05,5,1,6,1,6,4,0
11,1,fd,0.05,5,2,6,1,6,4,0
12,1,weak,0.0,0,1,6,1,6,16,0
12,1,weak,0.0,0,2,6,1,6,16,0
12,1,weak,0.01,1,1,6,1,6,4,0
12,1,weak,0.01,1,2,6,1,6,4,0
12,1,weak,0.01,2,1,6,1,6,4,0
12,1,weak,0.01,2,2,6,1,6,4,0
12,1,weak,0.01,3,1,6,1,6,4,0
12,1,weak,0.01,3,2,6,1,6,4,0
12,1,weak,0.01,4,1,6,1,6,4,0
12,1,weak,0.01,4,2,6,1,6,4,0
12,1,weak,0.01,5,1,6,1,6,4,0
12,1,weak,0.01,5,2,6,1,6,4,0
12,1,weak,0.05,1,1,6,1,6,4,0
12,1,weak,0.05,1,2,6,1,6,4,0
12,1,weak,0.05,2,1,6,1,6,4,0
12,1,weak,0.05,2,2,6,1,6,4,0
12,1,weak,0.05,3,1,6,1,6,4,0
12,1,weak,0.05,3,2,6,1,6,4,0
12,1,weak,0.05,4,1,6,1,6,4,0
12,1,weak,0.05,4,2,6,1,6,4,0
12,1,weak,0.05,5,1,6,1,6,4,0
12,1,weak,0.05,5,2,6,1,6,4,0
12,1,fd,0.0,0,1,6,1,6,16,0
12,1,fd,0.0,0,2,6,1,6,16,0
12,1,fd,0.01,1,1,6,1,6,4,0
12,1,fd,0.01,1,2,6,1,6,4,0
12,1,fd,0.01,2,1,6,1,6,4,0
12,1,fd,0.01,2,2,6,1,6,4,0
12,1,fd,0.01,3,1,6,1,6,4,0
12,1,fd,0.01,3,2,6,1,6,4,0
12,1,fd,0.01,4,1,6,1,6,4,0
12,1,fd,0.01,4,2,6,1,6,4,0
12,1,fd,0.01,5,1,6,1,6,4,0
12,1,fd,0.01,5,2,6,1,6,4,0
12,1,fd,0.05,1,1,6,1,6,4,0
12,1,fd,0.05,1,2,6,1,6,4,0
12,1,fd,0.05,2,1,6,1,6,4,0
12,1,fd,0.05,2,2,6,1,6,4,0
12,1,fd,0.05,3,1,6,1,6,4,0
12,1,fd,0.05,3,2,6,1,6,4,0
12,1,fd,0.05,4,1,6,1,6,4,0
12,1,fd,0.05,4,2,6,1,6,4,0
12,1,fd,0.05,5,1,6,1,6,4,0
12,1,fd,0.05,5,2,6,1,6,4,0
13,1,weak,0.0,0,1,6,1,6,16,0
13,1,weak,0.0,0,2,6,1,6,16,0
13,1,weak,0.01,1,1,6,1,6,4,0
13,1,weak,0.01,1,2,6,1,6,4,0
13,1,weak,0.01,2,1,6,1,6,4,0
13,1,weak,0.01,2,2,6,1,6,4,0
13,1,weak,0.01,3,1,6,1,6,4,0
13,1,weak,0.01,3,2,6,1,6,4,0
13,1,weak,0.01,4,1,6,1,6,4,0
13,1,weak,0.01,4,2,6,1,6,4,0
13,1,weak,0.01,5,1,6,1,6,4,0
13,1,weak,0.01,5,2,6,1,6,4,0
13,1,weak,0.05,1,1,6,1,6,4,0
13,1,weak,0.05,1,2,6,1,6,4,0
13,1,weak,0.05,2,1,6,1,6,4,0
13,1,weak,0.05,2,2,6,1,6,4,0
13,1,weak,0.05,3,1,6,1,6,4,0
13,1,weak,0.05,3,2,6,1,6,4,0
13,1,weak,0.05,4,1,6,1,6,4,0
13,1,weak,0.05,4,2,6,1,6,4,0
13,1,weak,0.05,5,1,6,1,6,4,0
13,1,weak,0.05,5,2,6,1,6,4,0
13,1,fd,0.0,0,1,6,1,6,16,0
13,1,fd,0.0,0,2,6,1,6,16,0
13,1,fd,0.01,1,1,6,1,6,4,0
13,1,fd,0.01,1,2,6,1,6,4,0
13,1,fd,0.01,2,1,6,1,6,4,0
13,1,fd,0.01,2,2,6,1,6,4,0
13,1,fd,0.01,3,1,6,1,6,4,0
13,1,fd,0.01,3,2,6,1,6,4,0
13,1,fd,0.01,4,1,6,1,6,4,0
13,1,fd,0.01,4,2,6,1,6,4,0
13,1,fd,0.01,5,1,6,1,6,4,0
13,1,fd,0.01,5,2,6,1,6,4,0
13,1,fd,0.05,1,1,6,1,6,4,0
13,1,fd,0.05,1,2,6,1,6,4,0
13,1,fd,0.05,2,1,6,1,6,4,0
13,1,fd,0.05,2,2,6,1,6,4,0
13,1,fd,0.05,3,1,6,1,6,4,0
13,1,fd,0.05,3,2,6,1,6,4,0
13,1,fd,0.05,4,1,6,1,6,4,0
13,1,fd,0.05,4,2,6,1,6,4,0
13,1,fd,0.05,5,1,6,1,6,4,0
13,1,fd,0.05,5,2,6,1,6,4,0
14,1,weak,0.0,0,1,6,1,6,16,0
14,1,weak,0.0,0,2,6,1,6,16,0
14,1,weak,0.01,1,1,6,1,6,4,0
14,1,weak,0.01,1,2,6,1,6,4,0
14,1,weak,0.01,2,1,6,1,6,4,0
14,1,weak,0.01,2,2,6,1,6,4,0
14,1,weak,0.01,3,1,6,1,6,4,0
14,1,weak,0.01,3,2,6,1,6,4,0
14,1,weak,0.01,4,1,6,1,6,4,0
14,1,weak,0.01,4,2,6,1,6,4,0
14,1,weak,0.01,5,1,6,1,6,4,0
14,1,weak,0.01,5,2,6,1,6,4,0
14,1,weak,0.05,1,1,6,1,6,4,0
14,1,weak,0.05,1,2,6,1,6,4,0
14,1,weak,0.05,2,1,6,1,6,4,0
14,1,weak,0.05,2,2,6,1,6,4,0
14,1,weak,0.05,3,1,6,1,6,4,0
14,1,weak,0.05,3,2,6,1,6,4,0
14,1,weak,0.05,4,1,6,1,6,4,0
14,1,weak,0.05,4,2,6,1,6,4,0
14,1,weak,0.05,5,1,6,1,6,4,0
14,1,weak,0.05,5,2,6,1,6,4,0
14,1,fd,0.0,0,1,6,1,6,16,0
14,1,fd,0.0,0,2,6,1,6,16,0
14,1,fd,0.01,1,1,6,1,6,4,0
14,1,fd,0.01,1,2,6,1,6,4,0
14,1,fd,0.01,2,1,6,1,6,4,0
14,1,fd,0.01,2,2,6,1,6,4,0
14,1,fd,0.01,3,1,6,1,6,4,0
14,1,fd,0.01,3,2,6,1,6,4,0
14,1,fd,0.01,4,1,6,1,6,4,0
14,1,fd,0.01,4,2,6,1,6,4,0
14,1,fd,0.01,5,1,6,1,6,4,0
14,1,fd,0.01,5,2,6,1,6,4,0
14,1,fd,0.05,1,1,6,1,6,4,0
14,1,fd,0.05,1,2,6,1,6,4,0
14,1,fd,0.05,2,1,6,1,6,4,0
14,1,fd,0.05,2,2,6,1,6,4,0
14,1,fd,0.05,3,1,6,1,6,4,0
14,1,fd,0.05,3,2,6,1,6,4,0
14,1,fd,0.05,4,1,6,1,6,4,0
14,1,fd,0.05,4,2,6,1,6,4,0
14,1,fd,0.05,5,1,6,1,6,4,0
14,1,fd,0.05,5,2,6,1,6,4,0
15,1,weak,0.0,0,1,6,1,6,16,0
15,1,weak,0.0,0,2,6,1,6,16,0
15,1,weak,0.01,1,1,6,1,6,4,0
15,1,weak,0.01,1,2,6,1,6,4,0
15,1,weak,0.01,2,1,6,1,6,4,0
15,1,weak,0.01,2,2,6,1,6,4,0
15,1,weak,0.01,3,1,6,1,6,4,0
15,1,weak,0.01,3,2,6,1,6,4,0
15,1,weak,0.01,4,1,6,1,6,4,0
15,1,weak,0.01,4,2,6,1,6,4,0
15,1,weak,0.01,5,1,6,1,6,4,0
15,1,weak,0.01,5,2,6,1,6,4,0
15,1,weak,0.05,1,1,6,1,6,4,0
15,1,weak,0.05,1,2,6,1,6,4,0
15,1,weak,0.05,2,1,6,1,6,4,0
15,1,weak,0.05,2,2,6,1,6,4,0
15,1,weak,0.05,3,1,6,1,6,4,0
15,1,weak,0.05,3,2,6,1,6,4,0
15,1,weak,0.05,4,1,6,1,6,4,0
15,1,weak,0.05,4,2,6,1,6,4,0
15,1,weak,0.05,5,1,6,1,6,4,0
15,1,weak,0.05,5,2,6,1,6,4,0
15,1,fd,0.0,0,1,6,1,6,16,0
15,1,fd,0.0,0,2,6,1,6,16,0
15,1,fd,0.01,1,1,6,1,6,4,0
15,1,fd,0.01,1,2,6,1,6,4,0
15,1,fd,0.01,2,1,6,1,6,4,0
15,1,fd,0.01,2,2,6,1,6,4,0
15,1,fd,0.01,3,1,6,1,6,4,0
15,1,fd,0.01,3,2,6,1,6,4,0
15,1,fd,0.01,4,1,6,1,6,4,0
15,1,fd,0.01,4,2,6,1,6,4,0
15,1,fd,0.01,5,1,6,1,6,4,0
15,1,fd,0.01,5,2,6,1,6,4,0
15,1,fd,0.05,1,1,6,1,6,4,0
15,1,fd,0.05,1,2,6,1,6,4,0
15,1,fd,0.05,2,1,6,1,6,4,0
15,1,fd,0.05,2,2,6,1,6,4,0
15,1,fd,0.05,3,1,6,1,6,4,0
15,1,fd,0.05,3,2,6,1,6,4,0
15,1,fd,0.05,4,1,6,1,6,4,0
15,1,fd,0.05,4,2,6,1,6,4,0
15,1,fd,0.05,5,1,6,1,6,4,0
15,1,fd,0.05,5,2,6,1,6,4,0
16,1,weak,0.0,0,1,6,1,6,16,0
16,1,weak,0.0,0,2,6,1,6,16,0
16,1,weak,0.01,1,1,6,1,6,4,0
16,1,weak,0.01,1,2,6,1,6,4,0
16,1,weak,0.01,2,1,6,1,6,4,0
16,1,weak,0.01,2,2,6,1,6,4,0
16,1,weak,0.01,3,1,6,1,6,4,0
16,1,weak,0.01,3,2,6,1,6,4,0
16,1,weak,0.01,4,1,6,1,6,4,0
16,1,weak,0.01,4,2,6,1,6,4,0
16,1,weak,0.01,5,1,6,1,6,4,0
16,1,weak,0.01,5,2,6,1,6,4,0
16,1,weak,0.05,1,1,6,1,6,4,0
16,1,weak,0.05,1,2,6,1,6,4,0
16,1,weak,0.05,2,1,6,1,6,4,0
16,1,weak,0.05,2,2,6,1,6,4,0
16,1,weak,0.05,3,1,6,1,6,4,0
16,1,weak,0.05,3,2,6,1,6,4,0
16,1,weak,0.05,4,1,6,1,6,4,0
16,1,weak,0.05,4,2,6,1,6,4,0
16,1,weak,0.05,5,1,6,1,6,4,0
16,1,weak,0.05,5,2,6,1,6,4,0
16,1,fd,0.0,0,1,6,1,6,16,0
16,1,fd,0.0,0,2,6,1,6,16,0
16,1,fd,0.01,1,1,6,1,6,4,0
16,1,fd,0.01,1,2,6,1,6,4,0
16,1,fd,0.01,2,1,6,1,6,4,0
16,1,fd,0.01,2,2,6,1,6,4,0
16,1,fd,0.01,3,1,6,1,6,4,0
16,1,fd,0.01,3,2,6,1,6,4,0
16,1,fd,0.01,4,1,6,1,6,4,0
16,1,fd,0.01,4,2,6,1,6,4,0
16,1,fd,0.01,5,1,6,1,6,4,0
16,1,fd,0.01,5,2,6,1,6,4,0
16,1,fd,0.05,1,1,6,1,6,4,0
16,1,fd,0.05,1,2,6,1,6,4,0
16,1,fd,0.05,2,1,6,1,6,4,0
16,1,fd,0.05,2,2,6,1,6,4,0
16,1,fd,0.05,3,1,6,1,6,4,0
16,1,fd,0.05,3,2,6,1,6,4,0
16,1,fd,0.05,4,1,6,1,6,4,0
16,1,fd,0.05,4,2,6,1,6,4,0
16,1,fd,0.05,5,1,6,1,6,4,0
16,1,fd,0.05,5,2,6,1,6,4,0
17,1,weak,0.0,0,1,6,1,6,16,0
17,1,weak,0.0,0,2,6,1,6,16,0
17,1,weak,0.01,1,1,6,1,6,4,0
17,1,weak,0.01,1,2,6,1,6,4,0
17,1,weak,0.01,2,1,6,1,6,4,0
17,1,weak,0.01,2,2,6,1,6,4,0
17,1,weak,0.01,3,1,6,1,6,4,0
17,1,weak,0.01,3,2,6,1,6,4,0
17,1,weak,0.01,4,1,6,1,6,4,0
17,1,weak,0.01,4,2,6,1,6,4,0
17,1,weak,0.01,5,1,6,1,6,4,0
17,1,weak,0.01,5,2,6,1,6,4,0
17,1,weak,0.05,1,1,6,1,6,4,0
17,1,weak,0.05,1,2,6,1,6,4,0
17,1,weak,0.05,2,1,6,1,6,4,0
17,1,weak,0.05,2,2,6,1,6,4,0
17,1,weak,0.05,3,1,6,1,6,4,0
17,1,weak,0.05,3,2,6,1,6,4,0
17,1,weak,0.05,4,1,6,1,6,4,0
17,1,weak,0.05,4,2,6,1,6,4,0
17,1,weak,0.05,5,1,6,1,6,4,0
17,1,weak,0.05,5,2,6,1,6,4,0
17,1,fd,0.0,0,1,6,1,6,16,0
17,1,fd,0.0,0,2,6,1,6,16,0
17,1,fd,0.01,1,1,6,1,6,4,0
17,1,fd,0.01,1,2,6,1,6,4,0
17,1,fd,0.01,2,1,6,1,6,4,0
17,1,fd,0.01,2,2,6,1,6,4,0
17,1,fd,0.01,3,1,6,1,6,4,0
17,1,fd,0.01,3,2,6,1,6,4,0
17,1,fd,0.01,4,1,6,1,6,4,0
17,1,fd,0.01,4,2,6,1,6,4,0
17,1,fd,0.01,5,1,6,1,6,4,0
17,1,fd,0.01,5,2,6,1,6,4,0
17,1,fd,0.05,1,1,6,1,6,4,0
17,1,fd,0.05,1,2,6,1,6,4,0
17,1,fd,0.05,2,1,6,1,6,4,0
17,1,fd,0.05,2,2,6,1,6,4,0
17,1,fd,0.05,3,1,6,1,6,4,0
17,1,fd,0.05,3,2,6,1,6,4,0
17,1,fd,0.05,4,1,6,1,6,4,0
17,1,fd,0.05,4,2,6,1,6,4,0
17,1,fd,0.05,5,1,6,1,6,4,0
17,1,fd,0.05,5,2,6,1,6,4,0
18,1,weak,0.0,0,1,6,1,6,16,0
18,1,weak,0.0,0,2,6,1,6,16,0
18,1,weak,0.01,1,1,6,1,6,4,0
18,1,weak,0.01,1,2,6,1,6,4,0
18,1,weak,0.01,2,1,6,1,6,4,0
18,1,weak,0.01,2,2,6,1,6,4,0
18,1,weak,0.01,3,1,6,1,6,4,0
18,1,weak,0.01,3,2,6,1,6,4,0
18,1,weak,0.01,4,1,6,1,6,4,0
18,1,weak,0.01,4,2,6,1,6,4,0
18,1,weak,0.01,5,1,6,1,6,4,0
18,1,weak,0.01,5,2,6,1,6,4,0
18,1,weak,0.05,1,1,6,1,6,4,0
18,1,weak,0.05,1,2,6,1,6,4,0
18,1,weak,0.05,2,1,6,1,6,4,0
18,1,weak,0.05,2,2,6,1,6,4,0
18,1,weak,0.05,3,1,6,1,6,4,0
18,1,weak,0.05,3,2,6,1,6,4,0
18,1,weak,0.05,4,1,6,1,6,4,0
18,1,weak,0.05,4,2,6,1,6,4,0
18,1,weak,0.05,5,1,6,1,6,4,0
18,1,weak,0.05,5,2,6,1,6,4,0
18,1,fd,0.0,0,1,6,1,6,16,0
18,1,fd,0.0,0,2,6,1,6,16,0
18,1,fd,0.01,1,1,6,1,6,4,0
18,1,fd,0.01,1,2,6,1,6,4,0
18,1,fd,0.01,2,1,6,1,6,4,0
18,1,fd,0.01,2,2,6,1,6,4,0
18,1,fd,0.01,3,1,6,1,6,4,0
18,1,fd,0.01,3,2,6,1,6,4,0
18,1,fd,0.01,4,1,6,1,6,4,0
18,1,fd,0.01,4,2,6,1,6,4,0
18,1,fd,0.01,5,1,6,1,6,4,0
18,1,fd,0.01,5,2,6,1,6,4,0
18,1,fd,0.05,1,1,6,1,6,4,0
18,1,fd,0.05,1,2,6,1,6,4,0
18,1,fd,0.05,2,1,6,1,6,4,0
18,1,fd,0.05,2,2,6,1,6,4,0
18,1,fd,0.05,3,1,6,1,6,4,0
18,1,fd,0.05,3,2,6,1,6,4,0
18,1,fd,0.05,4,1,6,1,6,4,0
18,1,fd,0.05,4,2,6,1,6,4,0
18,1,fd,0.05,5,1,6,1,6,4,0
18,1,fd,0.05,5,2,6,1,6,4,0
19,1,weak,0.0,0,1,6,1,6,16,0
19,1,weak,0.0,0,2,6,1,6,16,0
19,1,weak,0.01,1,1,6,1,6,4,0
19,1,weak,0.01,1,2,6,1,6,4,0
19,1,weak,0.01,2,1,6,1,6,4,0
19,1,weak,0.01,2,2,6,1,6,4,0
19,1,weak,0.01,3,1,6,1,6,4,0
19,1,weak,0.01,3,2,6,1,6,4,0
19,1,weak,0.01,4,1,6,1,6,4,0
19,1,weak,0.01,4,2,6,1,6,4,0
19,1,weak,0.01,5,1,6,1,6,4,0
19,1,weak,0.01,5,2,6,1,6,4,0
19,1,weak,0.05,1,1,6,1,6,4,0
19,1,weak,0.05,1,2,6,1,6,4,0
19,1,weak,0.05,2,1,6,1,6,4,0
19,1,weak,0.05,2,2,6,1,6,4,0
19,1,weak,0.05,3,1,6,1,6,4,0
19,1,weak,0.05,3,2,6,1,6,4,0
19,1,weak,0.05,4,1,6,1,6,4,0
19,1,weak,0.05,4,2,6,1,6,4,0
19,1,weak,0.05,5,1,6,1,6,4,0
19,1,weak,0.05,5,2,6,1,6,4,0
19,1,fd,0.0,0,1,6,1,6,16,0
19,1,fd,0.0,0,2,6,1,6,16,0
19,1,fd,0.01,1,1,6,1,6,4,0
19,1,fd,0.01,1,2,6,1,6,4,0
19,1,fd,0.01,2,1,6,1,6,4,0
19,1,fd,0.01,2,2,6,1,6,4,0
19,1,fd,0.01,3,1,6,1,6,4,0
19,1,fd,0.01,3,2,6,1,6,4,0
19,1,fd,0.01,4,1,6,1,6,4,0
19,1,fd,0.01,4,2,6,1,6,4,0
19,1,fd,0.01,5,1,6,1,6,4,0
19,1,fd,0.01,5,2,6,1,6,4,0
19,1,fd,0.05,1,1,6,1,6,4,0
19,1,fd,0.05,1,2,6,1,6,4,0
19,1,fd,0.05,2,1,6,1,6,4,0
19,1,fd,0.05,2,2,6,1,6,4,0
19,1,fd,0.05,3,1,6,1,6,4,0
19,1,fd,0.05,3,2,6,1,6,4,0
19,1,fd,0.05,4,1,6,1,6,4,0
19,1,fd,0.05,4,2,6,1,6,4,0
19,1,fd,0.05,5,1,6,1,6,4,0
19,1,fd,0.05,5,2,6,1,6,4,0
20,1,weak,0.0,0,1,6,1,6,16,0
20,1,weak,0.0,0,2,6,1,6,16,0
20,1,weak,0.01,1,1,6,1,6,4,0
20,1,weak,0.01,1,2,6,1,6,4,0
20,1,weak,0.01,2,1,6,1,6,4,0
20,1,weak,0.01,2,2,6,1,6,4,0
20,1,weak,0.01,3,1,6,1,6,4,0
20,1,weak,0.01,3,2,6,1,6,4,0
20,1,weak,0.01,4,1,6,1,6,4,0
20,1,weak,0.01,4,2,6,1,6,4,0
20,1,weak,0.01,5,1,6,1,6,4,0
20,1,weak,0.01,5,2,6,1,6,4,0
20,1,weak,0.05,1,1,6,1,6,4,0
20,1,weak,0.05,1,2,6,1,6,4,0
20,1,weak,0.05,2,1,6,1,6,4,0
20,1,weak,0.05,2,2,6,1,6,4,0
20,1,weak,0.05,3,1,6,1,6,4,0
20,1,weak,0.05,3,2,6,1,6,4,0
20,1,weak,0.05,4,1,6,1,6,4,0
20,1,weak,0.05,4,2,6,1,6,4,0
20,1,weak,0.05,5,1,6,1,6,4,0
20,1,weak,0.05,5,2,6,1,6,4,0
20,1,fd,0.0,0,1,6,1,6,16,0
20,1,fd,0.0,0,2,6,1,6,16,0
20,1,fd,0.01,1,1,6,1,6,4,0
20,1,fd,0.01,1,2,6,1,6,4,0
20,1,fd,0.01,2,1,6,1,6,4,0
20,1,fd,0.01,2,2,6,1,6,4,0
20,1,fd,0.01,3,1,6,1,6,4,0
20,1,fd,0.01,3,2,6,1,6,4,0
20,1,fd,0.01,4,1,6,1,6,4,0
20,1,fd,0.01,4,2,6,1,6,4,0
20,1,fd,0.01,5,1,6,1,6,4,0
20,1,fd,0.01,5,2,6,1,6,4,0
20,1,fd,0.05,1,1,6,1,6,4,0
20,1,fd,0.05,1,2,6,1,6,4,0
20,1,fd,0.05,2,1,6,1,6,4,0
20,1,fd,0.05,2,2,6,1,6,4,0
20,1,fd,0.05,3,1,6,1,6,4,0
20,1,fd,0.05,3,2,6,1,6,4,0
20,1,fd,0.05,4,1,6,1,6,4,0
20,1,fd,0.05,4,2,6,1,6,4,0
20,1,fd,0.05,5,1,6,1,6,4,0
20,1,fd,0.05,5,2,6,1,6,4,0
21,1,weak,0.0,0,1,6,1,6,16,0
21,1,weak,0.0,0,2,6,1,6,16,0
21,1,weak,0.01,1,1,6,1,6,4,0
21,1,weak,0.01,1,2,6,1,6,4,0
21,1,weak,0.01,2,1,6,1,6,4,0
21,1,weak,0.01,2,2,6,1,6,4,0
21,1,weak,0.01,3,1,6,1,6,4,0
21,1,weak,0.01,3,2,6,1,6,4,0
21,1,weak,0.01,4,1,6,1,6,4,0
21,1,weak,0.01,4,2,6,1,6,4,0
21,1,weak,0.01,5,1,6,1,6,4,0
21,1,weak,0.01,5,2,6,1,6,4,0
21,1,weak,0.05,1,1,6,1,6,4,0
21,1,weak,0.05,1,2,6,1,6,4,0
21,1,weak,0.05,2,1,6,1,6,4,0
21,1,weak,0.05,2,2,6,1,6,4,0
21,1,weak,0.05,3,1,6,1,6,4,0
21,1,weak,0.05,3,2,6,1,6,4,0
21,1,weak,0.05,4,1,6,1,6,4,0
21,1,weak,0.05,4,2,6,1,6,4,0
21,1,weak,0.05,5,1,6,1,6,4,0
21,1,weak,0.05,5,2,6,1,6,4,0
21,1,fd,0.0,0,1,6,1,6,16,0
21,1,fd,0.0,0,2,6,1,6,16,0
21,1,fd,0.01,1,1,6,1,6,4,0
21,1,fd,0.01,1,2,6,1,6,4,0
21,1,fd,0.01,2,1,6,1,6,4,0
21,1,fd,0.01,2,2,6,1,6,4,0
21,1,fd,0.01,3,1,6,1,6,4,0
21,1,fd,0.01,3,2,6,1,6,4,0
21,1,fd,0.01,4,1,6,1,6,4,0
21,1,fd,0.01,4,2,6,1,6,4,0
21,1,fd,0.01,5,1,6,1,6,4,0
21,1,fd,0.01,5,2,6,1,6,4,0
21,1,fd,0.05,1,1,6,1,6,4,0
21,1,fd,0.05,1,2,6,1,6,4,0
21,1,fd,0.05,2,1,6,1,6,4,0
21,1,fd,0.05,2,2,6,1,6,4,0
21,1,fd,0.05,3,1,6,1,6,4,0
21,1,fd,0.05,3,2,6,1,6,4,0
21,1,fd,0.05,4,1,6,1,6,4,0
21,1,fd,0.05,4,2,6,1,6,4,0
21,1,fd,0.05,5,1,6,1,6,4,0
21,1,fd,0.05,5,2,6,1,6,4,0
22,1,weak,0.0,0,1,6,1,6,16,0
22,1,weak,0.0,0,2,6,1,6,16,0
22,1,weak,0.01,1,1,6,1,6,4,0
22,1,weak,0.01,1,2,6,1,6,4,0
22,1,weak,0.01,2,1,6,1,6,4,0
22,1,weak,0.01,2,2,6,1,6,4,0
22,1,weak,0.01,3,1,6,1,6,4,0
22,1,weak,0.01,3,2,6,1,6,4,0
22,1,weak,0.01,4,1,6,1,6,4,0
22,1,weak,0.01,4,2,6,1,6,4,0
22,1,weak,0.01,5,1,6,1,6,4,0
22,1,weak,0.01,5,2,6,1,6,4,0
22,1,weak,0.05,1,1,6,1,6,4,0
22,1,weak,0.05,1,2,6,1,6,4,0
22,1,weak,0.05,2,1,6,1,6,4,0
22,1,weak,0.05,2,2,6,1,6,4,0
22,1,weak,0.05,3,1,6,1,6,4,0
22,1,weak,0.05,3,2,6,1,6,4,0
22,1,weak,0.05,4,1,6,1,6,4,0
22,1,weak,0.05,4,2,6,1,6,4,0
22,1,weak,0.05,5,1,6,1,6,4,0
22,1,weak,0.05,5,2,6,1,6,4,0
22,1,fd,0.0,0,1,6,1,6,16,0
22,1,fd,0.0,0,2,6,1,6,16,0
22,1,fd,0.01,1,1,6,1,6,4,0
22,1,fd,0.01,1,2,6,1,6,4,0
22,1,fd,0.01,2,1,6,1,6,4,0
22,1,fd,0.01,2,2,6,1,6,4,0
22,1,fd,0.01,3,1,6,1,6,4,0
22,1,fd,0.01,3,2,6,1,6,4,0
22,1,fd,0.01,4,1,6,1,6,4,0
22,1,fd,0.01,4,2,6,1,6,4,0
22,1,fd,0.01,5,1,6,1,6,4,0
22,1,fd,0.01,5,2,6,1,6,4,0
22,1,fd,0.05,1,1,6,1,6,4,0
22,1,fd,0.05,1,2,6,1,6,4,0
22,1,fd,0.05,2,1,6,1,6,4,0
22,1,fd,0.05,2,2,6,1,6,4,0
22,1,fd,0.05,3,1,6,1,6,4,0
22,1,fd,0.05,3,2,6,1,6,4,0
22,1,fd,0.05,4,1,6,1,6,4,0
22,1,fd,0.05,4,2,6,1,6,4,0
22,1,fd,0.05,5,1,6,1,6,4,0
22,1,fd,0.05,5,2,6,1,6,4,0
23,1,weak,0.0,0,1,6,1,6,16,0
23,1,weak,0.0,0,2,6,1,6,16,0
23,1,weak,0.01,1,1,6,1,6,4,0
23,1,weak,0.01,1,2,6,1,6,4,0
23,1,weak,0.01,2,1,6,1,6,4,0
23,1,weak,0.01,2,2,6,1,6,4,0
23,1,weak,0.01,3,1,6,1,6,4,0
23,1,weak,0.01,3,2,6,1,6,4,0
23,1,weak,0.01,4,1,6,1,6,4,0
23,1,weak,0.01,4,2,6,1,6,4,0
23,1,weak,0.01,5,1,6,1,6,4,0
23,1,weak,0.01,5,2,6,1,6,4,0
23,1,weak,0.05,1,1,6,1,6,4,0
23,1,weak,0.05,1,2,6,1,6,4,0
23,1,weak,0.05,2,1,6,1,6,4,0
23,1,weak,0.05,2,2,6,1,6,4,0
23,1,weak,0.05,3,1,6,1,6,4,0
23,1,weak,0.05,3,2,6,1,6,4,0
23,1,weak,0.05,4,1,6,1,6,4,0
23,1,weak,0.05,4,2,6,1,6,4,0
23,1,weak,0.05,5,1,6,1,6,4,0
23,1,weak,0.05,5,2,6,1,6,4,0
23,1,fd,0.0,0,1,6,1,6,16,0
23,1,fd,0.0,0,2,6,1,6,16,0
23,1,fd,0.01,1,1,6,1,6,4,0
23,1,fd,0.01,1,2,6,1,6,4,0
23,1,fd,0.01,2,1,6,1,6,4,0
23,1,fd,0.01,2,2,6,1,6,4,0
23,1,fd,0.01,3,1,6,1,6,4,0
23,1,fd,0.01,3,2,6,1,6,4,0
23,1,fd,0.01,4,1,6,1,6,4,0
23,1,fd,0.01,4,2,6,1,6,4,0
23,1,fd,0.01,5,1,6,1,6,4,0
23,1,fd,0.01,5,2,6,1,6,4,0
23,1,fd,0.05,1,1,6,1,6,4,0
23,1,fd,0.05,1,2,6,1,6,4,0
23,1,fd,0.05,2,1,6,1,6,4,0
23,1,fd,0.05,2,2,6,1,6,4,0
23,1,fd,0.05,3,1,6,1,6,4,0
23,1,fd,0.05,3,2,6,1,6,4,0
23,1,fd,0.05,4,1,6,1,6,4,0
23,1,fd,0.05,4,2,6,1,6,4,0
23,1,fd,0.05,5,1,6,1,6,4,0
23,1,fd,0.05,5,2,6,1,6,4,0
24,2,weak,0.0,0,1,12,2,24,28,0
24,2,weak,0.0,0,2,12,2,24,28,0
24,2,weak,0.01,1,1,12,2,24,4,0
24,2,weak,0.01,1,2,12,2,24,4,0
24,2,weak,0.01,2,1,12,2,24,4,0
24,2,weak,0.01,2,2,12,2,24,4,0
24,2,weak,0.01,3,1,12,2,24,4,0
24,2,weak,0.01,3,2,12,2,24,4,0
24,2,weak,0.01,4,1,12,2,24,4,0
24,2,weak,0.01,4,2,12,2,24,4,0
24,2,weak,0.01,5,1,12,2,24,4,0
24,2,weak,0.01,5,2,12,2,24,4,0
24,2,weak,0.05,1,1,12,2,24,4,0
24,2,weak,0.05,1,2,12,2,24,4,0
24,2,weak,0.05,2,1,12,2,24,4,0
24,2,weak,0.05,2,2,12,2,24,4,0
24,2,weak,0.05,3,1,12,2,24,4,0
24,2,weak,0.05,3,2,12,2,24,4,0
24,2,weak,0.05,4,1,12,2,24,4,0
24,2,weak,0.05,4,2,12,2,24,4,0
24,2,weak,0.05,5,1,12,2,24,4,0
24,2,weak,0.05,5,2,12,2,24,4,0
24,2,fd,0.0,0,1,12,2,24,28,0
24,2,fd,0.0,0,2,12,2,24,28,0
24,2,fd,0.01,1,1,12,2,24,4,0
24,2,fd,0.01,1,2,12,2,24,4,0
24,2,fd,0.01,2,1,12,2,24,4,0
24,2,fd,0.01,2,2,12,2,24,4,0
24,2,fd,0.01,3,1,12,2,24,4,0
24,2,fd,0.01,3,2,12,2,24,4,0
24,2,fd,0.01,4,1,12,2,24,4,0
24,2,fd,0.01,4,2,12,2,24,4,0
24,2,fd,0.01,5,1,12,2,24,4,0
24,2,fd,0.01,5,2,12,2,24,4,0
24,2,fd,0.05,1,1,12,2,24,4,0
24,2,fd,0.05,1,2,12,2,24,4,0
24,2,fd,0.05,2,1,12,2,24,4,0
24,2,fd,0.05,2,2,12,2,24,4,0
24,2,fd,0.05,3,1,12,2,24,4,0
24,2,fd,0.05,3,2,12,2,24,4,0
24,2,fd,0.05,4,1,12,2,24,4,0
24,2,fd,0.05,4,2,12,2,24,4,0
24,2,fd,0.05,5,1,12,2,24,4,0
24,2,fd,0.05,5,2,12,2,24,4,0
25,2,weak,0.0,0,1,12,2,24,28,0
25,2,weak,0.0,0,2,12,2,24,28,0
25,2,weak,0.01,1,1,12,2,24,4,0
25,2,weak,0.01,1,2,12,2,24,4,0
25,2,weak,0.01,2,1,12,2,24,4,0
25,2,weak,0.01,2,2,12,2,24,4,0
25,2,weak,0.01,3,1,12,2,24,4,0
25,2,weak,0.01,3,2,12,2,24,4,0
25,2,weak,0.01,4,1,12,2,24,4,0
25,2,weak,0.01,4,2,12,2,24,4,0
25,2,weak,0.01,5,1,12,2,24,4,0
25,2,weak,0.01,5,2,12,2,24,4,0
25,2,weak,0.05,1,1,12,2,24,4,0
25,2,weak,0.05,1,2,12,2,24,4,0
25,2,weak,0.05,2,1,12,2,24,4,0
25,2,weak,0.05,2,2,12,2,24,4,0
25,2,weak,0.05,3,1,12,2,24,4,0
25,2,weak,0.05,3,2,12,2,24,4,0
25,2,weak,0.05,4,1,12,2,24,4,0
25,2,weak,0.05,4,2,12,2,24,4,0
25,2,weak,0.05,5,1,12,2,24,4,0
25,2,weak,0.05,5,2,12,2,24,4,0
25,2,fd,0.0,0,1,12,2,24,28,0
25,2,fd,0.0,0,2,12,2,24,28,0
25,2,fd,0.01,1,1,12,2,24,4,0
25,2,fd,0.01,1,2,12,2,24,4,0
25,2,fd,0.01,2,1,12,2,24,4,0
25,2,fd,0.01,2,2,12,2,24,4,0
25,2,fd,0.01,3,1,12,2,24,4,0
25,2,fd,0.01,3,2,12,2,24,4,0
25,2,fd,0.01,4,1,12,2,24,4,0
25,2,fd,0.01,4,2,12,2,24,4,0
25,2,fd,0.01,5,1,12,2,24,4,0
25,2,fd,0.01,5,2,12,2,24,4,0
25,2,fd,0.05,1,1,12,2,24,4,0
25,2,fd,0.05,1,2,12,2,24,4,0
25,2,fd,0.05,2,1,12,2,24,4,0
25,2,fd,0.05,2,2,12,2,24,4,0
25,2,fd,0.05,3,1,12,2,24,4,0
25,2,fd,0.05,3,2,12,2,24,4,0
25,2,fd,0.05,4,1,12,2,24,4,0
25,2,fd,0.05,4,2,12,2,24,4,0
25,2,fd,0.05,5,1,12,2,24,4,0
25,2,fd,0.05,5,2,12,2,24,4,0
26,2,weak,0.0,0,1,12,2,24,28,0
26,2,weak,0.0,0,2,12,2,24,28,0
26,2,weak,0.01,1,1,12,2,24,4,0
26,2,weak,0.01,1,2,12,2,24,4,0
26,2,weak,0.01,2,1,12,2,24,4,0
26,2,weak,0.01,2,2,12,2,24,4,0
26,2,weak,0.01,3,1,12,2,24,4,0
26,2,weak,0.01,3,2,12,2,24,4,0
26,2,weak,0.01,4,1,12,2,24,4,0
26,2,weak,0.01,4,2,12,2,24,4,0
26,2,weak,0.01,5,1,12,2,24,4,0
26,2,weak,0.01,5,2,12,2,24,4,0
26,2,weak,0.05,1,1,12,2,24,4,0
26,2,weak,0.05,1,2,12,2,24,4,0
26,2,weak,0.05,2,1,12,2,24,4,0
26,2,weak,0.05,2,2,12,2,24,4,0
26,2,weak,0.05,3,1,12,2,24,4,0
26,2,weak,0.05,3,2,12,2,24,4,0
26,2,weak,0.05,4,1,12,2,24,4,0
26,2,weak,0.05,4,2,12,2,24,4,0
26,2,weak,0.05,5,1,12,2,24,4,0
26,2,weak,0.05,5,2,12,2,24,4,0
26,2,fd,0.0,0,1,12,2,24,28,0
26,2,fd,0.0,0,2,12,2,24,28,0
26,2,fd,0.01,1,1,12,2,24,4,0
26,2,fd,0.01,1,2,12,2,24,4,0
26,2,fd,0.01,2,1,12,2,24,4,0
26,2,fd,0.01,2,2,12,2,24,4,0
26,2,fd,0.01,3,1,12,2,24,4,0
26,2,fd,0.01,3,2,12,2,24,4,0
26,2,fd,0.01,4,1,12,2,24,4,0
26,2,fd,0.01,4,2,12,2,24,4,0
26,2,fd,0.01,5,1,12,2,24,4,0
26,2,fd,0.01,5,2,12,2,24,4,0
26,2,fd,0.05,1,1,12,2,24,4,0
26,2,fd,0.05,1,2,12,2,24,4,0
26,2,fd,0.05,2,1,12,2,24,4,0
26,2,fd,0.05,2,2,12,2,24,4,0
26,2,fd,0.05,3,1,12,2,24,4,0
26,2,fd,0.05,3,2,12,2,24,4,0
26,2,fd,0.05,4,1,12,2,24,4,0
26,2,fd,0.05,4,2,12,2,24,4,0
26,2,fd,0.05,5,1,12,2,24,4,0
26,2,fd,0.05,5,2,12,2,24,4,0
27,2,weak,0.0,0,1,12,2,24,28,0
27,2,weak,0.0,0,2,12,2,24,28,0
27,2,weak,0.01,1,1,12,2,24,4,0
27,2,weak,0.01,1,2,12,2,24,4,0
27,2,weak,0.01,2,1,12,2,24,4,0
27,2,weak,0.01,2,2,12,2,24,4,0
27,2,weak,0.01,3,1,12,2,24,4,0
27,2,weak,0.01,3,2,12,2,24,4,0
27,2,weak,0.01,4,1,12,2,24,4,0
27,2,weak,0.01,4,2,12,2,24,4,0
27,2,weak,0.01,5,1,12,2,24,4,0
27,2,weak,0.01,5,2,12,2,24,4,0
27,2,weak,0.05,1,1,12,2,24,4,0
27,2,weak,0.05,1,2,12,2,24,4,0
27,2,weak,0.05,2,1,12,2,24,4,0
27,2,weak,0.05,2,2,12,2,24,4,0
27,2,weak,0.05,3,1,12,2,24,4,0
27,2,weak,0.05,3,2,12,2,24,4,0
27,2,weak,0.05,4,1,12,2,24,4,0
27,2,weak,0.05,4,2,12,2,24,4,0
27,2,weak,0.05,5,1,12,2,24,4,0
27,2,weak,0.05,5,2,12,2,24,4,0
27,2,fd,0.0,0,1,12,2,24,28,0
27,2,fd,0.0,0,2,12,2,24,28,0
27,2,fd,0.01,1,1,12,2,24,4,0
27,2,fd,0.01,1,2,12,2,24,4,0
27,2,fd,0.01,2,1,12,2,24,4,0
27,2,fd,0.01,2,2,12,2,24,4,0
27,2,fd,0.01,3,1,12,2,24,4,0
27,2,fd,0.01,3,2,12,2,24,4,0
27,2,fd,0.01,4,1,12,2,24,4,0
27,2,fd,0.01,4,2,12,2,24,4,0
27,2,fd,0.01,5,1,12,2,24,4,0
27,2,fd,0.01,5,2,12,2,24,4,0
27,2,fd,0.05,1,1,12,2,24,4,0
27,2,fd,0.05,1,2,12,2,24,4,0
27,2,fd,0.05,2,1,12,2,24,4,0
27,2,fd,0.05,2,2,12,2,24,4,0
27,2,fd,0.05,3,1,12,2,24,4,0
27,2,fd,0.05,3,2,12,2,24,4,0
27,2,fd,0.05,4,1,12,2,24,4,0
27,2,fd,0.05,4,2,12,2,24,4,0
27,2,fd,0.05,5,1,12,2,24,4,0
27,2,fd,0.05,5,2,12,2,24,4,0
28,2,weak,0.0,0,1,12,2,24,28,0
28,2,weak,0.0,0,2,12,2,24,28,0
28,2,weak,0.01,1,1,12,2,24,4,0
28,2,weak,0.01,1,2,12,2,24,4,0
28,2,weak,0.01,2,1,12,2,24,4,0
28,2,weak,0.01,2,2,12,2,24,4,0
28,2,weak,0.01,3,1,12,2,24,4,0
28,2,weak,0.01,3,2,12,2,24,4,0
28,2,weak,0.01,4,1,12,2,24,4,0
28,2,weak,0.01,4,2,12,2,24,4,0
28,2,weak,0.01,5,1,12,2,24,4,0
28,2,weak,0.01,5,2,12,2,24,4,0
28,2,weak,0.05,1,1,12,2,24,4,0
28,2,weak,0.05,1,2,12,2,24,4,0
28,2,weak,0.05,2,1,12,2,24,4,0
28,2,weak,0.05,2,2,12,2,24,4,0
28,2,weak,0.05,3,1,12,2,24,4,0
28,2,weak,0.05,3,2,12,2,24,4,0
28,2,weak,0.05,4,1,12,2,24,4,0
28,2,weak,0.05,4,2,12,2,24,4,0
28,2,weak,0.05,5,1,12,2,24,4,0
28,2,weak,0.05,5,2,12,2,24,4,0
28,2,fd,0.0,0,1,12,2,24,28,0
28,2,fd,0.0,0,2,12,2,24,28,0
28,2,fd,0.01,1,1,12,2,24,4,0
28,2,fd,0.01,1,2,12,2,24,4,0
28,2,fd,0.01,2,1,12,2,24,4,0
28,2,fd,0.01,2,2,12,2,24,4,0
28,2,fd,0.01,3,1,12,2,24,4,0
28,2,fd,0.01,3,2,12,2,24,4,0
28,2,fd,0.01,4,1,12,2,24,4,0
28,2,fd,0.01,4,2,12,2,24,4,0
28,2,fd,0.01,5,1,12,2,24,4,0
28,2,fd,0.01,5,2,12,2,24,4,0
28,2,fd,0.05,1,1,12,2,24,4,0
28,2,fd,0.05,1,2,12,2,24,4,0
28,2,fd,0.05,2,1,12,2,24,4,0
28,2,fd,0.05,2,2,12,2,24,4,0
28,2,fd,0.05,3,1,12,2,24,4,0
28,2,fd,0.05,3,2,12,2,24,4,0
28,2,fd,0.05,4,1,12,2,24,4,0
28,2,fd,0.05,4,2,12,2,24,4,0
28,2,fd,0.05,5,1,12,2,24,4,0
28,2,fd,0.05,5,2,12,2,24,4,0
29,2,weak,0.0,0,1,12,2,24,28,0
29,2,weak,0.0,0,2,12,2,24,28,0
29,2,weak,0.01,1,1,12,2,24,4,0
29,2,weak,0.01,1,2,12,2,24,4,0
29,2,weak,0.01,2,1,12,2,24,4,0
29,2,weak,0.01,2,2,12,2,24,4,0
29,2,weak,0.01,3,1,12,2,24,4,0
29,2,weak,0.01,3,2,12,2,24,4,0
29,2,weak,0.01,4,1,12,2,24,4,0
29,2,weak,0.01,4,2,12,2,24,4,0
29,2,weak,0.01,5,1,12,2,24,4,0
29,2,weak,0.01,5,2,12,2,24,4,0
29,2,weak,0.05,1,1,12,2,24,4,0
29,2,weak,0.05,1,2,12,2,24,4,0
29,2,weak,0.05,2,1,12,2,24,4,0
29,2,weak,0.05,2,2,12,2,24,4,0
29,2,weak,0.05,3,1,12,2,24,4,0
29,2,weak,0.05,3,2,12,2,24,4,0
29,2,weak,0.05,4,1,12,2,24,4,0
29,2,weak,0.05,4,2,12,2,24,4,0
29,2,weak,0.05,5,1,12,2,24,4,0
29,2,weak,0.05,5,2,12,2,24,4,0
29,2,fd,0.0,0,1,12,2,24,28,0
29,2,fd,0.0,0,2,12,2,24,28,0
29,2,fd,0.01,1,1,12,2,24,4,0
29,2,fd,0.01,1,2,12,2,24,4,0
29,2,fd,0.01,2,1,12,2,24,4,0
29,2,fd,0.01,2,2,12,2,24,4,0
29,2,fd,0.01,3,1,12,2,24,4,0
29,2,fd,0.01,3,2,12,2,24,4,0
29,2,fd,0.01,4,1,12,2,24,4,0
29,2,fd,0.01,4,2,12,2,24,4,0
29,2,fd,0.01,5,1,12,2,24,4,0
29,2,fd,0.01,5,2,12,2,24,4,0
29,2,fd,0.05,1,1,12,2,24,4,0
29,2,fd,0.05,1,2,12,2,24,4,0
29,2,fd,0.05,2,1,12,2,24,4,0
29,2,fd,0.05,2,2,12,2,24,4,0
29,2,fd,0.05,3,1,12,2,24,4,0
29,2,fd,0.05,3,2,12,2,24,4,0
29,2,fd,0.05,4,1,12,2,24,4,0
29,2,fd,0.05,4,2,12,2,24,4,0
29,2,fd,0.05,5,1,12,2,24,4,0
29,2,fd,0.05,5,2,12,2,24,4,0
30,2,weak,0.0,0,1,12,2,24,28,0
30,2,weak,0.0,0,2,12,2,24,28,0
30,2,weak,0.01,1,1,12,2,24,4,0
30,2,weak,0.01,1,2,12,2,24,4,0
30,2,weak,0.01,2,1,12,2,24,4,0
30,2,weak,0.01,2,2,12,2,24,4,0
30,2,weak,0.01,3,1,12,2,24,4,0
30,2,weak,0.01,3,2,12,2,24,4,0
30,2,weak,0.01,4,1,12,2,24,4,0
30,2,weak,0.01,4,2,12,2,24,4,0
30,2,weak,0.01,5,1,12,2,24,4,0
30,2,weak,0.01,5,2,12,2,24,4,0
30,2,weak,0.05,1,1,12,2,24,4,0
30,2,weak,0.05,1,2,12,2,24,4,0
30,2,weak,0.05,2,1,12,2,24,4,0
30,2,weak,0.05,2,2,12,2,24,4,0
30,2,weak,0.05,3,1,12,2,24,4,0
30,2,weak,0.05,3,2,12,2,24,4,0
30,2,weak,0.05,4,1,12,2,24,4,0
30,2,weak,0.05,4,2,12,2,24,4,0
30,2,weak,0.05,5,1,12,2,24,4,0
30,2,weak,0.05,5,2,12,2,24,4,0
30,2,fd,0.0,0,1,12,2,24,28,0
30,2,fd,0.0,0,2,12,2,24,28,0
30,2,fd,0.01,1,1,12,2,24,4,0
30,2,fd,0.01,1,2,12,2,24,4,0
30,2,fd,0.01,2,1,12,2,24,4,0
30,2,fd,0.01,2,2,12,2,24,4,0
30,2,fd,0.01,3,1,12,2,24,4,0
30,2,fd,0.01,3,2,12,2,24,4,0
30,2,fd,0.01,4,1,12,2,24,4,0
30,2,fd,0.01,4,2,12,2,24,4,0
30,2,fd,0.01,5,1,12,2,24,4,0
30,2,fd,0.01,5,2,12,2,24,4,0
30,2,fd,0.05,1,1,12,2,24,4,0
30,2,fd,0.05,1,2,12,2,24,4,0
30,2,fd,0.05,2,1,12,2,24,4,0
30,2,fd,0.05,2,2,12,2,24,4,0
30,2,fd,0.05,3,1,12,2,24,4,0
30,2,fd,0.05,3,2,12,2,24,4,0
30,2,fd,0.05,4,1,12,2,24,4,0
30,2,fd,0.05,4,2,12,2,24,4,0
30,2,fd,0.05,5,1,12,2,24,4,0
30,2,fd,0.05,5,2,12,2,24,4,0
31,2,weak,0.0,0,1,12,2,24,28,0
31,2,weak,0.0,0,2,12,2,24,28,0
31,2,weak,0.01,1,1,12,2,24,4,0
31,2,weak,0.01,1,2,12,2,24,4,0
31,2,weak,0.01,2,1,12,2,24,4,0
31,2,weak,0.01,2,2,12,2,24,4,0
31,2,weak,0.01,3,1,12,2,24,4,0
31,2,weak,0.01,3,2,12,2,24,4,0
31,2,weak,0.01,4,1,12,2,24,4,0
31,2,weak,0.01,4,2,12,2,24,4,0
31,2,weak,0.01,5,1,12,2,24,4,0
31,2,weak,0.01,5,2,12,2,24,4,0
31,2,weak,0.05,1,1,12,2,24,4,0
31,2,weak,0.05,1,2,12,2,24,4,0
31,2,weak,0.05,2,1,12,2,24,4,0
31,2,weak,0.05,2,2,12,2,24,4,0
31,2,weak,0.05,3,1,12,2,24,4,0
31,2,weak,0.05,3,2,12,2,24,4,0
31,2,weak,0.05,4,1,12,2,24,4,0
31,2,weak,0.05,4,2,12,2,24,4,0
31,2,weak,0.05,5,1,12,2,24,4,0
31,2,weak,0.05,5,2,12,2,24,4,0
31,2,fd,0.0,0,1,12,2,24,28,0
31,2,fd,0.0,0,2,12,2,24,28,0
31,2,fd,0.01,1,1,12,2,24,4,0
31,2,fd,0.01,1,2,12,2,24,4,0
31,2,fd,0.01,2,1,12,2,24,4,0
31,2,fd,0.01,2,2,12,2,24,4,0
31,2,fd,0.01,3,1,12,2,24,4,0
31,2,fd,0.01,3,2,12,2,24,4,0
31,2,fd,0.01,4,1,12,2,24,4,0
31,2,fd,0.01,4,2,12,2,24,4,0
31,2,fd,0.01,5,1,12,2,24,4,0
31,2,fd,0.01,5,2,12,2,24,4,0
31,2,fd,0.05,1,1,12,2,24,4,0
31,2,fd,0.05,1,2,12,2,24,4,0
31,2,fd,0.05,2,1,12,2,24,4,0
31,2,fd,0.05,2,2,12,2,24,4,0
31,2,fd,0.05,3,1,12,2,24,4,0
31,2,fd,0.05,3,2,12,2,24,4,0
31,2,fd,0.05,4,1,12,2,24,4,0
31,2,fd,0.05,4,2,12,2,24,4,0
31,2,fd,0.05,5,1,12,2,24,4,0
31,2,fd,0.05,5,2,12,2,24,4,0
32,2,weak,0.0,0,1,12,2,24,28,0
32,2,weak,0.0,0,2,12,2,24,28,0
32,2,weak,0.01,1,1,12,2,24,4,0
32,2,weak,0.01,1,2,12,2,24,4,0
32,2,weak,0.01,2,1,12,2,24,4,0
32,2,weak,0.01,2,2,12,2,24,4,0
32,2,weak,0.01,3,1,12,2,24,4,0
32,2,weak,0.01,3,2,12,2,24,4,0
32,2,weak,0.01,4,1,12,2,24,4,0
32,2,weak,0.01,4,2,12,2,24,4,0
32,2,weak,0.01,5,1,12,2,24,4,0
32,2,weak,0.01,5,2,12,2,24,4,0
32,2,weak,0.05,1,1,12,2,24,4,0
32,2,weak,0.05,1,2,12,2,24,4,0
32,2,weak,0.05,2,1,12,2,24,4,0
32,2,weak,0.05,2,2,12,2,24,4,0
32,2,weak,0.05,3,1,12,2,24,4,0
32,2,weak,0.05,3,2,12,2,24,4,0
32,2,weak,0.05,4,1,12,2,24,4,0
32,2,weak,0.05,4,2,12,2,24,4,0
32,2,weak,0.05,5,1,12,2,24,4,0
32,2,weak,0.05,5,2,12,2,24,4,0
32,2,fd,0.0,0,1,12,2,24,28,0
32,2,fd,0.0,0,2,12,2,24,28,0
32,2,fd,0.01,1,1,12,2,24,4,0
32,2,fd,0.01,1,2,12,2,24,4,0
32,2,fd,0.01,2,1,12,2,24,4,0
32,2,fd,0.01,2,2,12,2,24,4,0
32,2,fd,0.01,3,1,12,2,24,4,0
32,2,fd,0.01,3,2,12,2,24,4,0
32,2,fd,0.01,4,1,12,2,24,4,0
32,2,fd,0.01,4,2,12,2,24,4,0
32,2,fd,0.01,5,1,12,2,24,4,0
32,2,fd,0.01,5,2,12,2,24,4,0
32,2,fd,0.05,1,1,12,2,24,4,0
32,2,fd,0.05,1,2,12,2,24,4,0
32,2,fd,0.05,2,1,12,2,24,4,0
32,2,fd,0.05,2,2,12,2,24,4,0
32,2,fd,0.05,3,1,12,2,24,4,0
32,2,fd,0.05,3,2,12,2,24,4,0
32,2,fd,0.05,4,1,12,2,24,4,0
32,2,fd,0.05,4,2,12,2,24,4,0
32,2,fd,0.05,5,1,12,2,24,4,0
32,2,fd,0.05,5,2,12,2,24,4,0
33,2,weak,0.0,0,1,12,2,24,28,0
33,2,weak,0.0,0,2,12,2,24,28,0
33,2,weak,0.01,1,1,12,2,24,4,0
33,2,weak,0.01,1,2,12,2,24,4,0
33,2,weak,0.01,2,1,12,2,24,4,0
33,2,weak,0.01,2,2,12,2,24,4,0
33,2,weak,0.01,3,1,12,2,24,4,0
33,2,weak,0.01,3,2,12,2,24,4,0
33,2,weak,0.01,4,1,12,2,24,4,0
33,2,weak,0.01,4,2,12,2,24,4,0
33,2,weak,0.01,5,1,12,2,24,4,0
33,2,weak,0.01,5,2,12,2,24,4,0
33,2,weak,0.05,1,1,12,2,24,4,0
33,2,weak,0.05,1,2,12,2,24,4,0
33,2,weak,0.05,2,1,12,2,24,4,0
33,2,weak,0.05,2,2,12,2,24,4,0
33,2,weak,0.05,3,1,12,2,24,4,0
33,2,weak,0.05,3,2,12,2,24,4,0
33,2,weak,0.05,4,1,12,2,24,4,0
33,2,weak,0.05,4,2,12,2,24,4,0
33,2,weak,0.05,5,1,12,2,24,4,0
33,2,weak,0.05,5,2,12,2,24,4,0
33,2,fd,0.0,0,1,12,2,24,28,0
33,2,fd,0.0,0,2,12,2,24,28,0
33,2,fd,0.01,1,1,12,2,24,4,0
33,2,fd,0.01,1,2,12,2,24,4,0
33,2,fd,0.01,2,1,12,2,24,4,0
33,2,fd,0.01,2,2,12,2,24,4,0
33,2,fd,0.01,3,1,12,2,24,4,0
33,2,fd,0.01,3,2,12,2,24,4,0
33,2,fd,0.01,4,1,12,2,24,4,0
33,2,fd,0.01,4,2,12,2,24,4,0
33,2,fd,0.01,5,1,12,2,24,4,0
33,2,fd,0.01,5,2,12,2,24,4,0
33,2,fd,0.05,1,1,12,2,24,4,0
33,2,fd,0.05,1,2,12,2,24,4,0
33,2,fd,0.05,2,1,12,2,24,4,0
33,2,fd,0.05,2,2,12,2,24,4,0
33,2,fd,0.05,3,1,12,2,24,4,0
33,2,fd,0.05,3,2,12,2,24,4,0
33,2,fd,0.05,4,1,12,2,24,4,0
33,2,fd,0.05,4,2,12,2,24,4,0
33,2,fd,0.05,5,1,12,2,24,4,0
33,2,fd,0.05,5,2,12,2,24,4,0
34,2,weak,0.0,0,1,12,2,24,28,0
34,2,weak,0.0,0,2,12,2,24,28,0
34,2,weak,0.01,1,1,12,2,24,4,0
34,2,weak,0.01,1,2,12,2,24,4,0
34,2,weak,0.01,2,1,12,2,24,4,0
34,2,weak,0.01,2,2,12,2,24,4,0
34,2,weak,0.01,3,1,12,2,24,4,0
34,2,weak,0.01,3,2,12,2,24,4,0
34,2,weak,0.01,4,1,12,2,24,4,0
34,2,weak,0.01,4,2,12,2,24,4,0
34,2,weak,0.01,5,1,12,2,24,4,0
34,2,weak,0.01,5,2,12,2,24,4,0
34,2,weak,0.05,1,1,12,2,24,4,0
34,2,weak,0.05,1,2,12,2,24,4,0
34,2,weak,0.05,2,1,12,2,24,4,0
34,2,weak,0.05,2,2,12,2,24,4,0
34,2,weak,0.05,3,1,12,2,24,4,0
34,2,weak,0.05,3,2,12,2,24,4,0
34,2,weak,0.05,4,1,12,2,24,4,0
34,2,weak,0.05,4,2,12,2,24,4,0
34,2,weak,0.05,5,1,12,2,24,4,0
34,2,weak,0.05,5,2,12,2,24,4,0
34,2,fd,0.0,0,1,12,2,24,28,0
34,2,fd,0.0,0,2,12,2,24,28,0
34,2,fd,0.01,1,1,12,2,24,4,0
34,2,fd,0.01,1,2,12,2,24,4,0
34,2,fd,0.01,2,1,12,2,24,4,0
34,2,fd,0.01,2,2,12,2,24,4,0
34,2,fd,0.01,3,1,12,2,24,4,0
34,2,fd,0.01,3,2,12,2,24,4,0
34,2,fd,0.01,4,1,12,2,24,4,0
34,2,fd,0.01,4,2,12,2,24,4,0
34,2,fd,0.01,5,1,12,2,24,4,0
34,2,fd,0.01,5,2,12,2,24,4,0
34,2,fd,0.05,1,1,12,2,24,4,0
34,2,fd,0.05,1,2,12,2,24,4,0
34,2,fd,0.05,2,1,12,2,24,4,0
34,2,fd,0.05,2,2,12,2,24,4,0
34,2,fd,0.05,3,1,12,2,24,4,0
34,2,fd,0.05,3,2,12,2,24,4,0
34,2,fd,0.05,4,1,12,2,24,4,0
34,2,fd,0.05,4,2,12,2,24,4,0
34,2,fd,0.05,5,1,12,2,24,4,0
34,2,fd,0.05,5,2,12,2,24,4,0
35,2,weak,0.0,0,1,12,2,24,28,0
35,2,weak,0.0,0,2,12,2,24,28,0
35,2,weak,0.01,1,1,12,2,24,4,0
35,2,weak,0.01,1,2,12,2,24,4,0
35,2,weak,0.01,2,1,12,2,24,4,0
35,2,weak,0.01,2,2,12,2,24,4,0
35,2,weak,0.01,3,1,12,2,24,4,0
35,2,weak,0.01,3,2,12,2,24,4,0
35,2,weak,0.01,4,1,12,2,24,4,0
35,2,weak,0.01,4,2,12,2,24,4,0
35,2,weak,0.01,5,1,12,2,24,4,0
35,2,weak,0.01,5,2,12,2,24,4,0
35,2,weak,0.05,1,1,12,2,24,4,0
35,2,weak,0.05,1,2,12,2,24,4,0
35,2,weak,0.05,2,1,12,2,24,4,0
35,2,weak,0.05,2,2,12,2,24,4,0
35,2,weak,0.05,3,1,12,2,24,4,0
35,2,weak,0.05,3,2,12,2,24,4,0
35,2,weak,0.05,4,1,12,2,24,4,0
35,2,weak,0.05,4,2,12,2,24,4,0
35,2,weak,0.05,5,1,12,2,24,4,0
35,2,weak,0.05,5,2,12,2,24,4,0
35,2,fd,0.0,0,1,12,2,24,28,0
35,2,fd,0.0,0,2,12,2,24,28,0
35,2,fd,0.01,1,1,12,2,24,4,0
35,2,fd,0.01,1,2,12,2,24,4,0
35,2,fd,0.01,2,1,12,2,24,4,0
35,2,fd,0.01,2,2,12,2,24,4,0
35,2,fd,0.01,3,1,12,2,24,4,0
35,2,fd,0.01,3,2,12,2,24,4,0
35,2,fd,0.01,4,1,12,2,24,4,0
35,2,fd,0.01,4,2,12,2,24,4,0
35,2,fd,0.01,5,1,12,2,24,4,0
35,2,fd,0.01,5,2,12,2,24,4,0
35,2,fd,0.05,1,1,12,2,24,4,0
35,2,fd,0.05,1,2,12,2,24,4,0
35,2,fd,0.05,2,1,12,2,24,4,0
35,2,fd,0.05,2,2,12,2,24,4,0
35,2,fd,0.05,3,1,12,2,24,4,0
35,2,fd,0.05,3,2,12,2,24,4,0
35,2,fd,0.05,4,1,12,2,24,4,0
35,2,fd,0.05,4,2,12,2,24,4,0
35,2,fd,0.05,5,1,12,2,24,4,0
35,2,fd,0.05,5,2,12,2,24,4,0
36,2,weak,0.0,0,1,12,2,24,28,0
36,2,weak,0.0,0,2,12,2,24,28,0
36,2,weak,0.01,1,1,12,2,24,4,0
36,2,weak,0.01,1,2,12,2,24,4,0
36,2,weak,0.01,2,1,12,2,24,4,0
36,2,weak,0.01,2,2,12,2,24,4,0
36,2,weak,0.01,3,1,12,2,24,4,0
36,2,weak,0.01,3,2,12,2,24,4,0
36,2,weak,0.01,4,1,12,2,24,4,0
36,2,weak,0.01,4,2,12,2,24,4,0
36,2,weak,0.01,5,1,12,2,24,4,0
36,2,weak,0.01,5,2,12,2,24,4,0
36,2,weak,0.05,1,1,12,2,24,4,0
36,2,weak,0.05,1,2,12,2,24,4,0
36,2,weak,0.05,2,1,12,2,24,4,0
36,2,weak,0.05,2,2,12,2,24,4,0
36,2,weak,0.05,3,1,12,2,24,4,0
36,2,weak,0.05,3,2,12,2,24,4,0
36,2,weak,0.05,4,1,12,2,24,4,0
36,2,weak,0.05,4,2,12,2,24,4,0
36,2,weak,0.05,5,1,12,2,24,4,0
36,2,weak,0.05,5,2,12,2,24,4,0
36,2,fd,0.0,0,1,12,2,24,28,0
36,2,fd,0.0,0,2,12,2,24,28,0
36,2,fd,0.01,1,1,12,2,24,4,0
36,2,fd,0.01,1,2,12,2,24,4,0
36,2,fd,0.01,2,1,12,2,24,4,0
36,2,fd,0.01,2,2,12,2,24,4,0
36,2,fd,0.01,3,1,12,2,24,4,0
36,2,fd,0.01,3,2,12,2,24,4,0
36,2,fd,0.01,4,1,12,2,24,4,0
36,2,fd,0.01,4,2,12,2,24,4,0
36,2,fd,0.01,5,1,12,2,24,4,0
36,2,fd,0.01,5,2,12,2,24,4,0
36,2,fd,0.05,1,1,12,2,24,4,0
36,2,fd,0.05,1,2,12,2,24,4,0
36,2,fd,0.05,2,1,12,2,24,4,0
36,2,fd,0.05,2,2,12,2,24,4,0
36,2,fd,0.05,3,1,12,2,24,4,0
36,2,fd,0.05,3,2,12,2,24,4,0
36,2,fd,0.05,4,1,12,2,24,4,0
36,2,fd,0.05,4,2,12,2,24,4,0
36,2,fd,0.05,5,1,12,2,24,4,0
36,2,fd,0.05,5,2,12,2,24,4,0
37,2,weak,0.0,0,1,12,2,24,28,0
37,2,weak,0.0,0,2,12,2,24,28,0
37,2,weak,0.01,1,1,12,2,24,4,0
37,2,weak,0.01,1,2,12,2,24,4,0
37,2,weak,0.01,2,1,12,2,24,4,0
37,2,weak,0.01,2,2,12,2,24,4,0
37,2,weak,0.01,3,1,12,2,24,4,0
37,2,weak,0.01,3,2,12,2,24,4,0
37,2,weak,0.01,4,1,12,2,24,4,0
37,2,weak,0.01,4,2,12,2,24,4,0
37,2,weak,0.01,5,1,12,2,24,4,0
37,2,weak,0.01,5,2,12,2,24,4,0
37,2,weak,0.05,1,1,12,2,24,4,0
37,2,weak,0.05,1,2,12,2,24,4,0
37,2,weak,0.05,2,1,12,2,24,4,0
37,2,weak,0.05,2,2,12,2,24,4,0
37,2,weak,0.05,3,1,12,2,24,4,0
37,2,weak,0.05,3,2,12,2,24,4,0
37,2,weak,0.05,4,1,12,2,24,4,0
37,2,weak,0.05,4,2,12,2,24,4,0
37,2,weak,0.05,5,1,12,2,24,4,0
37,2,weak,0.05,5,2,12,2,24,4,0
37,2,fd,0.0,0,1,12,2,24,28,0
37,2,fd,0.0,0,2,12,2,24,28,0
37,2,fd,0.01,1,1,12,2,24,4,0
37,2,fd,0.01,1,2,12,2,24,4,0
37,2,fd,0.01,2,1,12,2,24,4,0
37,2,fd,0.01,2,2,12,2,24,4,0
37,2,fd,0.01,3,1,12,2,24,4,0
37,2,fd,0.01,3,2,12,2,24,4,0
37,2,fd,0.01,4,1,12,2,24,4,0
37,2,fd,0.01,4,2,12,2,24,4,0
37,2,fd,0.01,5,1,12,2,24,4,0
37,2,fd,0.01,5,2,12,2,24,4,0
37,2,fd,0.05,1,1,12,2,24,4,0
37,2,fd,0.05,1,2,12,2,24,4,0
37,2,fd,0.05,2,1,12,2,24,4,0
37,2,fd,0.05,2,2,12,2,24,4,0
37,2,fd,0.05,3,1,12,2,24,4,0
37,2,fd,0.05,3,2,12,2,24,4,0
37,2,fd,0.05,4,1,12,2,24,4,0
37,2,fd,0.05,4,2,12,2,24,4,0
37,2,fd,0.05,5,1,12,2,24,4,0
37,2,fd,0.05,5,2,12,2,24,4,0
38,2,weak,0.0,0,1,12,2,24,28,0
38,2,weak,0.0,0,2,12,2,24,28,0
38,2,weak,0.01,1,1,12,2,24,4,0
38,2,weak,0.01,1,2,12,2,24,4,0
38,2,weak,0.01,2,1,12,2,24,4,0
38,2,weak,0.01,2,2,12,2,24,4,0
38,2,weak,0.01,3,1,12,2,24,4,0
38,2,weak,0.01,3,2,12,2,24,4,0
38,2,weak,0.01,4,1,12,2,24,4,0
38,2,weak,0.01,4,2,12,2,24,4,0
38,2,weak,0.01,5,1,12,2,24,4,0
38,2,weak,0.01,5,2,12,2,24,4,0
38,2,weak,0.05,1,1,12,2,24,4,0
38,2,weak,0.05,1,2,12,2,24,4,0
38,2,weak,0.05,2,1,12,2,24,4,0
38,2,weak,0.05,2,2,12,2,24,4,0
38,2,weak,0.05,3,1,12,2,24,4,0
38,2,weak,0.05,3,2,12,2,24,4,0
38,2,weak,0.05,4,1,12,2,24,4,0
38,2,weak,0.05,4,2,12,2,24,4,0
38,2,weak,0.05,5,1,12,2,24,4,0
38,2,weak,0.05,5,2,12,2,24,4,0
38,2,fd,0.0,0,1,12,2,24,28,0
38,2,fd,0.0,0,2,12,2,24,28,0
38,2,fd,0.01,1,1,12,2,24,4,0
38,2,fd,0.01,1,2,12,2,24,4,0
38,2,fd,0.01,2,1,12,2,24,4,0
38,2,fd,0.01,2,2,12,2,24,4,0
38,2,fd,0.01,3,1,12,2,24,4,0
38,2,fd,0.01,3,2,12,2,24,4,0
38,2,fd,0.01,4,1,12,2,24,4,0
38,2,fd,0.01,4,2,12,2,24,4,0
38,2,fd,0.01,5,1,12,2,24,4,0
38,2,fd,0.01,5,2,12,2,24,4,0
38,2,fd,0.05,1,1,12,2,24,4,0
38,2,fd,0.05,1,2,12,2,24,4,0
38,2,fd,0.05,2,1,12,2,24,4,0
38,2,fd,0.05,2,2,12,2,24,4,0
38,2,fd,0.05,3,1,12,2,24,4,0
38,2,fd,0.05,3,2,12,2,24,4,0
38,2,fd,0.05,4,1,12,2,24,4,0
38,2,fd,0.05,4,2,12,2,24,4,0
38,2,fd,0.05,5,1,12,2,24,4,0
38,2,fd,0.05,5,2,12,2,24,4,0
39,2,weak,0.0,0,1,12,2,24,28,0
39,2,weak,0.0,0,2,12,2,24,28,0
39,2,weak,0.01,1,1,12,2,24,4,0
39,2,weak,0.01,1,2,12,2,24,4,0
39,2,weak,0.01,2,1,12,2,24,4,0
39,2,weak,0.01,2,2,12,2,24,4,0
39,2,weak,0.01,3,1,12,2,24,4,0
39,2,weak,0.01,3,2,12,2,24,4,0
39,2,weak,0.01,4,1,12,2,24,4,0
39,2,weak,0.01,4,2,12,2,24,4,0
39,2,weak,0.01,5,1,12,2,24,4,0
39,2,weak,0.01,5,2,12,2,24,4,0
39,2,weak,0.05,1,1,12,2,24,4,0
39,2,weak,0.05,1,2,12,2,24,4,0
39,2,weak,0.05,2,1,12,2,24,4,0
39,2,weak,0.05,2,2,12,2,24,4,0
39,2,weak,0.05,3,1,12,2,24,4,0
39,2,weak,0.05,3,2,12,2,24,4,0
39,2,weak,0.05,4,1,12,2,24,4,0
39,2,weak,0.05,4,2,12,2,24,4,0
39,2,weak,0.05,5,1,12,2,24,4,0
39,2,weak,0.05,5,2,12,2,24,4,0
39,2,fd,0.0,0,1,12,2,24,28,0
39,2,fd,0.0,0,2,12,2,24,28,0
39,2,fd,0.01,1,1,12,2,24,4,0
39,2,fd,0.01,1,2,12,2,24,4,0
39,2,fd,0.01,2,1,12,2,24,4,0
39,2,fd,0.01,2,2,12,2,24,4,0
39,2,fd,0.01,3,1,12,2,24,4,0
39,2,fd,0.01,3,2,12,2,24,4,0
39,2,fd,0.01,4,1,12,2,24,4,0
39,2,fd,0.01,4,2,12,2,24,4,0
39,2,fd,0.01,5,1,12,2,24,4,0
39,2,fd,0.01,5,2,12,2,24,4,0
39,2,fd,0.05,1,1,12,2,24,4,0
39,2,fd,0.05,1,2,12,2,24,4,0
39,2,fd,0.05,2,1,12,2,24,4,0
39,2,fd,0.05,2,2,12,2,24,4,0
39,2,fd,0.05,3,1,12,2,24,4,0
39,2,fd,0.05,3,2,12,2,24,4,0
39,2,fd,0.05,4,1,12,2,24,4,0
39,2,fd,0.05,4,2,12,2,24,4,0
39,2,fd,0.05,5,1,12,2,24,4,0
39,2,fd,0.05,5,2,12,2,24,4,0
40,2,weak,0.0,0,1,12,2,24,28,0
40,2,weak,0.0,0,2,12,2,24,28,0
40,2,weak,0.01,1,1,12,2,24,4,0
40,2,weak,0.01,1,2,12,2,24,4,0
40,2,weak,0.01,2,1,12,2,24,4,0
40,2,weak,0.01,2,2,12,2,24,4,0
40,2,weak,0.01,3,1,12,2,24,4,0
40,2,weak,0.01,3,2,12,2,24,4,0
40,2,weak,0.01,4,1,12,2,24,4,0
40,2,weak,0.01,4,2,12,2,24,4,0
40,2,weak,0.01,5,1,12,2,24,4,0
40,2,weak,0.01,5,2,12,2,24,4,0
40,2,weak,0.05,1,1,12,2,24,4,0
40,2,weak,0.05,1,2,12,2,24,4,0
40,2,weak,0.05,2,1,12,2,24,4,0
40,2,weak,0.05,2,2,12,2,24,4,0
40,2,weak,0.05,3,1,12,2,24,4,0
40,2,weak,0.05,3,2,12,2,24,4,0
40,2,weak,0.05,4,1,12,2,24,4,0
40,2,weak,0.05,4,2,12,2,24,4,0
40,2,weak,0.05,5,1,12,2,24,4,0
40,2,weak,0.05,5,2,12,2,24,4,0
40,2,fd,0.0,0,1,12,2,24,28,0
40,2,fd,0.0,0,2,12,2,24,28,0
40,2,fd,0.01,1,1,12,2,24,4,0
40,2,fd,0.01,1,2,12,2,24,4,0
40,2,fd,0.01,2,1,12,2,24,4,0
40,2,fd,0.01,2,2,12,2,24,4,0
40,2,fd,0.01,3,1,12,2,24,4,0
40,2,fd,0.01,3,2,12,2,24,4,0
40,2,fd,0.01,4,1,12,2,24,4,0
40,2,fd,0.01,4,2,12,2,24,4,0
40,2,fd,0.01,5,1,12,2,24,4,0
40,2,fd,0.01,5,2,12,2,24,4,0
40,2,fd,0.05,1,1,12,2,24,4,0
40,2,fd,0.05,1,2,12,2,24,4,0
40,2,fd,0.05,2,1,12,2,24,4,0
40,2,fd,0.05,2,2,12,2,24,4,0
40,2,fd,0.05,3,1,12,2,24,4,0
40,2,fd,0.05,3,2,12,2,24,4,0
40,2,fd,0.05,4,1,12,2,24,4,0
40,2,fd,0.05,4,2,12,2,24,4,0
40,2,fd,0.05,5,1,12,2,24,4,0
40,2,fd,0.05,5,2,12,2,24,4,0
41,2,weak,0.0,0,1,12,2,24,28,0
41,2,weak,0.0,0,2,12,2,24,28,0
41,2,weak,0.01,1,1,12,2,24,4,0
41,2,weak,0.01,1,2,12,2,24,4,0
41,2,weak,0.01,2,1,12,2,24,4,0
41,2,weak,0.01,2,2,12,2,24,4,0
41,2,weak,0.01,3,1,12,2,24,4,0
41,2,weak,0.01,3,2,12,2,24,4,0
41,2,weak,0.01,4,1,12,2,24,4,0
41,2,weak,0.01,4,2,12,2,24,4,0
41,2,weak,0.01,5,1,12,2,24,4,0
41,2,weak,0.01,5,2,12,2,24,4,0
41,2,weak,0.05,1,1,12,2,24,4,0
41,2,weak,0.05,1,2,12,2,24,4,0
41,2,weak,0.05,2,1,12,2,24,4,0
41,2,weak,0.05,2,2,12,2,24,4,0
41,2,weak,0.05,3,1,12,2,24,4,0
41,2,weak,0.05,3,2,12,2,24,4,0
41,2,weak,0.05,4,1,12,2,24,4,0
41,2,weak,0.05,4,2,12,2,24,4,0
41,2,weak,0.05,5,1,12,2,24,4,0
41,2,weak,0.05,5,2,12,2,24,4,0
41,2,fd,0.0,0,1,12,2,24,28,0
41,2,fd,0.0,0,2,12,2,24,28,0
41,2,fd,0.01,1,1,12,2,24,4,0
41,2,fd,0.01,1,2,12,2,24,4,0
41,2,fd,0.01,2,1,12,2,24,4,0
41,2,fd,0.01,2,2,12,2,24,4,0
41,2,fd,0.01,3,1,12,2,24,4,0
41,2,fd,0.01,3,2,12,2,24,4,0
41,2,fd,0.01,4,1,12,2,24,4,0
41,2,fd,0.01,4,2,12,2,24,4,0
41,2,fd,0.01,5,1,12,2,24,4,0
41,2,fd,0.01,5,2,12,2,24,4,0
41,2,fd,0.05,1,1,12,2,24,4,0
41,2,fd,0.05,1,2,12,2,24,4,0
41,2,fd,0.05,2,1,12,2,24,4,0
41,2,fd,0.05,2,2,12,2,24,4,0
41,2,fd,0.05,3,1,12,2,24,4,0
41,2,fd,0.05,3,2,12,2,24,4,0
41,2,fd,0.05,4,1,12,2,24,4,0
41,2,fd,0.05,4,2,12,2,24,4,0
41,2,fd,0.05,5,1,12,2,24,4,0
41,2,fd,0.05,5,2,12,2,24,4,0
42,2,weak,0.0,0,1,12,2,24,28,0
42,2,weak,0.0,0,2,12,2,24,28,0
42,2,weak,0.01,1,1,12,2,24,4,0
42,2,weak,0.01,1,2,12,2,24,4,0
42,2,weak,0.01,2,1,12,2,24,4,0
42,2,weak,0.01,2,2,12,2,24,4,0
42,2,weak,0.01,3,1,12,2,24,4,0
42,2,weak,0.01,3,2,12,2,24,4,0
42,2,weak,0.01,4,1,12,2,24,4,0
42,2,weak,0.01,4,2,12,2,24,4,0
42,2,weak,0.01,5,1,12,2,24,4,0
42,2,weak,0.01,5,2,12,2,24,4,0
42,2,weak,0.05,1,1,12,2,24,4,0
42,2,weak,0.05,1,2,12,2,24,4,0
42,2,weak,0.05,2,1,12,2,24,4,0
42,2,weak,0.05,2,2,12,2,24,4,0
42,2,weak,0.05,3,1,12,2,24,4,0
42,2,weak,0.05,3,2,12,2,24,4,0
42,2,weak,0.05,4,1,12,2,24,4,0
42,2,weak,0.05,4,2,12,2,24,4,0
42,2,weak,0.05,5,1,12,2,24,4,0
42,2,weak,0.05,5,2,12,2,24,4,0
42,2,fd,0.0,0,1,12,2,24,28,0
42,2,fd,0.0,0,2,12,2,24,28,0
42,2,fd,0.01,1,1,12,2,24,4,0
42,2,fd,0.01,1,2,12,2,24,4,0
42,2,fd,0.01,2,1,12,2,24,4,0
42,2,fd,0.01,2,2,12,2,24,4,0
42,2,fd,0.01,3,1,12,2,24,4,0
42,2,fd,0.01,3,2,12,2,24,4,0
42,2,fd,0.01,4,1,12,2,24,4,0
42,2,fd,0.01,4,2,12,2,24,4,0
42,2,fd,0.01,5,1,12,2,24,4,0
42,2,fd,0.01,5,2,12,2,24,4,0
42,2,fd,0.05,1,1,12,2,24,4,0
42,2,fd,0.05,1,2,12,2,24,4,0
42,2,fd,0.05,2,1,12,2,24,4,0
42,2,fd,0.05,2,2,12,2,24,4,0
42,2,fd,0.05,3,1,12,2,24,4,0
42,2,fd,0.05,3,2,12,2,24,4,0
42,2,fd,0.05,4,1,12,2,24,4,0
42,2,fd,0.05,4,2,12,2,24,4,0
42,2,fd,0.05,5,1,12,2,24,4,0
42,2,fd,0.05,5,2,12,2,24,4,0
43,2,weak,0.0,0,1,12,2,24,28,0
43,2,weak,0.0,0,2,12,2,24,28,0
43,2,weak,0.01,1,1,12,2,24,4,0
43,2,weak,0.01,1,2,12,2,24,4,0
43,2,weak,0.01,2,1,12,2,24,4,0
43,2,weak,0.01,2,2,12,2,24,4,0
43,2,weak,0.01,3,1,12,2,24,4,0
43,2,weak,0.01,3,2,12,2,24,4,0
43,2,weak,0.01,4,1,12,2,24,4,0
43,2,weak,0.01,4,2,12,2,24,4,0
43,2,weak,0.01,5,1,12,2,24,4,0
43,2,weak,0.01,5,2,12,2,24,4,0
43,2,weak,0.05,1,1,12,2,24,4,0
43,2,weak,0.05,1,2,12,2,24,4,0
43,2,weak,0.05,2,1,12,2,24,4,0
43,2,weak,0.05,2,2,12,2,24,4,0
43,2,weak,0.05,3,1,12,2,24,4,0
43,2,weak,0.05,3,2,12,2,24,4,0
43,2,weak,0.05,4,1,12,2,24,4,0
43,2,weak,0.05,4,2,12,2,24,4,0
43,2,weak,0.05,5,1,12,2,24,4,0
43,2,weak,0.05,5,2,12,2,24,4,0
43,2,fd,0.0,0,1,12,2,24,28,0
43,2,fd,0.0,0,2,12,2,24,28,0
43,2,fd,0.01,1,1,12,2,24,4,0
43,2,fd,0.01,1,2,12,2,24,4,0
43,2,fd,0.01,2,1,12,2,24,4,0
43,2,fd,0.01,2,2,12,2,24,4,0
43,2,fd,0.01,3,1,12,2,24,4,0
43,2,fd,0.01,3,2,12,2,24,4,0
43,2,fd,0.01,4,1,12,2,24,4,0
43,2,fd,0.01,4,2,12,2,24,4,0
43,2,fd,0.01,5,1,12,2,24,4,0
43,2,fd,0.01,5,2,12,2,24,4,0
43,2,fd,0.05,1,1,12,2,24,4,0
43,2,fd,0.05,1,2,12,2,24,4,0
43,2,fd,0.05,2,1,12,2,24,4,0
43,2,fd,0.05,2,2,12,2,24,4,0
43,2,fd,0.05,3,1,12,2,24,4,0
43,2,fd,0.05,3,2,12,2,24,4,0
43,2,fd,0.05,4,1,12,2,24,4,0
43,2,fd,0.05,4,2,12,2,24,4,0
43,2,fd,0.05,5,1,12,2,24,4,0
43,2,fd,0.05,5,2,12,2,24,4,0
44,2,weak,0.0,0,1,12,2,24,28,0
44,2,weak,0.0,0,2,12,2,24,28,0
44,2,weak,0.01,1,1,12,2,24,4,0
44,2,weak,0.01,1,2,12,2,24,4,0
44,2,weak,0.01,2,1,12,2,24,4,0
44,2,weak,0.01,2,2,12,2,24,4,0
44,2,weak,0.01,3,1,12,2,24,4,0
44,2,weak,0.01,3,2,12,2,24,4,0
44,2,weak,0.01,4,1,12,2,24,4,0
44,2,weak,0.01,4,2,12,2,24,4,0
44,2,weak,0.01,5,1,12,2,24,4,0
44,2,weak,0.01,5,2,12,2,24,4,0
44,2,weak,0.05,1,1,12,2,24,4,0
44,2,weak,0.05,1,2,12,2,24,4,0
44,2,weak,0.05,2,1,12,2,24,4,0
44,2,weak,0.05,2,2,12,2,24,4,0
44,2,weak,0.05,3,1,12,2,24,4,0
44,2,weak,0.05,3,2,12,2,24,4,0
44,2,weak,0.05,4,1,12,2,24,4,0
44,2,weak,0.05,4,2,12,2,24,4,0
44,2,weak,0.05,5,1,12,2,24,4,0
44,2,weak,0.05,5,2,12,2,24,4,0
44,2,fd,0.0,0,1,12,2,24,28,0
44,2,fd,0.0,0,2,12,2,24,28,0
44,2,fd,0.01,1,1,12,2,24,4,0
44,2,fd,0.01,1,2,12,2,24,4,0
44,2,fd,0.01,2,1,12,2,24,4,0
44,2,fd,0.01,2,2,12,2,24,4,0
44,2,fd,0.01,3,1,12,2,24,4,0
44,2,fd,0.01,3,2,12,2,24,4,0
44,2,fd,0.01,4,1,12,2,24,4,0
44,2,fd,0.01,4,2,12,2,24,4,0
44,2,fd,0.01,5,1,12,2,24,4,0
44,2,fd,0.01,5,2,12,2,24,4,0
44,2,fd,0.05,1,1,12,2,24,4,0
44,2,fd,0.05,1,2,12,2,24,4,0
44,2,fd,0.05,2,1,12,2,24,4,0
44,2,fd,0.05,2,2,12,2,24,4,0
44,2,fd,0.05,3,1,12,2,24,4,0
44,2,fd,0.05,3,2,12,2,24,4,0
44,2,fd,0.05,4,1,12,2,24,4,0
44,2,fd,0.05,4,2,12,2,24,4,0
44,2,fd,0.05,5,1,12,2,24,4,0
44,2,fd,0.05,5,2,12,2,24,4,0
45,2,weak,0.0,0,1,12,2,24,28,0
45,2,weak,0.0,0,2,12,2,24,28,0
45,2,weak,0.01,1,1,12,2,24,4,0
45,2,weak,0.01,1,2,12,2,24,4,0
45,2,weak,0.01,2,1,12,2,24,4,0
45,2,weak,0.01,2,2,12,2,24,4,0
45,2,weak,0.01,3,1,12,2,24,4,0
45,2,weak,0.01,3,2,12,2,24,4,0
45,2,weak,0.01,4,1,12,2,24,4,0
45,2,weak,0.01,4,2,12,2,24,4,0
45,2,weak,0.01,5,1,12,2,24,4,0
45,2,weak,0.01,5,2,12,2,24,4,0
45,2,weak,0.05,1,1,12,2,24,4,0
45,2,weak,0.05,1,2,12,2,24,4,0
45,2,weak,0.05,2,1,12,2,24,4,0
45,2,weak,0.05,2,2,12,2,24,4,0
45,2,weak,0.05,3,1,12,2,24,4,0
45,2,weak,0.05,3,2,12,2,24,4,0
45,2,weak,0.05,4,1,12,2,24,4,0
45,2,weak,0.05,4,2,12,2,24,4,0
45,2,weak,0.05,5,1,12,2,24,4,0
45,2,weak,0.05,5,2,12,2,24,4,0
45,2,fd,0.0,0,1,12,2,24,28,0
45,2,fd,0.0,0,2,12,2,24,28,0
45,2,fd,0.01,1,1,12,2,24,4,0
45,2,fd,0.01,1,2,12,2,24,4,0
45,2,fd,0.01,2,1,12,2,24,4,0
45,2,fd,0.01,2,2,12,2,24,4,0
45,2,fd,0.01,3,1,12,2,24,4,0
45,2,fd,0.01,3,2,12,2,24,4,0
45,2,fd,0.01,4,1,12,2,24,4,0
45,2,fd,0.01,4,2,12,2,24,4,0
45,2,fd,0.01,5,1,12,2,24,4,0
45,2,fd,0.01,5,2,12,2,24,4,0
45,2,fd,0.05,1,1,12,2,24,4,0
45,2,fd,0.05,1,2,12,2,24,4,0
45,2,fd,0.05,2,1,12,2,24,4,0
45,2,fd,0.05,2,2,12,2,24,4,0
45,2,fd,0.05,3,1,12,2,24,4,0
45,2,fd,0.05,3,2,12,2,24,4,0
45,2,fd,0.05,4,1,12,2,24,4,0
45,2,fd,0.05,4,2,12,2,24,4,0
45,2,fd,0.05,5,1,12,2,24,4,0
45,2,fd,0.05,5,2,12,2,24,4,0
46,2,weak,0.0,0,1,12,2,24,28,0
46,2,weak,0.0,0,2,12,2,24,28,0
46,2,weak,0.01,1,1,12,2,24,4,0
46,2,weak,0.01,1,2,12,2,24,4,0
46,2,weak,0.01,2,1,12,2,24,4,0
46,2,weak,0.01,2,2,12,2,24,4,0
46,2,weak,0.01,3,1,12,2,24,4,0
46,2,weak,0.01,3,2,12,2,24,4,0
46,2,weak,0.01,4,1,12,2,24,4,0
46,2,weak,0.01,4,2,12,2,24,4,0
46,2,weak,0.01,5,1,12,2,24,4,0
46,2,weak,0.01,5,2,12,2,24,4,0
46,2,weak,0.05,1,1,12,2,24,4,0
46,2,weak,0.05,1,2,12,2,24,4,0
46,2,weak,0.05,2,1,12,2,24,4,0
46,2,weak,0.05,2,2,12,2,24,4,0
46,2,weak,0.05,3,1,12,2,24,4,0
46,2,weak,0.05,3,2,12,2,24,4,0
46,2,weak,0.05,4,1,12,2,24,4,0
46,2,weak,0.05,4,2,12,2,24,4,0
46,2,weak,0.05,5,1,12,2,24,4,0
46,2,weak,0.05,5,2,12,2,24,4,0
46,2,fd,0.0,0,1,12,2,24,28,0
46,2,fd,0.0,0,2,12,2,24,28,0
46,2,fd,0.01,1,1,12,2,24,4,0
46,2,fd,0.01,1,2,12,2,24,4,0
46,2,fd,0.01,2,1,12,2,24,4,0
46,2,fd,0.01,2,2,12,2,24,4,0
46,2,fd,0.01,3,1,12,2,24,4,0
46,2,fd,0.01,3,2,12,2,24,4,0
46,2,fd,0.01,4,1,12,2,24,4,0
46,2,fd,0.01,4,2,12,2,24,4,0
46,2,fd,0.01,5,1,12,2,24,4,0
46,2,fd,0.01,5,2,12,2,24,4,0
46,2,fd,0.05,1,1,12,2,24,4,0
46,2,fd,0.05,1,2,12,2,24,4,0
46,2,fd,0.05,2,1,12,2,24,4,0
46,2,fd,0.05,2,2,12,2,24,4,0
46,2,fd,0.05,3,1,12,2,24,4,0
46,2,fd,0.05,3,2,12,2,24,4,0
46,2,fd,0.05,4,1,12,2,24,4,0
46,2,fd,0.05,4,2,12,2,24,4,0
46,2,fd,0.05,5,1,12,2,24,4,0
46,2,fd,0.05,5,2,12,2,24,4,0
47,2,weak,0.0,0,1,12,2,24,28,0
47,2,weak,0.0,0,2,12,2,24,28,0
47,2,weak,0.01,1,1,12,2,24,4,0
47,2,weak,0.01,1,2,12,2,24,4,0
47,2,weak,0.01,2,1,12,2,24,4,0
47,2,weak,0.01,2,2,12,2,24,4,0
47,2,weak,0.01,3,1,12,2,24,4,0
47,2,weak,0.01,3,2,12,2,24,4,0
47,2,weak,0.01,4,1,12,2,24,4,0
47,2,weak,0.01,4,2,12,2,24,4,0
47,2,weak,0.01,5,1,12,2,24,4,0
47,2,weak,0.01,5,2,12,2,24,4,0
47,2,weak,0.05,1,1,12,2,24,4,0
47,2,weak,0.05,1,2,12,2,24,4,0
47,2,weak,0.05,2,1,12,2,24,4,0
47,2,weak,0.05,2,2,12,2,24,4,0
47,2,weak,0.05,3,1,12,2,24,4,0
47,2,weak,0.05,3,2,12,2,24,4,0
47,2,weak,0.05,4,1,12,2,24,4,0
47,2,weak,0.05,4,2,12,2,24,4,0
47,2,weak,0.05,5,1,12,2,24,4,0
47,2,weak,0.05,5,2,12,2,24,4,0
47,2,fd,0.0,0,1,12,2,24,28,0
47,2,fd,0.0,0,2,12,2,24,28,0
47,2,fd,0.01,1,1,12,2,24,4,0
47,2,fd,0.01,1,2,12,2,24,4,0
47,2,fd,0.01,2,1,12,2,24,4,0
47,2,fd,0.01,2,2,12,2,24,4,0
47,2,fd,0.01,3,1,12,2,24,4,0
47,2,fd,0.01,3,2,12,2,24,4,0
47,2,fd,0.01,4,1,12,2,24,4,0
47,2,fd,0.01,4,2,12,2,24,4,0
47,2,fd,0.01,5,1,12,2,24,4,0
47,2,fd,0.01,5,2,12,2,24,4,0
47,2,fd,0.05,1,1,12,2,24,4,0
47,2,fd,0.05,1,2,12,2,24,4,0
47,2,fd,0.05,2,1,12,2,24,4,0
47,2,fd,0.05,2,2,12,2,24,4,0
47,2,fd,0.05,3,1,12,2,24,4,0
47,2,fd,0.05,3,2,12,2,24,4,0
47,2,fd,0.05,4,1,12,2,24,4,0
47,2,fd,0.05,4,2,12,2,24,4,0
47,2,fd,0.05,5,1,12,2,24,4,0
47,2,fd,0.05,5,2,12,2,24,4,0
48,2,weak,0.0,0,1,12,2,24,28,0
48,2,weak,0.0,0,2,12,2,24,28,0
48,2,weak,0.01,1,1,12,2,24,4,0
48,2,weak,0.01,1,2,12,2,24,4,0
48,2,weak,0.01,2,1,12,2,24,4,0
48,2,weak,0.01,2,2,12,2,24,4,0
48,2,weak,0.01,3,1,12,2,24,4,0
48,2,weak,0.01,3,2,12,2,24,4,0
48,2,weak,0.01,4,1,12,2,24,4,0
48,2,weak,0.01,4,2,12,2,24,4,0
48,2,weak,0.01,5,1,12,2,24,4,0
48,2,weak,0.01,5,2,12,2,24,4,0
48,2,weak,0.05,1,1,12,2,24,4,0
48,2,weak,0.05,1,2,12,2,24,4,0
48,2,weak,0.05,2,1,12,2,24,4,0
48,2,weak,0.05,2,2,12,2,24,4,0
48,2,weak,0.05,3,1,12,2,24,4,0
48,2,weak,0.05,3,2,12,2,24,4,0
48,2,weak,0.05,4,1,12,2,24,4,0
48,2,weak,0.05,4,2,12,2,24,4,0
48,2,weak,0.05,5,1,12,2,24,4,0
48,2,weak,0.05,5,2,12,2,24,4,0
48,2,fd,0.0,0,1,12,2,24,28,0
48,2,fd,0.0,0,2,12,2,24,28,0
48,2,fd,0.01,1,1,12,2,24,4,0
48,2,fd,0.01,1,2,12,2,24,4,0
48,2,fd,0.01,2,1,12,2,24,4,0
48,2,fd,0.01,2,2,12,2,24,4,0
48,2,fd,0.01,3,1,12,2,24,4,0
48,2,fd,0.01,3,2,12,2,24,4,0
48,2,fd,0.01,4,1,12,2,24,4,0
48,2,fd,0.01,4,2,12,2,24,4,0
48,2,fd,0.01,5,1,12,2,24,4,0
48,2,fd,0.01,5,2,12,2,24,4,0
48,2,fd,0.05,1,1,12,2,24,4,0
48,2,fd,0.05,1,2,12,2,24,4,0
48,2,fd,0.05,2,1,12,2,24,4,0
48,2,fd,0.05,2,2,12,2,24,4,0
48,2,fd,0.05,3,1,12,2,24,4,0
48,2,fd,0.05,3,2,12,2,24,4,0
48,2,fd,0.05,4,1,12,2,24,4,0
48,2,fd,0.05,4,2,12,2,24,4,0
48,2,fd,0.05,5,1,12,2,24,4,0
48,2,fd,0.05,5,2,12,2,24,4,0
49,2,weak,0.0,0,1,12,2,24,28,0
49,2,weak,0.0,0,2,12,2,24,28,0
49,2,weak,0.01,1,1,12,2,24,4,0
49,2,weak,0.01,1,2,12,2,24,4,0
49,2,weak,0.01,2,1,12,2,24,4,0
49,2,weak,0.01,2,2,12,2,24,4,0
49,2,weak,0.01,3,1,12,2,24,4,0
49,2,weak,0.01,3,2,12,2,24,4,0
49,2,weak,0.01,4,1,12,2,24,4,0
49,2,weak,0.01,4,2,12,2,24,4,0
49,2,weak,0.01,5,1,12,2,24,4,0
49,2,weak,0.01,5,2,12,2,24,4,0
49,2,weak,0.05,1,1,12,2,24,4,0
49,2,weak,0.05,1,2,12,2,24,4,0
49,2,weak,0.05,2,1,12,2,24,4,0
49,2,weak,0.05,2,2,12,2,24,4,0
49,2,weak,0.05,3,1,12,2,24,4,0
49,2,weak,0.05,3,2,12,2,24,4,0
49,2,weak,0.05,4,1,12,2,24,4,0
49,2,weak,0.05,4,2,12,2,24,4,0
49,2,weak,0.05,5,1,12,2,24,4,0
49,2,weak,0.05,5,2,12,2,24,4,0
49,2,fd,0.0,0,1,12,2,24,28,0
49,2,fd,0.0,0,2,12,2,24,28,0
49,2,fd,0.01,1,1,12,2,24,4,0
49,2,fd,0.01,1,2,12,2,24,4,0
49,2,fd,0.01,2,1,12,2,24,4,0
49,2,fd,0.01,2,2,12,2,24,4,0
49,2,fd,0.01,3,1,12,2,24,4,0
49,2,fd,0.01,3,2,12,2,24,4,0
49,2,fd,0.01,4,1,12,2,24,4,0
49,2,fd,0.01,4,2,12,2,24,4,0
49,2,fd,0.01,5,1,12,2,24,4,0
49,2,fd,0.01,5,2,12,2,24,4,0
49,2,fd,0.05,1,1,12,2,24,4,0
49,2,fd,0.05,1,2,12,2,24,4,0
49,2,fd,0.05,2,1,12,2,24,4,0
49,2,fd,0.05,2,2,12,2,24,4,0
49,2,fd,0.05,3,1,12,2,24,4,0
49,2,fd,0.05,3,2,12,2,24,4,0
49,2,fd,0.05,4,1,12,2,24,4,0
49,2,fd,0.05,4,2,12,2,24,4,0
49,2,fd,0.05,5,1,12,2,24,4,0
49,2,fd,0.05,5,2,12,2,24,4,0
50,2,weak,0.0,0,1,12,2,24,28,0
50,2,weak,0.0,0,2,12,2,24,28,0
50,2,weak,0.01,1,1,12,2,24,4,0
50,2,weak,0.01,1,2,12,2,24,4,0
50,2,weak,0.01,2,1,12,2,24,4,0
50,2,weak,0.01,2,2,12,2,24,4,0
50,2,weak,0.01,3,1,12,2,24,4,0
50,2,weak,0.01,3,2,12,2,24,4,0
50,2,weak,0.01,4,1,12,2,24,4,0
50,2,weak,0.01,4,2,12,2,24,4,0
50,2,weak,0.01,5,1,12,2,24,4,0
50,2,weak,0.01,5,2,12,2,24,4,0
50,2,weak,0.05,1,1,12,2,24,4,0
50,2,weak,0.05,1,2,12,2,24,4,0
50,2,weak,0.05,2,1,12,2,24,4,0
50,2,weak,0.05,2,2,12,2,24,4,0
50,2,weak,0.05,3,1,12,2,24,4,0
50,2,weak,0.05,3,2,12,2,24,4,0
50,2,weak,0.05,4,1,12,2,24,4,0
50,2,weak,0.05,4,2,12,2,24,4,0
50,2,weak,0.05,5,1,12,2,24,4,0
50,2,weak,0.05,5,2,12,2,24,4,0
50,2,fd,0.0,0,1,12,2,24,28,0
50,2,fd,0.0,0,2,12,2,24,28,0
50,2,fd,0.01,1,1,12,2,24,4,0
50,2,fd,0.01,1,2,12,2,24,4,0
50,2,fd,0.01,2,1,12,2,24,4,0
50,2,fd,0.01,2,2,12,2,24,4,0
50,2,fd,0.01,3,1,12,2,24,4,0
50,2,fd,0.01,3,2,12,2,24,4,0
50,2,fd,0.01,4,1,12,2,24,4,0
50,2,fd,0.01,4,2,12,2,24,4,0
50,2,fd,0.01,5,1,12,2,24,4,0
50,2,fd,0.01,5,2,12,2,24,4,0
50,2,fd,0.05,1,1,12,2,24,4,0
50,2,fd,0.05,1,2,12,2,24,4,0
50,2,fd,0.05,2,1,12,2,24,4,0
50,2,fd,0.05,2,2,12,2,24,4,0
50,2,fd,0.05,3,1,12,2,24,4,0
50,2,fd,0.05,3,2,12,2,24,4,0
50,2,fd,0.05,4,1,12,2,24,4,0
50,2,fd,0.05,4,2,12,2,24,4,0
50,2,fd,0.05,5,1,12,2,24,4,0
50,2,fd,0.05,5,2,12,2,24,4,0
51,2,weak,0.0,0,1,12,2,24,28,0
51,2,weak,0.0,0,2,12,2,24,28,0
51,2,weak,0.01,1,1,12,2,24,4,0
51,2,weak,0.01,1,2,12,2,24,4,0
51,2,weak,0.01,2,1,12,2,24,4,0
51,2,weak,0.01,2,2,12,2,24,4,0
51,2,weak,0.01,3,1,12,2,24,4,0
51,2,weak,0.01,3,2,12,2,24,4,0
51,2,weak,0.01,4,1,12,2,24,4,0
51,2,weak,0.01,4,2,12,2,24,4,0
51,2,weak,0.01,5,1,12,2,24,4,0
51,2,weak,0.01,5,2,12,2,24,4,0
51,2,weak,0.05,1,1,12,2,24,4,0
51,2,weak,0.05,1,2,12,2,24,4,0
51,2,weak,0.05,2,1,12,2,24,4,0
51,2,weak,0.05,2,2,12,2,24,4,0
51,2,weak,0.05,3,1,12,2,24,4,0
51,2,weak,0.05,3,2,12,2,24,4,0
51,2,weak,0.05,4,1,12,2,24,4,0
51,2,weak,0.05,4,2,12,2,24,4,0
51,2,weak,0.05,5,1,12,2,24,4,0
51,2,weak,0.05,5,2,12,2,24,4,0
51,2,fd,0.0,0,1,12,2,24,28,0
51,2,fd,0.0,0,2,12,2,24,28,0
51,2,fd,0.01,1,1,12,2,24,4,0
51,2,fd,0.01,1,2,12,2,24,4,0
51,2,fd,0.01,2,1,12,2,24,4,0
51,2,fd,0.01,2,2,12,2,24,4,0
51,2,fd,0.01,3,1,12,2,24,4,0
51,2,fd,0.01,3,2,12,2,24,4,0
51,2,fd,0.01,4,1,12,2,24,4,0
51,2,fd,0.01,4,2,12,2,24,4,0
51,2,fd,0.01,5,1,12,2,24,4,0
51,2,fd,0.01,5,2,12,2,24,4,0
51,2,fd,0.05,1,1,12,2,24,4,0
51,2,fd,0.05,1,2,12,2,24,4,0
51,2,fd,0.05,2,1,12,2,24,4,0
51,2,fd,0.05,2,2,12,2,24,4,0
51,2,fd,0.05,3,1,12,2,24,4,0
51,2,fd,0.05,3,2,12,2,24,4,0
51,2,fd,0.05,4,1,12,2,24,4,0
51,2,fd,0.05,4,2,12,2,24,4,0
51,2,fd,0.05,5,1,12,2,24,4,0
51,2,fd,0.05,5,2,12,2,24,4,0
52,3,weak,0.0,0,1,19,3,57,42,0
52,3,weak,0.0,0,2,19,3,57,42,0
52,3,weak,0.01,1,1,19,3,57,4,0
52,3,weak,0.01,1,2,19,3,57,4,0
52,3,weak,0.01,2,1,19,3,57,4,0
52,3,weak,0.01,2,2,19,3,57,4,0
52,3,weak,0.01,3,1,19,3,57,4,0
52,3,weak,0.01,3,2,19,3,57,4,0
52,3,weak,0.01,4,1,19,3,57,4,0
52,3,weak,0.01,4,2,19,3,57,4,0
52,3,weak,0.01,5,1,19,3,57,4,0
52,3,weak,0.01,5,2,19,3,57,4,0
52,3,weak,0.05,1,1,19,3,57,4,0
52,3,weak,0.05,1,2,19,3,57,4,0
52,3,weak,0.05,2,1,19,3,57,4,0
52,3,weak,0.05,2,2,19,3,57,4,0
52,3,weak,0.05,3,1,19,3,57,4,0
52,3,weak,0.05,3,2,19,3,57,4,0
52,3,weak,0.05,4,1,19,3,57,4,0
52,3,weak,0.05,4,2,19,3,57,4,0
52,3,weak,0.05,5,1,19,3,57,4,0
52,3,weak,0.05,5,2,19,3,57,4,0
52,3,fd,0.0,0,1,19,3,57,42,0
52,3,fd,0.0,0,2,19,3,57,42,0
52,3,fd,0.01,1,1,19,3,57,4,0
52,3,fd,0.01,1,2,19,3,57,4,0
52,3,fd,0.01,2,1,19,3,57,4,0
52,3,fd,0.01,2,2,19,3,57,4,0
52,3,fd,0.01,3,1,19,3,57,4,0
52,3,fd,0.01,3,2,19,3,57,4,0
52,3,fd,0.01,4,1,19,3,57,4,0
52,3,fd,0.01,4,2,19,3,57,4,0
52,3,fd,0.01,5,1,19,3,57,4,0
52,3,fd,0.01,5,2,19,3,57,4,0
52,3,fd,0.05,1,1,19,3,57,4,0
52,3,fd,0.05,1,2,19,3,57,4,0
52,3,fd,0.05,2,1,19,3,57,4,0
52,3,fd,0.05,2,2,19,3,57,4,0
52,3,fd,0.05,3,1,19,3,57,4,0
52,3,fd,0.05,3,2,19,3,57,4,0
52,3,fd,0.05,4,1,19,3,57,4,0
52,3,fd,0.05,4,2,19,3,57,4,0
52,3,fd,0.05,5,1,19,3,57,4,0
52,3,fd,0.05,5,2,19,3,57,4,0
53,3,weak,0.0,0,1,19,3,57,42,0
53,3,weak,0.0,0,2,19,3,57,42,0
53,3,weak,0.01,1,1,19,3,57,4,0
53,3,weak,0.01,1,2,19,3,57,4,0
53,3,weak,0.01,2,1,19,3,57,4,0
53,3,weak,0.01,2,2,19,3,57,4,0
53,3,weak,0.01,3,1,19,3,57,4,0
53,3,weak,0.01,3,2,19,3,57,4,0
53,3,weak,0.01,4,1,19,3,57,4,0
53,3,weak,0.01,4,2,19,3,57,4,0
53,3,weak,0.01,5,1,19,3,57,4,0
53,3,weak,0.01,5,2,19,3,57,4,0
53,3,weak,0.05,1,1,19,3,57,4,0
53,3,weak,0.05,1,2,19,3,57,4,0
53,3,weak,0.05,2,1,19,3,57,4,0
53,3,weak,0.05,2,2,19,3,57,4,0
53,3,weak,0.05,3,1,19,3,57,4,0
53,3,weak,0.05,3,2,19,3,57,4,0
53,3,weak,0.05,4,1,19,3,57,4,0
53,3,weak,0.05,4,2,19,3,57,4,0
53,3,weak,0.05,5,1,19,3,57,4,0
53,3,weak,0.05,5,2,19,3,57,4,0
53,3,fd,0.0,0,1,19,3,57,42,0
53,3,fd,0.0,0,2,19,3,57,42,0
53,3,fd,0.01,1,1,19,3,57,4,0
53,3,fd,0.01,1,2,19,3,57,4,0
53,3,fd,0.01,2,1,19,3,57,4,0
53,3,fd,0.01,2,2,19,3,57,4,0
53,3,fd,0.01,3,1,19,3,57,4,0
53,3,fd,0.01,3,2,19,3,57,4,0
53,3,fd,0.01,4,1,19,3,57,4,0
53,3,fd,0.01,4,2,19,3,57,4,0
53,3,fd,0.01,5,1,19,3,57,4,0
53,3,fd,0.01,5,2,19,3,57,4,0
53,3,fd,0.05,1,1,19,3,57,4,0
53,3,fd,0.05,1,2,19,3,57,4,0
53,3,fd,0.05,2,1,19,3,57,4,0
53,3,fd,0.05,2,2,19,3,57,4,0
53,3,fd,0.05,3,1,19,3,57,4,0
53,3,fd,0.05,3,2,19,3,57,4,0
53,3,fd,0.05,4,1,19,3,57,4,0
53,3,fd,0.05,4,2,19,3,57,4,0
53,3,fd,0.05,5,1,19,3,57,4,0
53,3,fd,0.05,5,2,19,3,57,4,0
54,3,weak,0.0,0,1,19,3,57,42,0
54,3,weak,0.0,0,2,19,3,57,42,0
54,3,weak,0.01,1,1,19,3,57,4,0
54,3,weak,0.01,1,2,19,3,57,4,0
54,3,weak,0.01,2,1,19,3,57,4,0
54,3,weak,0.01,2,2,19,3,57,4,0
54,3,weak,0.01,3,1,19,3,57,4,0
54,3,weak,0.01,3,2,19,3,57,4,0
54,3,weak,0.01,4,1,19,3,57,4,0
54,3,weak,0.01,4,2,19,3,57,4,0
54,3,weak,0.01,5,1,19,3,57,4,0
54,3,weak,0.01,5,2,19,3,57,4,0
54,3,weak,0.05,1,1,19,3,57,4,0
54,3,weak,0.05,1,2,19,3,57,4,0
54,3,weak,0.05,2,1,19,3,57,4,0
54,3,weak,0.05,2,2,19,3,57,4,0
54,3,weak,0.05,3,1,19,3,57,4,0
54,3,weak,0.05,3,2,19,3,57,4,0
54,3,weak,0.05,4,1,19,3,57,4,0
54,3,weak,0.05,4,2,19,3,57,4,0
54,3,weak,0.05,5,1,19,3,57,4,0
54,3,weak,0.05,5,2,19,3,57,4,0
54,3,fd,0.0,0,1,19,3,57,42,0
54,3,fd,0.0,0,2,19,3,57,42,0
54,3,fd,0.01,1,1,19,3,57,4,0
54,3,fd,0.01,1,2,19,3,57,4,0
54,3,fd,0.01,2,1,19,3,57,4,0
54,3,fd,0.01,2,2,19,3,57,4,0
54,3,fd,0.01,3,1,19,3,57,4,0
54,3,fd,0.01,3,2,19,3,57,4,0
54,3,fd,0.01,4,1,19,3,57,4,0
54,3,fd,0.01,4,2,19,3,57,4,0
54,3,fd,0.01,5,1,19,3,57,4,0
54,3,fd,0.01,5,2,19,3,57,4,0
54,3,fd,0.05,1,1,19,3,57,4,0
54,3,fd,0.05,1,2,19,3,57,4,0
54,3,fd,0.05,2,1,19,3,57,4,0
54,3,fd,0.05,2,2,19,3,57,4,0
54,3,fd,0.05,3,1,19,3,57,4,0
54,3,fd,0.05,3,2,19,3,57,4,0
54,3,fd,0.05,4,1,19,3,57,4,0
54,3,fd,0.05,4,2,19,3,57,4,0
54,3,fd,0.05,5,1,19,3,57,4,0
54,3,fd,0.05,5,2,19,3,57,4,0
55,3,weak,0.0,0,1,19,3,57,42,0
55,3,weak,0.0,0,2,19,3,57,42,0
55,3,weak,0.01,1,1,19,3,57,4,0
55,3,weak,0.01,1,2,19,3,57,4,0
55,3,weak,0.01,2,1,19,3,57,4,0
55,3,weak,0.01,2,2,19,3,57,4,0
55,3,weak,0.01,3,1,19,3,57,4,0
55,3,weak,0.01,3,2,19,3,57,4,0
55,3,weak,0.01,4,1,19,3,57,4,0
55,3,weak,0.01,4,2,19,3,57,4,0
55,3,weak,0.01,5,1,19,3,57,4,0
55,3,weak,0.01,5,2,19,3,57,4,0
55,3,weak,0.05,1,1,19,3,57,4,0
55,3,weak,0.05,1,2,19,3,57,4,0
55,3,weak,0.05,2,1,19,3,57,4,0
55,3,weak,0.05,2,2,19,3,57,4,0
55,3,weak,0.05,3,1,19,3,57,4,0
55,3,weak,0.05,3,2,19,3,57,4,0
55,3,weak,0.05,4,1,19,3,57,4,0
55,3,weak,0.05,4,2,19,3,57,4,0
55,3,weak,0.05,5,1,19,3,57,4,0
55,3,weak,0.05,5,2,19,3,57,4,0
55,3,fd,0.0,0,1,19,3,57,42,0
55,3,fd,0.0,0,2,19,3,57,42,0
55,3,fd,0.01,1,1,19,3,57,4,0
55,3,fd,0.01,1,2,19,3,57,4,0
55,3,fd,0.01,2,1,19,3,57,4,0
55,3,fd,0.01,2,2,19,3,57,4,0
55,3,fd,0.01,3,1,19,3,57,4,0
55,3,fd,0.01,3,2,19,3,57,4,0
55,3,fd,0.01,4,1,19,3,57,4,0
55,3,fd,0.01,4,2,19,3,57,4,0
55,3,fd,0.01,5,1,19,3,57,4,0
55,3,fd,0.01,5,2,19,3,57,4,0
55,3,fd,0.05,1,1,19,3,57,4,0
55,3,fd,0.05,1,2,19,3,57,4,0
55,3,fd,0.05,2,1,19,3,57,4,0
55,3,fd,0.05,2,2,19,3,57,4,0
55,3,fd,0.05,3,1,19,3,57,4,0
55,3,fd,0.05,3,2,19,3,57,4,0
55,3,fd,0.05,4,1,19,3,57,4,0
55,3,fd,0.05,4,2,19,3,57,4,0
55,3,fd,0.05,5,1,19,3,57,4,0
55,3,fd,0.05,5,2,19,3,57,4,0
56,3,weak,0.0,0,1,19,3,57,42,0
56,3,weak,0.0,0,2,19,3,57,42,0
56,3,weak,0.01,1,1,19,3,57,4,0
56,3,weak,0.01,1,2,19,3,57,4,0
56,3,weak,0.01,2,1,19,3,57,4,0
56,3,weak,0.01,2,2,19,3,57,4,0
56,3,weak,0.01,3,1,19,3,57,4,0
56,3,weak,0.01,3,2,19,3,57,4,0
56,3,weak,0.01,4,1,19,3,57,4,0
56,3,weak,0.01,4,2,19,3,57,4,0
56,3,weak,0.01,5,1,19,3,57,4,0
56,3,weak,0.01,5,2,19,3,57,4,0
56,3,weak,0.05,1,1,19,3,57,4,0
56,3,weak,0.05,1,2,19,3,57,4,0
56,3,weak,0.05,2,1,19,3,57,4,0
56,3,weak,0.05,2,2,19,3,57,4,0
56,3,weak,0.05,3,1,19,3,57,4,0
56,3,weak,0.05,3,2,19,3,57,4,0
56,3,weak,0.05,4,1,19,3,57,4,0
56,3,weak,0.05,4,2,19,3,57,4,0
56,3,weak,0.05,5,1,19,3,57,4,0
56,3,weak,0.05,5,2,19,3,57,4,0
56,3,fd,0.0,0,1,19,3,57,42,0
56,3,fd,0.0,0,2,19,3,57,42,0
56,3,fd,0.01,1,1,19,3,57,4,0
56,3,fd,0.01,1,2,19,3,57,4,0
56,3,fd,0.01,2,1,19,3,57,4,0
56,3,fd,0.01,2,2,19,3,57,4,0
56,3,fd,0.01,3,1,19,3,57,4,0
56,3,fd,0.01,3,2,19,3,57,4,0
56,3,fd,0.01,4,1,19,3,57,4,0
56,3,fd,0.01,4,2,19,3,57,4,0
56,3,fd,0.01,5,1,19,3,57,4,0
56,3,fd,0.01,5,2,19,3,57,4,0
56,3,fd,0.05,1,1,19,3,57,4,0
56,3,fd,0.05,1,2,19,3,57,4,0
56,3,fd,0.05,2,1,19,3,57,4,0
56,3,fd,0.05,2,2,19,3,57,4,0
56,3,fd,0.05,3,1,19,3,57,4,0
56,3,fd,0.05,3,2,19,3,57,4,0
56,3,fd,0.05,4,1,19,3,57,4,0
56,3,fd,0.05,4,2,19,3,57,4,0
56,3,fd,0.05,5,1,19,3,57,4,0
56,3,fd,0.05,5,2,19,3,57,4,0
57,3,weak,0.0,0,1,19,3,57,42,0
57,3,weak,0.0,0,2,19,3,57,42,0
57,3,weak,0.01,1,1,19,3,57,4,0
57,3,weak,0.01,1,2,19,3,57,4,0
57,3,weak,0.01,2,1,19,3,57,4,0
57,3,weak,0.01,2,2,19,3,57,4,0
57,3,weak,0.01,3,1,19,3,57,4,0
57,3,weak,0.01,3,2,19,3,57,4,0
57,3,weak,0.01,4,1,19,3,57,4,0
57,3,weak,0.01,4,2,19,3,57,4,0
57,3,weak,0.01,5,1,19,3,57,4,0
57,3,weak,0.01,5,2,19,3,57,4,0
57,3,weak,0.05,1,1,19,3,57,4,0
57,3,weak,0.05,1,2,19,3,57,4,0
57,3,weak,0.05,2,1,19,3,57,4,0
57,3,weak,0.05,2,2,19,3,57,4,0
57,3,weak,0.05,3,1,19,3,57,4,0
57,3,weak,0.05,3,2,19,3,57,4,0
57,3,weak,0.05,4,1,19,3,57,4,0
57,3,weak,0.05,4,2,19,3,57,4,0
57,3,weak,0.05,5,1,19,3,57,4,0
57,3,weak,0.05,5,2,19,3,57,4,0
57,3,fd,0.0,0,1,19,3,57,42,0
57,3,fd,0.0,0,2,19,3,57,42,0
57,3,fd,0.01,1,1,19,3,57,4,0
57,3,fd,0.01,1,2,19,3,57,4,0
57,3,fd,0.01,2,1,19,3,57,4,0
57,3,fd,0.01,2,2,19,3,57,4,0
57,3,fd,0.01,3,1,19,3,57,4,0
57,3,fd,0.01,3,2,19,3,57,4,0
57,3,fd,0.01,4,1,19,3,57,4,0
57,3,fd,0.01,4,2,19,3,57,4,0
57,3,fd,0.01,5,1,19,3,57,4,0
57,3,fd,0.01,5,2,19,3,57,4,0
57,3,fd,0.05,1,1,19,3,57,4,0
57,3,fd,0.05,1,2,19,3,57,4,0
57,3,fd,0.05,2,1,19,3,57,4,0
57,3,fd,0.05,2,2,19,3,57,4,0
57,3,fd,0.05,3,1,19,3,57,4,0
57,3,fd,0.05,3,2,19,3,57,4,0
57,3,fd,0.05,4,1,19,3,57,4,0
57,3,fd,0.05,4,2,19,3,57,4,0
57,3,fd,0.05,5,1,19,3,57,4,0
57,3,fd,0.05,5,2,19,3,57,4,0
58,3,weak,0.0,0,1,19,3,57,42,0
58,3,weak,0.0,0,2,19,3,57,42,0
58,3,weak,0.01,1,1,19,3,57,4,0
58,3,weak,0.01,1,2,19,3,57,4,0
58,3,weak,0.01,2,1,19,3,57,4,0
58,3,weak,0.01,2,2,19,3,57,4,0
58,3,weak,0.01,3,1,19,3,57,4,0
58,3,weak,0.01,3,2,19,3,57,4,0
58,3,weak,0.01,4,1,19,3,57,4,0
58,3,weak,0.01,4,2,19,3,57,4,0
58,3,weak,0.01,5,1,19,3,57,4,0
58,3,weak,0.01,5,2,19,3,57,4,0
58,3,weak,0.05,1,1,19,3,57,4,0
58,3,weak,0.05,1,2,19,3,57,4,0
58,3,weak,0.05,2,1,19,3,57,4,0
58,3,weak,0.05,2,2,19,3,57,4,0
58,3,weak,0.05,3,1,19,3,57,4,0
58,3,weak,0.05,3,2,19,3,57,4,0
58,3,weak,0.05,4,1,19,3,57,4,0
58,3,weak,0.05,4,2,19,3,57,4,0
58,3,weak,0.05,5,1,19,3,57,4,0
58,3,weak,0.05,5,2,19,3,57,4,0
58,3,fd,0.0,0,1,19,3,57,42,0
58,3,fd,0.0,0,2,19,3,57,42,0
58,3,fd,0.01,1,1,19,3,57,4,0
58,3,fd,0.01,1,2,19,3,57,4,0
58,3,fd,0.01,2,1,19,3,57,4,0
58,3,fd,0.01,2,2,19,3,57,4,0
58,3,fd,0.01,3,1,19,3,57,4,0
58,3,fd,0.01,3,2,19,3,57,4,0
58,3,fd,0.01,4,1,19,3,57,4,0
58,3,fd,0.01,4,2,19,3,57,4,0
58,3,fd,0.01,5,1,19,3,57,4,0
58,3,fd,0.01,5,2,19,3,57,4,0
58,3,fd,0.05,1,1,19,3,57,4,0
58,3,fd,0.05,1,2,19,3,57,4,0
58,3,fd,0.05,2,1,19,3,57,4,0
58,3,fd,0.05,2,2,19,3,57,4,0
58,3,fd,0.05,3,1,19,3,57,4,0
58,3,fd,0.05,3,2,19,3,57,4,0
58,3,fd,0.05,4,1,19,3,57,4,0
58,3,fd,0.05,4,2,19,3,57,4,0
58,3,fd,0.05,5,1,19,3,57,4,0
58,3,fd,0.05,5,2,19,3,57,4,0
59,3,weak,0.0,0,1,19,3,57,42,0
59,3,weak,0.0,0,2,19,3,57,42,0
59,3,weak,0.01,1,1,19,3,57,4,0
59,3,weak,0.01,1,2,19,3,57,4,0
59,3,weak,0.01,2,1,19,3,57,4,0
59,3,weak,0.01,2,2,19,3,57,4,0
59,3,weak,0.01,3,1,19,3,57,4,0
59,3,weak,0.01,3,2,19,3,57,4,0
59,3,weak,0.01,4,1,19,3,57,4,0
59,3,weak,0.01,4,2,19,3,57,4,0
59,3,weak,0.01,5,1,19,3,57,4,0
59,3,weak,0.01,5,2,19,3,57,4,0
59,3,weak,0.05,1,1,19,3,57,4,0
59,3,weak,0.05,1,2,19,3,57,4,0
59,3,weak,0.05,2,1,19,3,57,4,0
59,3,weak,0.05,2,2,19,3,57,4,0
59,3,weak,0.05,3,1,19,3,57,4,0
59,3,weak,0.05,3,2,19,3,57,4,0
59,3,weak,0.05,4,1,19,3,57,4,0
59,3,weak,0.05,4,2,19,3,57,4,0
59,3,weak,0.05,5,1,19,3,57,4,0
59,3,weak,0.05,5,2,19,3,57,4,0
59,3,fd,0.0,0,1,19,3,57,42,0
59,3,fd,0.0,0,2,19,3,57,42,0
59,3,fd,0.01,1,1,19,3,57,4,0
59,3,fd,0.01,1,2,19,3,57,4,0
59,3,fd,0.01,2,1,19,3,57,4,0
59,3,fd,0.01,2,2,19,3,57,4,0
59,3,fd,0.01,3,1,19,3,57,4,0
59,3,fd,0.01,3,2,19,3,57,4,0
59,3,fd,0.01,4,1,19,3,57,4,0
59,3,fd,0.01,4,2,19,3,57,4,0
59,3,fd,0.01,5,1,19,3,57,4,0
59,3,fd,0.01,5,2,19,3,57,4,0
59,3,fd,0.05,1,1,19,3,57,4,0
59,3,fd,0.05,1,2,19,3,57,4,0
59,3,fd,0.05,2,1,19,3,57,4,0
59,3,fd,0.05,2,2,19,3,57,4,0
59,3,fd,0.05,3,1,19,3,57,4,0
59,3,fd,0.05,3,2,19,3,57,4,0
59,3,fd,0.05,4,1,19,3,57,4,0
59,3,fd,0.05,4,2,19,3,57,4,0
59,3,fd,0.05,5,1,19,3,57,4,0
59,3,fd,0.05,5,2,19,3,57,4,0
60,3,weak,0.0,0,1,19,3,57,42,0
60,3,weak,0.0,0,2,19,3,57,42,0
60,3,weak,0.01,1,1,19,3,57,4,0
60,3,weak,0.01,1,2,19,3,57,4,0
60,3,weak,0.01,2,1,19,3,57,4,0
60,3,weak,0.01,2,2,19,3,57,4,0
60,3,weak,0.01,3,1,19,3,57,4,0
60,3,weak,0.01,3,2,19,3,57,4,0
60,3,weak,0.01,4,1,19,3,57,4,0
60,3,weak,0.01,4,2,19,3,57,4,0
60,3,weak,0.01,5,1,19,3,57,4,0
60,3,weak,0.01,5,2,19,3,57,4,0
60,3,weak,0.05,1,1,19,3,57,4,0
60,3,weak,0.05,1,2,19,3,57,4,0
60,3,weak,0.05,2,1,19,3,57,4,0
60,3,weak,0.05,2,2,19,3,57,4,0
60,3,weak,0.05,3,1,19,3,57,4,0
60,3,weak,0.05,3,2,19,3,57,4,0
60,3,weak,0.05,4,1,19,3,57,4,0
60,3,weak,0.05,4,2,19,3,57,4,0
60,3,weak,0.05,5,1,19,3,57,4,0
60,3,weak,0.05,5,2,19,3,57,4,0
60,3,fd,0.0,0,1,19,3,57,42,0
60,3,fd,0.0,0,2,19,3,57,42,0
60,3,fd,0.01,1,1,19,3,57,4,0
60,3,fd,0.01,1,2,19,3,57,4,0
60,3,fd,0.01,2,1,19,3,57,4,0
60,3,fd,0.01,2,2,19,3,57,4,0
60,3,fd,0.01,3,1,19,3,57,4,0
60,3,fd,0.01,3,2,19,3,57,4,0
60,3,fd,0.01,4,1,19,3,57,4,0
60,3,fd,0.01,4,2,19,3,57,4,0
60,3,fd,0.01,5,1,19,3,57,4,0
60,3,fd,0.01,5,2,19,3,57,4,0
60,3,fd,0.05,1,1,19,3,57,4,0
60,3,fd,0.05,1,2,19,3,57,4,0
60,3,fd,0.05,2,1,19,3,57,4,0
60,3,fd,0.05,2,2,19,3,57,4,0
60,3,fd,0.05,3,1,19,3,57,4,0
60,3,fd,0.05,3,2,19,3,57,4,0
60,3,fd,0.05,4,1,19,3,57,4,0
60,3,fd,0.05,4,2,19,3,57,4,0
60,3,fd,0.05,5,1,19,3,57,4,0
60,3,fd,0.05,5,2,19,3,57,4,0
61,3,weak,0.0,0,1,19,3,57,42,0
61,3,weak,0.0,0,2,19,3,57,42,0
61,3,weak,0.01,1,1,19,3,57,4,0
61,3,weak,0.01,1,2,19,3,57,4,0
61,3,weak,0.01,2,1,19,3,57,4,0
61,3,weak,0.01,2,2,19,3,57,4,0
61,3,weak,0.01,3,1,19,3,57,4,0
61,3,weak,0.01,3,2,19,3,57,4,0
61,3,weak,0.01,4,1,19,3,57,4,0
61,3,weak,0.01,4,2,19,3,57,4,0
61,3,weak,0.01,5,1,19,3,57,4,0
61,3,weak,0.01,5,2,19,3,57,4,0
61,3,weak,0.05,1,1,19,3,57,4,0
61,3,weak,0.05,1,2,19,3,57,4,0
61,3,weak,0.05,2,1,19,3,57,4,0
61,3,weak,0.05,2,2,19,3,57,4,0
61,3,weak,0.05,3,1,19,3,57,4,0
61,3,weak,0.05,3,2,19,3,57,4,0
61,3,weak,0.05,4,1,19,3,57,4,0
61,3,weak,0.05,4,2,19,3,57,4,0
61,3,weak,0.05,5,1,19,3,57,4,0
61,3,weak,0.05,5,2,19,3,57,4,0
61,3,fd,0.0,0,1,19,3,57,42,0
61,3,fd,0.0,0,2,19,3,57,42,0
61,3,fd,0.01,1,1,19,3,57,4,0
61,3,fd,0.01,1,2,19,3,57,4,0
61,3,fd,0.01,2,1,19,3,57,4,0
61,3,fd,0.01,2,2,19,3,57,4,0
61,3,fd,0.01,3,1,19,3,57,4,0
61,3,fd,0.01,3,2,19,3,57,4,0
61,3,fd,0.01,4,1,19,3,57,4,0
61,3,fd,0.01,4,2,19,3,57,4,0
61,3,fd,0.01,5,1,19,3,57,4,0
61,3,fd,0.01,5,2,19,3,57,4,0
61,3,fd,0.05,1,1,19,3,57,4,0
61,3,fd,0.05,1,2,19,3,57,4,0
61,3,fd,0.05,2,1,19,3,57,4,0
61,3,fd,0.05,2,2,19,3,57,4,0
61,3,fd,0.05,3,1,19,3,57,4,0
61,3,fd,0.05,3,2,19,3,57,4,0
61,3,fd,0.05,4,1,19,3,57,4,0
61,3,fd,0.05,4,2,19,3,57,4,0
61,3,fd,0.05,5,1,19,3,57,4,0
61,3,fd,0.05,5,2,19,3,57,4,0
62,4,weak,0.0,0,1,27,4,108,58,0
62,4,weak,0.0,0,2,27,4,108,58,0
62,4,weak,0.01,1,1,27,4,108,4,0
62,4,weak,0.01,1,2,27,4,108,4,0
62,4,weak,0.01,2,1,27,4,108,4,0
62,4,weak,0.01,2,2,27,4,108,4,0
62,4,weak,0.01,3,1,27,4,108,4,0
62,4,weak,0.01,3,2,27,4,108,4,0
62,4,weak,0.01,4,1,27,4,108,4,0
62,4,weak,0.01,4,2,27,4,108,4,0
62,4,weak,0.01,5,1,27,4,108,4,0
62,4,weak,0.01,5,2,27,4,108,4,0
62,4,weak,0.05,1,1,27,4,108,4,0
62,4,weak,0.05,1,2,27,4,108,4,0
62,4,weak,0.05,2,1,27,4,108,4,0
62,4,weak,0.05,2,2,27,4,108,4,0
62,4,weak,0.05,3,1,27,4,108,4,0
62,4,weak,0.05,3,2,27,4,108,4,0
62,4,weak,0.05,4,1,27,4,108,4,0
62,4,weak,0.05,4,2,27,4,108,4,0
62,4,weak,0.05,5,1,27,4,108,4,0
62,4,weak,0.05,5,2,27,4,108,4,0
62,4,fd,0.0,0,1,27,4,108,58,0
62,4,fd,0.0,0,2,27,4,108,58,0
62,4,fd,0.01,1,1,27,4,108,4,0
62,4,fd,0.01,1,2,27,4,108,4,0
62,4,fd,0.01,2,1,27,4,108,4,0
62,4,fd,0.01,2,2,27,4,108,4,0
62,4,fd,0.01,3,1,27,4,108,4,0
62,4,fd,0.01,3,2,27,4,108,4,0
62,4,fd,0.01,4,1,27,4,108,4,0
62,4,fd,0.01,4,2,27,4,108,4,0
62,4,fd,0.01,5,1,27,4,108,4,0
62,4,fd,0.01,5,2,27,4,108,4,0
62,4,fd,0.05,1,1,27,4,108,4,0
62,4,fd,0.05,1,2,27,4,108,4,0
62,4,fd,0.05,2,1,27,4,108,4,0
62,4,fd,0.05,2,2,27,4,108,4,0
62,4,fd,0.05,3,1,27,4,108,4,0
62,4,fd,0.05,3,2,27,4,108,4,0
62,4,fd,0.05,4,1,27,4,108,4,0
62,4,fd,0.05,4,2,27,4,108,4,0
62,4,fd,0.05,5,1,27,4,108,4,0
62,4,fd,0.05,5,2,27,4,108,4,0
63,4,weak,0.0,0,1,27,4,108,58,0
63,4,weak,0.0,0,2,27,4,108,58,0
63,4,weak,0.01,1,1,27,4,108,4,0
63,4,weak,0.01,1,2,27,4,108,4,0
63,4,weak,0.01,2,1,27,4,108,4,0
63,4,weak,0.01,2,2,27,4,108,4,0
63,4,weak,0.01,3,1,27,4,108,4,0
63,4,weak,0.01,3,2,27,4,108,4,0
63,4,weak,0.01,4,1,27,4,108,4,0
63,4,weak,0.01,4,2,27,4,108,4,0
63,4,weak,0.01,5,1,27,4,108,4,0
63,4,weak,0.01,5,2,27,4,108,4,0
63,4,weak,0.05,1,1,27,4,108,4,0
63,4,weak,0.05,1,2,27,4,108,4,0
63,4,weak,0.05,2,1,27,4,108,4,0
63,4,weak,0.05,2,2,27,4,108,4,0
63,4,weak,0.05,3,1,27,4,108,4,0
63,4,weak,0.05,3,2,27,4,108,4,0
63,4,weak,0.05,4,1,27,4,108,4,0
63,4,weak,0.05,4,2,27,4,108,4,0
63,4,weak,0.05,5,1,27,4,108,4,0
63,4,weak,0.05,5,2,27,4,108,4,0
63,4,fd,0.0,0,1,27,4,108,58,0
63,4,fd,0.0,0,2,27,4,108,58,0
63,4,fd,0.01,1,1,27,4,108,4,0
63,4,fd,0.01,1,2,27,4,108,4,0
63,4,fd,0.01,2,1,27,4,108,4,0
63,4,fd,0.01,2,2,27,4,108,4,0
63,4,fd,0.01,3,1,27,4,108,4,0
63,4,fd,0.01,3,2,27,4,108,4,0
63,4,fd,0.01,4,1,27,4,108,4,0
63,4,fd,0.01,4,2,27,4,108,4,0
63,4,fd,0.01,5,1,27,4,108,4,0
63,4,fd,0.01,5,2,27,4,108,4,0
63,4,fd,0.05,1,1,27,4,108,4,0
63,4,fd,0.05,1,2,27,4,108,4,0
63,4,fd,0.05,2,1,27,4,108,4,0
63,4,fd,0.05,2,2,27,4,108,4,0
63,4,fd,0.05,3,1,27,4,108,4,0
63,4,fd,0.05,3,2,27,4,108,4,0
63,4,fd,0.05,4,1,27,4,108,4,0
63,4,fd,0.05,4,2,27,4,108,4,0
63,4,fd,0.05,5,1,27,4,108,4,0
63,4,fd,0.05,5,2,27,4,108,4,0
