run_id,experiment_id,phase,hypothesis,run_type,include_in_paper,system_id,system_name,system_dim,system_representability,system_expected_stage,variant,seed,status,inferred_status,success,failure_reason,started_at,finished_at,loss,objective,exact_support_match,final_stage,stage_overshoot,wasted_levels,total_loss_evals,total_invalid_evals,elapsed_s,partial,metrics_available,corrupted
2_evogrow_v1_seed42,paper1_phaseA_v1,A,H1_staged_growth_efficiency,exploratory,false,2,Population growth (linear),1,exact,1,evogrow_v1,42,finished,finished,true,,2026-04-22T16:47:15,2026-04-22T16:47:31,6.322743391075396e-12,0.0010000000063227433,true,1,0,0,36015,420,10.48799991607666,false,true,false
2_evogrow_v1_seed123,paper1_phaseA_v1,A,H1_staged_growth_efficiency,exploratory,false,2,Population growth (linear),1,exact,1,evogrow_v1,123,finished,finished,true,,2026-04-22T16:47:31,2026-04-22T16:47:40,6.322743391075396e-12,0.0010000000063227433,true,1,0,0,36828,504,8.700999975204468,false,true,false
2_evogrow_v1_seed7,paper1_phaseA_v1,A,H1_staged_growth_efficiency,exploratory,false,2,Population growth (linear),1,exact,1,evogrow_v1,7,finished,finished,true,,2026-04-22T16:47:40,2026-04-22T16:47:45,6.322743391075396e-12,0.0010000000063227433,true,1,0,0,36015,420,4.9100000858306885,false,true,false
2_evogrow_v1_seed99,paper1_phaseA_v1,A,H1_staged_growth_efficiency,exploratory,false,2,Population growth (linear),1,exact,1,evogrow_v1,99,finished,finished,true,,2026-04-22T16:47:46,2026-04-22T16:47:53,6.322743391075396e-12,0.0010000000063227433,true,1,0,0,36015,420,7.057999849319458,false,true,false
2_evogrow_v1_seed17,paper1_phaseA_v1,A,H1_staged_growth_efficiency,exploratory,false,2,Population growth (linear),1,exact,1,evogrow_v1,17,finished,finished,true,,2026-04-22T16:47:53,2026-04-22T16:47:58,6.322743391075396e-12,0.0010000000063227433,true,1,0,0,36828,504,4.778000116348267,false,true,false
2_evogrow_v2_1_seed42,paper1_phaseA_v1,A,H1_staged_growth_efficiency,exploratory,false,2,Population growth (linear),1,exact,1,evogrow_v2_1,42,finished,finished,true,,2026-04-22T16:47:58,2026-04-22T16:48:01,6.322743391075396e-12,0.0010000000063227433,true,1,0,0,2750,0,2.7939999103546143,false,true,false
2_evogrow_v2_1_seed123,paper1_phaseA_v1,A,H1_staged_growth_efficiency,exploratory,false,2,Population growth (linear),1,exact,1,evogrow_v2_1,123,finished,finished,true,,2026-04-22T16:48:01,2026-04-22T16:48:02,6.322743391075396e-12,0.0010000000063227433,true,1,0,0,2750,0,1.1329998970031738,false,true,false
2_evogrow_v2_1_seed7,paper1_phaseA_v1,A,H1_staged_growth_efficiency,exploratory,false,2,Population growth (linear),1,exact,1,evogrow_v2_1,7,finished,finished,true,,2026-04-22T16:48:02,2026-04-22T16:48:03,6.322743391075396e-12,0.0010000000063227433,true,1,0,0,2750,0,1.1660001277923584,false,true,false
2_evogrow_v2_1_seed99,paper1_phaseA_v1,A,H1_staged_growth_efficiency,exploratory,false,2,Population growth (linear),1,exact,1,evogrow_v2_1,99,finished,finished,true,,2026-04-22T16:48:04,2026-04-22T16:48:04,6.322743391075396e-12,0.0010000000063227433,true,1,0,0,2750,0,0.9470000267028809,false,true,false
2_evogrow_v2_1_seed17,paper1_phaseA_v1,A,H1_staged_growth_efficiency,exploratory,false,2,Population growth (linear),1,exact,1,evogrow_v2_1,17,finished,finished,true,,2026-04-22T16:48:05,2026-04-22T16:48:05,6.322743391075396e-12,0.0010000000063227433,true,1,0,0,2750,0,0.7439999580383301,false,true,false
2_evogrow_v2_2_stage_local_seed42,paper1_phaseA_v1,A,H1_staged_growth_efficiency,exploratory,false,2,Population growth (linear),1,exact,1,evogrow_v2_2_stage_local,42,finished,finished,true,,2026-04-22T15:16:43,2026-04-22T15:17:05,6.322743391075396e-12,0.0010000000063227433,true,1,0,0,1650,0,10.733999967575073,false,true,false
2_evogrow_v2_2_stage_local_seed123,paper1_phaseA_v1,A,H1_staged_growth_efficiency,exploratory,false,2,Population growth (linear),1,exact,1,evogrow_v2_2_stage_local,123,finished,finished,true,,2026-04-22T16:48:05,2026-04-22T16:48:06,6.322743391075396e-12,0.0010000000063227433,true,1,0,0,1650,0,0.36500000953674316,false,true,false
2_evogrow_v2_2_stage_local_seed7,paper1_phaseA_v1,A,H1_staged_growth_efficiency,exploratory,false,2,Population growth (linear),1,exact,1,evogrow_v2_2_stage_local,7,finished,finished,true,,2026-04-22T16:48:06,2026-04-22T16:48:06,6.322743391075396e-12,0.0010000000063227433,true,1,0,0,1650,0,0.3919999599456787,false,true,false
2_evogrow_v2_2_stage_local_seed99,paper1_phaseA_v1,A,H1_staged_growth_efficiency,exploratory,false,2,Population growth (linear),1,exact,1,evogrow_v2_2_stage_local,99,finished,finished,true,,2026-04-22T16:48:06,2026-04-22T16:48:07,6.322743391075396e-12,0.0010000000063227433,true,1,0,0,1650,0,0.3580000400543213,false,true,false
2_evogrow_v2_2_stage_local_seed17,paper1_phaseA_v1,A,H1_staged_growth_efficiency,exploratory,false,2,Population growth (linear),1,exact,1,evogrow_v2_2_stage_local,17,finished,finished,true,,2026-04-22T16:48:07,2026-04-22T16:48:07,6.322743391075396e-12,0.0010000000063227433,true,1,0,0,1650,0,0.3599998950958252,false,true,false
2_evogrow_v2_2_passive_seed42,paper1_phaseA_v1,A,H1_staged_growth_efficiency,exploratory,false,2,Population growth (linear),1,exact,1,evogrow_v2_2_passive,42,finished,finished,true,,2026-04-22T16:48:07,2026-04-22T16:48:08,6.322743391075396e-12,0.0010000000063227433,true,1,0,0,1650,0,0.41700005531311035,false,true,false
2_evogrow_v2_2_passive_seed123,paper1_phaseA_v1,A,H1_staged_growth_efficiency,exploratory,false,2,Population growth (linear),1,exact,1,evogrow_v2_2_passive,123,finished,finished,true,,2026-04-22T16:48:08,2026-04-22T16:48:08,6.322743391075396e-12,0.0010000000063227433,true,1,0,0,1650,0,0.38000011444091797,false,true,false
2_evogrow_v2_2_passive_seed7,paper1_phaseA_v1,A,H1_staged_growth_efficiency,exploratory,false,2,Population growth (linear),1,exact,1,evogrow_v2_2_passive,7,finished,finished,true,,2026-04-22T16:48:08,2026-04-22T16:48:09,6.322743391075396e-12,0.0010000000063227433,true,1,0,0,1650,0,0.3380000591278076,false,true,false
2_evogrow_v2_2_passive_seed99,paper1_phaseA_v1,A,H1_staged_growth_efficiency,exploratory,false,2,Population growth (linear),1,exact,1,evogrow_v2_2_passive,99,finished,finished,true,,2026-04-22T16:48:09,2026-04-22T16:48:09,6.322743391075396e-12,0.0010000000063227433,true,1,0,0,1650,0,0.35700011253356934,false,true,false
2_evogrow_v2_2_passive_seed17,paper1_phaseA_v1,A,H1_staged_growth_efficiency,exploratory,false,2,Population growth (linear),1,exact,1,evogrow_v2_2_passive,17,finished,finished,true,,2026-04-22T16:48:09,2026-04-22T16:48:10,6.322743391075396e-12,0.0010000000063227433,true,1,0,0,1650,0,0.3580000400543213,false,true,false
2_evogrow_v2_2_soft_seed42,paper1_phaseA_v1,A,H1_staged_growth_efficiency,exploratory,false,2,Population growth (linear),1,exact,1,evogrow_v2_2_soft,42,finished,finished,true,,2026-04-22T16:48:10,2026-04-22T16:48:10,6.322743391075396e-12,0.0010000000063227433,true,1,0,0,1650,0,0.3859999179840088,false,true,false
2_evogrow_v2_2_soft_seed123,paper1_phaseA_v1,A,H1_staged_growth_efficiency,exploratory,false,2,Population growth (linear),1,exact,1,evogrow_v2_2_soft,123,finished,finished,true,,2026-04-22T16:48:10,2026-04-22T16:48:11,6.322743391075396e-12,0.0010000000063227433,true,1,0,0,1650,0,0.5280001163482666,false,true,false
2_evogrow_v2_2_soft_seed7,paper1_phaseA_v1,A,H1_staged_growth_efficiency,exploratory,false,2,Population growth (linear),1,exact,1,evogrow_v2_2_soft,7,finished,finished,true,,2026-04-22T16:48:11,2026-04-22T16:48:11,6.322743391075396e-12,0.0010000000063227433,true,1,0,0,1650,0,0.38299989700317383,false,true,false
2_evogrow_v2_2_soft_seed99,paper1_phaseA_v1,A,H1_staged_growth_efficiency,exploratory,false,2,Population growth (linear),1,exact,1,evogrow_v2_2_soft,99,finished,finished,true,,2026-04-22T16:48:11,2026-04-22T16:48:12,6.322743391075396e-12,0.0010000000063227433,true,1,0,0,1650,0,0.3919999599456787,false,true,false
2_evogrow_v2_2_soft_seed17,paper1_phaseA_v1,A,H1_staged_growth_efficiency,exploratory,false,2,Population growth (linear),1,exact,1,evogrow_v2_2_soft,17,finished,finished,true,,2026-04-22T16:48:12,2026-04-22T16:48:12,6.322743391075396e-12,0.0010000000063227433,true,1,0,0,1650,0,0.42799997329711914,false,true,false
2_gp_baseline_seed42,paper1_phaseA_v1,A,H1_staged_growth_efficiency,exploratory,false,2,Population growth (linear),1,exact,1,gp_baseline,42,finished,finished,true,,2026-04-22T16:48:13,2026-04-22T16:48:23,6.322743391075396e-12,0.0010000000063227433,true,,,0,30048,816,8.999000072479248,false,true,false
2_gp_baseline_seed123,paper1_phaseA_v1,A,H1_staged_growth_efficiency,exploratory,false,2,Population growth (linear),1,exact,1,gp_baseline,123,finished,finished,true,,2026-04-22T16:48:23,2026-04-22T16:48:34,6.322743391075396e-12,0.0010000000063227433,true,,,0,39753,2560,11.174999952316284,false,true,false
2_gp_baseline_seed7,paper1_phaseA_v1,A,H1_staged_growth_efficiency,exploratory,false,2,Population growth (linear),1,exact,1,gp_baseline,7,finished,finished,true,,2026-04-22T16:48:34,2026-04-22T16:48:48,6.322743391075396e-12,0.0010000000063227433,true,,,0,57469,3655,13.825000047683716,false,true,false
2_gp_baseline_seed99,paper1_phaseA_v1,A,H1_staged_growth_efficiency,exploratory,false,2,Population growth (linear),1,exact,1,gp_baseline,99,finished,finished,true,,2026-04-22T16:48:48,2026-04-22T16:48:53,6.322743391075396e-12,0.0010000000063227433,true,,,0,21158,1472,4.642999887466431,false,true,false
2_gp_baseline_seed17,paper1_phaseA_v1,A,H1_staged_growth_efficiency,exploratory,false,2,Population growth (linear),1,exact,1,gp_baseline,17,finished,finished,true,,2026-04-22T16:48:53,2026-04-22T16:48:58,6.322743391075396e-12,0.0010000000063227433,true,,,0,23050,1600,4.64900016784668,false,true,false
3_evogrow_v1_seed42,paper1_phaseA_v1,A,H1_staged_growth_efficiency,exploratory,false,3,Logistic growth,1,exact,2,evogrow_v1,42,finished,finished,true,,2026-04-22T16:48:58,2026-04-22T16:49:03,3.236362682414739e-8,0.002000032363626824,true,1,0,0,10320,3255,4.7149999141693115,false,true,false
3_evogrow_v1_seed123,paper1_phaseA_v1,A,H1_staged_growth_efficiency,exploratory,false,3,Logistic growth,1,exact,2,evogrow_v1,123,finished,finished,true,,2026-04-22T16:49:03,2026-04-22T16:49:08,3.236362682414739e-8,0.002000032363626824,true,1,0,0,9918,3330,4.710999965667725,false,true,false
3_evogrow_v1_seed7,paper1_phaseA_v1,A,H1_staged_growth_efficiency,exploratory,false,3,Logistic growth,1,exact,2,evogrow_v1,7,finished,finished,true,,2026-04-22T16:49:08,2026-04-22T16:49:12,3.236362682414739e-8,0.002000032363626824,true,1,0,0,10320,3255,4.365999937057495,false,true,false
3_evogrow_v1_seed99,paper1_phaseA_v1,A,H1_staged_growth_efficiency,exploratory,false,3,Logistic growth,1,exact,2,evogrow_v1,99,finished,finished,true,,2026-04-22T16:49:12,2026-04-22T16:49:17,3.236362682414739e-8,0.002000032363626824,true,1,0,0,10320,3255,5.000999927520752,false,true,false
3_evogrow_v1_seed17,paper1_phaseA_v1,A,H1_staged_growth_efficiency,exploratory,false,3,Logistic growth,1,exact,2,evogrow_v1,17,finished,finished,true,,2026-04-22T16:49:17,2026-04-22T16:49:22,3.236362682414739e-8,0.002000032363626824,true,1,0,0,9918,3330,4.068000078201294,false,true,false
3_evogrow_v2_1_seed42,paper1_phaseA_v1,A,H1_staged_growth_efficiency,exploratory,false,3,Logistic growth,1,exact,2,evogrow_v2_1,42,finished,finished,true,,2026-04-22T16:49:22,2026-04-22T16:58:54,3.236362682414739e-8,0.002000032363626824,true,5,3,3,2475110,4500,571.7019999027252,false,true,false
3_evogrow_v2_1_seed123,paper1_phaseA_v1,A,H1_staged_growth_efficiency,exploratory,false,3,Logistic growth,1,exact,2,evogrow_v2_1,123,finished,finished,true,,2026-04-22T16:58:54,2026-04-22T17:07:32,3.236362682414739e-8,0.002000032363626824,true,5,3,3,2464960,4500,517.829999923706,false,true,false
3_evogrow_v2_1_seed7,paper1_phaseA_v1,A,H1_staged_growth_efficiency,exploratory,false,3,Logistic growth,1,exact,2,evogrow_v2_1,7,finished,finished,true,,2026-04-22T17:07:32,2026-04-22T18:26:57,3.236362682414739e-8,0.002000032363626824,true,5,3,3,2464960,4500,4764.577000141144,false,true,false
3_evogrow_v2_1_seed99,paper1_phaseA_v1,A,H1_staged_growth_efficiency,exploratory,false,3,Logistic growth,1,exact,2,evogrow_v2_1,99,finished,finished,true,,2026-04-22T18:26:57,2026-04-22T18:49:47,3.236362682414739e-8,0.002000032363626824,true,5,3,3,2485260,4500,1370.111999988556,false,true,false
3_evogrow_v2_1_seed17,paper1_phaseA_v1,A,H1_staged_growth_efficiency,exploratory,false,3,Logistic growth,1,exact,2,evogrow_v2_1,17,finished,finished,true,,2026-04-22T18:49:47,2026-04-22T22:37:06,3.236362682414739e-8,0.002000032363626824,true,5,3,3,2434510,4500,13638.513999938965,false,true,false
3_evogrow_v2_2_stage_local_seed42,paper1_phaseA_v1,A,H1_staged_growth_efficiency,exploratory,false,3,Logistic growth,1,exact,2,evogrow_v2_2_stage_local,42,finished,finished,true,,2026-04-22T22:37:06,2026-04-22T23:10:32,3.236362682414739e-8,0.002000032363626824,true,5,3,12,9578480,9360,2005.8700001239777,false,true,false
3_evogrow_v2_2_stage_local_seed123,paper1_phaseA_v1,A,H1_staged_growth_efficiency,exploratory,false,3,Logistic growth,1,exact,2,evogrow_v2_2_stage_local,123,finished,finished,true,,2026-04-22T23:10:32,2026-04-22T23:42:29,3.236362682414739e-8,0.002000032363626824,true,5,3,12,9710430,9360,1916.529000043869,false,true,false
3_evogrow_v2_2_stage_local_seed7,paper1_phaseA_v1,A,H1_staged_growth_efficiency,exploratory,false,3,Logistic growth,1,exact,2,evogrow_v2_2_stage_local,7,finished,finished,true,,2026-04-22T23:42:29,2026-04-23T00:15:58,3.236362682414739e-8,0.002000032363626824,true,5,3,12,9690130,9360,2009.0030000209808,false,true,false
3_evogrow_v2_2_stage_local_seed99,paper1_phaseA_v1,A,H1_staged_growth_efficiency,exploratory,false,3,Logistic growth,1,exact,2,evogrow_v2_2_stage_local,99,finished,finished,true,,2026-04-23T00:15:58,2026-04-23T00:48:53,3.236362682414739e-8,0.002000032363626824,true,5,3,12,9629230,9360,1975.1579999923706,false,true,false
3_evogrow_v2_2_stage_local_seed17,paper1_phaseA_v1,A,H1_staged_growth_efficiency,exploratory,false,3,Logistic growth,1,exact,2,evogrow_v2_2_stage_local,17,finished,finished,true,,2026-04-23T00:48:54,2026-04-23T01:22:16,3.236362682414739e-8,0.002000032363626824,true,5,3,12,9588630,9360,2002.1539998054504,false,true,false
3_evogrow_v2_2_passive_seed42,paper1_phaseA_v1,A,H1_staged_growth_efficiency,exploratory,false,3,Logistic growth,1,exact,2,evogrow_v2_2_passive,42,finished,finished,true,,2026-04-23T01:22:16,2026-04-23T01:56:44,3.236362682414739e-8,0.002000032363626824,true,5,3,12,10147080,8010,2068.0490000247955,false,true,false
3_evogrow_v2_2_passive_seed123,paper1_phaseA_v1,A,H1_staged_growth_efficiency,exploratory,false,3,Logistic growth,1,exact,2,evogrow_v2_2_passive,123,finished,finished,true,,2026-04-23T01:56:44,2026-04-23T02:32:15,3.236362682414739e-8,0.002000032363626824,true,5,3,12,9906770,8640,2130.5080001354218,false,true,false
3_evogrow_v2_2_passive_seed7,paper1_phaseA_v1,A,H1_staged_growth_efficiency,exploratory,false,3,Logistic growth,1,exact,2,evogrow_v2_2_passive,7,finished,finished,true,,2026-04-23T02:32:15,2026-04-23T03:07:08,3.236362682414739e-8,0.002000032363626824,true,5,3,12,10089510,8370,2092.930999994278,false,true,false
3_evogrow_v2_2_passive_seed99,paper1_phaseA_v1,A,H1_staged_growth_efficiency,exploratory,false,3,Logistic growth,1,exact,2,evogrow_v2_2_passive,99,finished,finished,true,,2026-04-23T03:07:08,2026-04-23T03:41:54,3.236362682414739e-8,0.002000032363626824,true,5,3,12,10197830,8010,2085.922000169754,false,true,false
3_evogrow_v2_2_passive_seed17,paper1_phaseA_v1,A,H1_staged_growth_efficiency,exploratory,false,3,Logistic growth,1,exact,2,evogrow_v2_2_passive,17,finished,finished,true,,2026-04-23T03:41:54,2026-04-23T04:16:35,3.236362682414739e-8,0.002000032363626824,true,5,3,12,10143690,8055,2081.311999797821,false,true,false
3_evogrow_v2_2_soft_seed42,paper1_phaseA_v1,A,H1_staged_growth_efficiency,exploratory,false,3,Logistic growth,1,exact,2,evogrow_v2_2_soft,42,finished,finished,true,,2026-04-23T04:16:35,2026-04-23T04:50:54,3.236362682414739e-8,0.002000032363626824,true,5,3,12,9883040,8955,2058.938999891281,false,true,false
3_evogrow_v2_2_soft_seed123,paper1_phaseA_v1,A,H1_staged_growth_efficiency,exploratory,false,3,Logistic growth,1,exact,2,evogrow_v2_2_soft,123,finished,finished,true,,2026-04-23T04:50:54,2026-04-23T05:24:33,3.236362682414739e-8,0.002000032363626824,true,5,3,12,9751050,9225,2018.885999917984,false,true,false
3_evogrow_v2_2_soft_seed7,paper1_phaseA_v1,A,H1_staged_growth_efficiency,exploratory,false,3,Logistic growth,1,exact,2,evogrow_v2_2_soft,7,finished,finished,true,,2026-04-23T05:24:33,2026-04-23T05:58:18,3.236362682414739e-8,0.002000032363626824,true,5,3,12,9795060,9045,2024.1920001506805,false,true,false
3_evogrow_v2_2_soft_seed99,paper1_phaseA_v1,A,H1_staged_growth_efficiency,exploratory,false,3,Logistic growth,1,exact,2,evogrow_v2_2_soft,99,finished,finished,true,,2026-04-23T05:58:18,2026-04-23T06:31:59,3.236362682414739e-8,0.002000032363626824,true,5,3,12,9734160,9045,2021.6409997940063,false,true,false
3_evogrow_v2_2_soft_seed17,paper1_phaseA_v1,A,H1_staged_growth_efficiency,exploratory,false,3,Logistic growth,1,exact,2,evogrow_v2_2_soft,17,finished,finished,true,,2026-04-23T06:31:59,2026-04-23T07:05:20,3.236362682414739e-8,0.002000032363626824,true,5,3,12,9754460,9045,2000.0590000152588,false,true,false
3_gp_baseline_seed42,paper1_phaseA_v1,A,H1_staged_growth_efficiency,exploratory,false,3,Logistic growth,1,exact,2,gp_baseline,42,finished,finished,true,,2026-04-23T07:05:20,2026-04-23T07:07:00,3.236362682414739e-8,0.002000032363626824,true,,,0,341932,2084,100.68899989128113,false,true,false
3_gp_baseline_seed123,paper1_phaseA_v1,A,H1_staged_growth_efficiency,exploratory,false,3,Logistic growth,1,exact,2,gp_baseline,123,finished,finished,true,,2026-04-23T07:07:00,2026-04-23T07:09:18,3.236362682414739e-8,0.002000032363626824,true,,,0,173685,3765,137.6710000038147,false,true,false
3_gp_baseline_seed7,paper1_phaseA_v1,A,H1_staged_growth_efficiency,exploratory,false,3,Logistic growth,1,exact,2,gp_baseline,7,finished,finished,true,,2026-04-23T07:09:18,2026-04-23T07:09:35,3.236362682414739e-8,0.002000032363626824,true,,,0,61438,2163,16.902999877929688,false,true,false
3_gp_baseline_seed99,paper1_phaseA_v1,A,H1_staged_growth_efficiency,exploratory,false,3,Logistic growth,1,exact,2,gp_baseline,99,finished,finished,true,,2026-04-23T07:09:35,2026-04-23T07:12:15,3.236362682414739e-8,0.002000032363626824,true,,,0,103539,2690,159.73399996757507,false,true,false
3_gp_baseline_seed17,paper1_phaseA_v1,A,H1_staged_growth_efficiency,exploratory,false,3,Logistic growth,1,exact,2,gp_baseline,17,finished,finished,true,,2026-04-23T07:12:15,2026-04-23T07:23:43,2.0532077937409473e-8,0.0030000205320779376,false,,,0,1421747,4641,687.7070000171661,false,true,false
11_evogrow_v1_seed42,paper1_phaseA_v1,A,H1_staged_growth_efficiency,exploratory,false,11,Critical slowing down,1,exact,4,evogrow_v1,42,finished,finished,true,,2026-04-23T08:32:19,2026-04-23T08:32:27,4.345439813793235e-15,0.0030000000000043455,false,4,0,0,14450,0,4.296000003814697,false,true,false
11_evogrow_v1_seed123,paper1_phaseA_v1,A,H1_staged_growth_efficiency,exploratory,false,11,Critical slowing down,1,exact,4,evogrow_v1,123,finished,finished,true,,2026-04-23T08:32:27,2026-04-23T08:32:28,4.345439813793235e-15,0.0030000000000043455,false,4,0,0,14450,0,1.250999927520752,false,true,false
11_evogrow_v1_seed7,paper1_phaseA_v1,A,H1_staged_growth_efficiency,exploratory,false,11,Critical slowing down,1,exact,4,evogrow_v1,7,finished,finished,true,,2026-04-23T08:32:28,2026-04-23T08:32:30,4.345439813793235e-15,0.0030000000000043455,false,4,0,0,14450,0,1.1150000095367432,false,true,false
11_evogrow_v1_seed99,paper1_phaseA_v1,A,H1_staged_growth_efficiency,exploratory,false,11,Critical slowing down,1,exact,4,evogrow_v1,99,finished,finished,true,,2026-04-23T08:32:30,2026-04-23T08:32:31,4.345439813793235e-15,0.0030000000000043455,false,4,0,0,14450,0,1.1150000095367432,false,true,false
11_evogrow_v1_seed17,paper1_phaseA_v1,A,H1_staged_growth_efficiency,exploratory,false,11,Critical slowing down,1,exact,4,evogrow_v1,17,finished,finished,true,,2026-04-23T08:32:31,2026-04-23T08:32:32,4.345439813793235e-15,0.0030000000000043455,false,4,0,0,14450,0,1.1339998245239258,false,true,false
11_evogrow_v2_1_seed42,paper1_phaseA_v1,A,H1_staged_growth_efficiency,exploratory,false,11,Critical slowing down,1,exact,4,evogrow_v2_1,42,finished,finished,true,,2026-04-23T08:32:32,2026-04-23T08:32:33,4.345439813793235e-15,0.0030000000000043455,false,4,0,0,14450,0,1.1740000247955322,false,true,false
11_evogrow_v2_1_seed123,paper1_phaseA_v1,A,H1_staged_growth_efficiency,exploratory,false,11,Critical slowing down,1,exact,4,evogrow_v2_1,123,finished,finished,true,,2026-04-23T08:32:33,2026-04-23T08:32:35,4.345439813793235e-15,0.0030000000000043455,false,4,0,0,14450,0,1.1729998588562012,false,true,false
11_evogrow_v2_1_seed7,paper1_phaseA_v1,A,H1_staged_growth_efficiency,exploratory,false,11,Critical slowing down,1,exact,4,evogrow_v2_1,7,finished,finished,true,,2026-04-23T08:32:35,2026-04-23T08:32:36,4.345439813793235e-15,0.0030000000000043455,false,4,0,0,14450,0,1.0910000801086426,false,true,false
11_evogrow_v2_1_seed99,paper1_phaseA_v1,A,H1_staged_growth_efficiency,exploratory,false,11,Critical slowing down,1,exact,4,evogrow_v2_1,99,finished,finished,true,,2026-04-23T08:32:36,2026-04-23T08:32:37,4.345439813793235e-15,0.0030000000000043455,false,4,0,0,14450,0,1.0850000381469727,false,true,false
11_evogrow_v2_1_seed17,paper1_phaseA_v1,A,H1_staged_growth_efficiency,exploratory,false,11,Critical slowing down,1,exact,4,evogrow_v2_1,17,finished,finished,true,,2026-04-23T08:32:37,2026-04-23T08:32:39,4.345439813793235e-15,0.0030000000000043455,false,4,0,0,14450,0,2.009999990463257,false,true,false
11_evogrow_v2_2_stage_local_seed42,paper1_phaseA_v1,A,H1_staged_growth_efficiency,exploratory,false,11,Critical slowing down,1,exact,4,evogrow_v2_2_stage_local,42,finished,finished,true,,2026-04-23T08:32:39,2026-04-23T08:32:41,4.345439813793235e-15,0.0030000000000043455,false,4,0,0,18830,0,2.1050000190734863,false,true,false
11_evogrow_v2_2_stage_local_seed123,paper1_phaseA_v1,A,H1_staged_growth_efficiency,exploratory,false,11,Critical slowing down,1,exact,4,evogrow_v2_2_stage_local,123,finished,finished,true,,2026-04-23T08:32:41,2026-04-23T08:32:43,4.345439813793235e-15,0.0030000000000043455,false,4,0,0,18830,0,1.5240001678466797,false,true,false
11_evogrow_v2_2_stage_local_seed7,paper1_phaseA_v1,A,H1_staged_growth_efficiency,exploratory,false,11,Critical slowing down,1,exact,4,evogrow_v2_2_stage_local,7,finished,finished,true,,2026-04-23T08:32:43,2026-04-23T08:32:45,4.345439813793235e-15,0.0030000000000043455,false,4,0,0,18830,0,1.5239999294281006,false,true,false
11_evogrow_v2_2_stage_local_seed99,paper1_phaseA_v1,A,H1_staged_growth_efficiency,exploratory,false,11,Critical slowing down,1,exact,4,evogrow_v2_2_stage_local,99,finished,finished,true,,2026-04-23T08:32:45,2026-04-23T08:32:46,4.345439813793235e-15,0.0030000000000043455,false,4,0,0,18830,0,1.4520001411437988,false,true,false
11_evogrow_v2_2_stage_local_seed17,paper1_phaseA_v1,A,H1_staged_growth_efficiency,exploratory,false,11,Critical slowing down,1,exact,4,evogrow_v2_2_stage_local,17,finished,finished,true,,2026-04-23T08:32:46,2026-04-23T08:32:48,4.345439813793235e-15,0.0030000000000043455,false,4,0,0,18830,0,1.6489999294281006,false,true,false
11_evogrow_v2_2_passive_seed42,paper1_phaseA_v1,A,H1_staged_growth_efficiency,exploratory,false,11,Critical slowing down,1,exact,4,evogrow_v2_2_passive,42,finished,finished,true,,2026-04-23T08:32:48,2026-04-23T08:32:50,4.345439813793235e-15,0.0030000000000043455,false,4,0,0,18830,0,1.505000114440918,false,true,false
11_evogrow_v2_2_passive_seed123,paper1_phaseA_v1,A,H1_staged_growth_efficiency,exploratory,false,11,Critical slowing down,1,exact,4,evogrow_v2_2_passive,123,finished,finished,true,,2026-04-23T08:32:50,2026-04-23T08:32:52,4.345439813793235e-15,0.0030000000000043455,false,4,0,0,18830,0,1.6389999389648438,false,true,false
11_evogrow_v2_2_passive_seed7,paper1_phaseA_v1,A,H1_staged_growth_efficiency,exploratory,false,11,Critical slowing down,1,exact,4,evogrow_v2_2_passive,7,finished,finished,true,,2026-04-23T08:32:52,2026-04-23T08:32:53,4.345439813793235e-15,0.0030000000000043455,false,4,0,0,18830,0,1.4879999160766602,false,true,false
11_evogrow_v2_2_passive_seed99,paper1_phaseA_v1,A,H1_staged_growth_efficiency,exploratory,false,11,Critical slowing down,1,exact,4,evogrow_v2_2_passive,99,finished,finished,true,,2026-04-23T08:32:53,2026-04-23T08:32:55,4.345439813793235e-15,0.0030000000000043455,false,4,0,0,18830,0,1.690000057220459,false,true,false
11_evogrow_v2_2_passive_seed17,paper1_phaseA_v1,A,H1_staged_growth_efficiency,exploratory,false,11,Critical slowing down,1,exact,4,evogrow_v2_2_passive,17,finished,finished,true,,2026-04-23T08:32:55,2026-04-23T08:32:57,4.345439813793235e-15,0.0030000000000043455,false,4,0,0,18830,0,1.446000099182129,false,true,false
11_evogrow_v2_2_soft_seed42,paper1_phaseA_v1,A,H1_staged_growth_efficiency,exploratory,false,11,Critical slowing down,1,exact,4,evogrow_v2_2_soft,42,finished,finished,true,,2026-04-23T08:32:57,2026-04-23T08:32:58,4.345439813793235e-15,0.0030000000000043455,false,4,0,0,18830,0,1.429999828338623,false,true,false
11_evogrow_v2_2_soft_seed123,paper1_phaseA_v1,A,H1_staged_growth_efficiency,exploratory,false,11,Critical slowing down,1,exact,4,evogrow_v2_2_soft,123,finished,finished,true,,2026-04-23T08:32:58,2026-04-23T08:33:00,4.345439813793235e-15,0.0030000000000043455,false,4,0,0,18830,0,1.4719998836517334,false,true,false
11_evogrow_v2_2_soft_seed7,paper1_phaseA_v1,A,H1_staged_growth_efficiency,exploratory,false,11,Critical slowing down,1,exact,4,evogrow_v2_2_soft,7,finished,finished,true,,2026-04-23T08:33:00,2026-04-23T08:33:01,4.345439813793235e-15,0.0030000000000043455,false,4,0,0,18830,0,1.5090000629425049,false,true,false
11_evogrow_v2_2_soft_seed99,paper1_phaseA_v1,A,H1_staged_growth_efficiency,exploratory,false,11,Critical slowing down,1,exact,4,evogrow_v2_2_soft,99,finished,finished,true,,2026-04-23T08:33:01,2026-04-23T08:33:03,4.345439813793235e-15,0.0030000000000043455,false,4,0,0,18830,0,1.4519999027252197,false,true,false
11_evogrow_v2_2_soft_seed17,paper1_phaseA_v1,A,H1_staged_growth_efficiency,exploratory,false,11,Critical slowing down,1,exact,4,evogrow_v2_2_soft,17,finished,finished,true,,2026-04-23T08:33:03,2026-04-23T08:33:04,4.345439813793235e-15,0.0030000000000043455,false,4,0,0,18830,0,1.5089998245239258,false,true,false
11_gp_baseline_seed42,paper1_phaseA_v1,A,H1_staged_growth_efficiency,exploratory,false,11,Critical slowing down,1,exact,4,gp_baseline,42,finished,finished,true,,2026-04-23T08:33:05,2026-04-23T08:33:06,4.605658643896118e-15,0.0010000000000046057,true,,,0,4759,120,0.7000000476837158,false,true,false
11_gp_baseline_seed123,paper1_phaseA_v1,A,H1_staged_growth_efficiency,exploratory,false,11,Critical slowing down,1,exact,4,gp_baseline,123,finished,finished,true,,2026-04-23T08:33:06,2026-04-23T08:33:06,4.605658643896118e-15,0.0010000000000046057,true,,,0,6583,0,0.4100000858306885,false,true,false
11_gp_baseline_seed7,paper1_phaseA_v1,A,H1_staged_growth_efficiency,exploratory,false,11,Critical slowing down,1,exact,4,gp_baseline,7,finished,finished,true,,2026-04-23T08:33:06,2026-04-23T08:33:07,4.605658643896118e-15,0.0010000000000046057,true,,,0,4658,0,0.37400007247924805,false,true,false
11_gp_baseline_seed99,paper1_phaseA_v1,A,H1_staged_growth_efficiency,exploratory,false,11,Critical slowing down,1,exact,4,gp_baseline,99,finished,finished,true,,2026-04-23T08:33:07,2026-04-23T08:33:07,4.605658643896118e-15,0.0010000000000046057,true,,,0,3737,0,0.2569999694824219,false,true,false
11_gp_baseline_seed17,paper1_phaseA_v1,A,H1_staged_growth_efficiency,exploratory,false,11,Critical slowing down,1,exact,4,gp_baseline,17,finished,finished,true,,2026-04-23T08:33:07,2026-04-23T08:33:07,4.605658643896118e-15,0.0010000000000046057,true,,,0,2154,0,0.1549999713897705,false,true,false
23_evogrow_v1_seed42,paper1_phaseA_v1,A,H1_staged_growth_efficiency,exploratory,false,23,Overdamped pendulum,1,surrogate,5,evogrow_v1,42,finished,finished,true,,2026-04-23T08:33:08,2026-04-23T08:33:41,0.000184159469821212,0.003184159469821212,,5,,,288010,1080,33.30299997329712,false,true,false
23_evogrow_v1_seed123,paper1_phaseA_v1,A,H1_staged_growth_efficiency,exploratory,false,23,Overdamped pendulum,1,surrogate,5,evogrow_v1,123,finished,finished,true,,2026-04-23T08:33:41,2026-04-23T08:34:15,0.000184159469821212,0.003184159469821212,,5,,,292505,1090,34.01799988746643,false,true,false
23_evogrow_v1_seed7,paper1_phaseA_v1,A,H1_staged_growth_efficiency,exploratory,false,23,Overdamped pendulum,1,surrogate,5,evogrow_v1,7,finished,finished,true,,2026-04-23T08:34:15,2026-04-23T08:34:49,0.000184159469821212,0.003184159469821212,,5,,,292505,1090,33.36899995803833,false,true,false
23_evogrow_v1_seed99,paper1_phaseA_v1,A,H1_staged_growth_efficiency,exploratory,false,23,Overdamped pendulum,1,surrogate,5,evogrow_v1,99,finished,finished,true,,2026-04-23T08:34:49,2026-04-23T08:35:22,0.000184159469821212,0.003184159469821212,,5,,,283515,1070,33.13199996948242,false,true,false
23_evogrow_v1_seed17,paper1_phaseA_v1,A,H1_staged_growth_efficiency,exploratory,false,23,Overdamped pendulum,1,surrogate,5,evogrow_v1,17,finished,finished,true,,2026-04-23T08:35:22,2026-04-23T08:36:01,0.000184159469821212,0.003184159469821212,,5,,,323847,1150,38.4060001373291,false,true,false
23_evogrow_v2_1_seed42,paper1_phaseA_v1,A,H1_staged_growth_efficiency,exploratory,false,23,Overdamped pendulum,1,surrogate,5,evogrow_v2_1,42,finished,finished,true,,2026-04-23T08:36:01,2026-04-23T08:36:34,0.000184159469821212,0.003184159469821212,,5,,,288010,1080,33.651999950408936,false,true,false
23_evogrow_v2_1_seed123,paper1_phaseA_v1,A,H1_staged_growth_efficiency,exploratory,false,23,Overdamped pendulum,1,surrogate,5,evogrow_v2_1,123,finished,finished,true,,2026-04-23T08:36:34,2026-04-23T08:37:08,0.000184159469821212,0.003184159469821212,,5,,,292505,1090,33.74600005149841,false,true,false
23_evogrow_v2_1_seed7,paper1_phaseA_v1,A,H1_staged_growth_efficiency,exploratory,false,23,Overdamped pendulum,1,surrogate,5,evogrow_v2_1,7,finished,finished,true,,2026-04-23T08:37:08,2026-04-23T08:37:42,0.000184159469821212,0.003184159469821212,,5,,,292505,1090,34.19199991226196,false,true,false
23_evogrow_v2_1_seed99,paper1_phaseA_v1,A,H1_staged_growth_efficiency,exploratory,false,23,Overdamped pendulum,1,surrogate,5,evogrow_v2_1,99,finished,finished,true,,2026-04-23T08:37:42,2026-04-23T08:38:16,0.000184159469821212,0.003184159469821212,,5,,,283515,1070,33.045000076293945,false,true,false
23_evogrow_v2_1_seed17,paper1_phaseA_v1,A,H1_staged_growth_efficiency,exploratory,false,23,Overdamped pendulum,1,surrogate,5,evogrow_v2_1,17,finished,finished,true,,2026-04-23T08:38:16,2026-04-23T08:38:55,0.000184159469821212,0.003184159469821212,,5,,,323847,1150,39.23900008201599,false,true,false
23_evogrow_v2_2_stage_local_seed42,paper1_phaseA_v1,A,H1_staged_growth_efficiency,exploratory,false,23,Overdamped pendulum,1,surrogate,5,evogrow_v2_2_stage_local,42,finished,finished,true,,2026-04-23T08:38:55,2026-04-23T08:40:10,0.000184159469821212,0.003184159469821212,,5,,,628980,2180,75.38199996948242,false,true,false
23_evogrow_v2_2_stage_local_seed123,paper1_phaseA_v1,A,H1_staged_growth_efficiency,exploratory,false,23,Overdamped pendulum,1,surrogate,5,evogrow_v2_2_stage_local,123,finished,finished,true,,2026-04-23T08:40:11,2026-04-23T08:41:24,0.000184159469821212,0.003184159469821212,,5,,,619990,2160,73.00200009346008,false,true,false
23_evogrow_v2_2_stage_local_seed7,paper1_phaseA_v1,A,H1_staged_growth_efficiency,exploratory,false,23,Overdamped pendulum,1,surrogate,5,evogrow_v2_2_stage_local,7,finished,finished,true,,2026-04-23T08:41:24,2026-04-23T08:42:37,0.000184159469821212,0.003184159469821212,,5,,,628980,2180,73.82799983024597,false,true,false
23_evogrow_v2_2_stage_local_seed99,paper1_phaseA_v1,A,H1_staged_growth_efficiency,exploratory,false,23,Overdamped pendulum,1,surrogate,5,evogrow_v2_2_stage_local,99,finished,finished,true,,2026-04-23T08:42:38,2026-04-23T08:44:32,0.000184159469821212,0.003184159469821212,,5,,,628980,2180,113.89699983596802,false,true,false
23_evogrow_v2_2_stage_local_seed17,paper1_phaseA_v1,A,H1_staged_growth_efficiency,exploratory,false,23,Overdamped pendulum,1,surrogate,5,evogrow_v2_2_stage_local,17,finished,finished,true,,2026-04-23T08:44:32,2026-04-23T08:46:47,0.000184159469821212,0.003184159469821212,,5,,,645671,2210,135.80399990081787,false,true,false
23_evogrow_v2_2_passive_seed42,paper1_phaseA_v1,A,H1_staged_growth_efficiency,exploratory,false,23,Overdamped pendulum,1,surrogate,5,evogrow_v2_2_passive,42,finished,finished,true,,2026-04-23T08:46:48,2026-04-23T08:49:32,0.000184159469821212,0.003184159469821212,,5,,,672081,2270,164.46200013160706,false,true,false
23_evogrow_v2_2_passive_seed123,paper1_phaseA_v1,A,H1_staged_growth_efficiency,exploratory,false,23,Overdamped pendulum,1,surrogate,5,evogrow_v2_2_passive,123,finished,finished,true,,2026-04-23T08:49:32,2026-04-23T08:52:25,0.000184159469821212,0.003184159469821212,,5,,,678179,2280,172.36899995803833,false,true,false
23_evogrow_v2_2_passive_seed7,paper1_phaseA_v1,A,H1_staged_growth_efficiency,exploratory,false,23,Overdamped pendulum,1,surrogate,5,evogrow_v2_2_passive,7,finished,finished,true,,2026-04-23T08:52:25,2026-04-23T08:54:46,0.000184159469821212,0.003184159469821212,,5,,,659106,2250,141.0460000038147,false,true,false
23_evogrow_v2_2_passive_seed99,paper1_phaseA_v1,A,H1_staged_growth_efficiency,exploratory,false,23,Overdamped pendulum,1,surrogate,5,evogrow_v2_2_passive,99,finished,finished,true,,2026-04-23T08:54:46,2026-04-23T08:57:22,0.000184159469821212,0.003184159469821212,,5,,,659413,2260,156.47699999809265,false,true,false
23_evogrow_v2_2_passive_seed17,paper1_phaseA_v1,A,H1_staged_growth_efficiency,exploratory,false,23,Overdamped pendulum,1,surrogate,5,evogrow_v2_2_passive,17,finished,finished,true,,2026-04-23T08:57:22,2026-04-23T09:00:29,0.000184159469821212,0.003184159469821212,,5,,,678472,2290,186.21000003814697,false,true,false
23_evogrow_v2_2_soft_seed42,paper1_phaseA_v1,A,H1_staged_growth_efficiency,exploratory,false,23,Overdamped pendulum,1,surrogate,5,evogrow_v2_2_soft,42,finished,finished,true,,2026-04-23T09:00:29,2026-04-23T09:03:00,0.000184159469821212,0.003184159469821212,,5,,,622859,2170,151.60300016403198,false,true,false
23_evogrow_v2_2_soft_seed123,paper1_phaseA_v1,A,H1_staged_growth_efficiency,exploratory,false,23,Overdamped pendulum,1,surrogate,5,evogrow_v2_2_soft,123,finished,finished,true,,2026-04-23T09:03:01,2026-04-23T09:06:06,0.000184159469821212,0.003184159469821212,,5,,,638401,2200,185.26500010490417,false,true,false
23_evogrow_v2_2_soft_seed7,paper1_phaseA_v1,A,H1_staged_growth_efficiency,exploratory,false,23,Overdamped pendulum,1,surrogate,5,evogrow_v2_2_soft,7,finished,finished,true,,2026-04-23T09:06:06,2026-04-23T09:09:57,0.000184159469821212,0.003184159469821212,,5,,,665494,2260,230.6449999809265,false,true,false
23_evogrow_v2_2_soft_seed99,paper1_phaseA_v1,A,H1_staged_growth_efficiency,exploratory,false,23,Overdamped pendulum,1,surrogate,5,evogrow_v2_2_soft,99,finished,finished,true,,2026-04-23T09:09:57,2026-04-23T09:14:07,0.000184159469821212,0.003184159469821212,,5,,,686068,2290,250.21000003814697,false,true,false
23_evogrow_v2_2_soft_seed17,paper1_phaseA_v1,A,H1_staged_growth_efficiency,exploratory,false,23,Overdamped pendulum,1,surrogate,5,evogrow_v2_2_soft,17,finished,finished,true,,2026-04-23T09:14:07,2026-04-23T09:18:10,0.000184159469821212,0.003184159469821212,,5,,,666619,2260,242.38100004196167,false,true,false
23_gp_baseline_seed42,paper1_phaseA_v1,A,H1_staged_growth_efficiency,exploratory,false,23,Overdamped pendulum,1,surrogate,5,gp_baseline,42,finished,finished,true,,2026-04-23T09:18:10,2026-04-23T09:18:28,1.0920397254209697e-5,0.00301092039725421,,,,,56332,238,18.163000106811523,false,true,false
23_gp_baseline_seed123,paper1_phaseA_v1,A,H1_staged_growth_efficiency,exploratory,false,23,Overdamped pendulum,1,surrogate,5,gp_baseline,123,finished,finished,true,,2026-04-23T09:18:28,2026-04-23T09:18:43,4.878250425749224e-6,0.0030048782504257495,,,,,42350,341,14.2260000705719,false,true,false
23_gp_baseline_seed7,paper1_phaseA_v1,A,H1_staged_growth_efficiency,exploratory,false,23,Overdamped pendulum,1,surrogate,5,gp_baseline,7,finished,finished,true,,2026-04-23T09:18:43,2026-04-23T09:18:53,2.6098359154052317e-5,0.0030260983591540525,,,,,30714,191,9.79200005531311,false,true,false
23_gp_baseline_seed99,paper1_phaseA_v1,A,H1_staged_growth_efficiency,exploratory,false,23,Overdamped pendulum,1,surrogate,5,gp_baseline,99,finished,finished,true,,2026-04-23T09:18:53,2026-04-23T09:19:08,1.0920397254209697e-5,0.00301092039725421,,,,,46727,143,15.358000040054321,false,true,false
23_gp_baseline_seed17,paper1_phaseA_v1,A,H1_staged_growth_efficiency,exploratory,false,23,Overdamped pendulum,1,surrogate,5,gp_baseline,17,finished,finished,true,,2026-04-23T09:19:08,2026-04-23T09:19:13,0.003005141587273359,0.0050051415872733596,,,,,16755,126,4.825000047683716,false,true,false
24_evogrow_v1_seed42,paper1_phaseA_v1,A,H1_staged_growth_efficiency,exploratory,false,24,Harmonic oscillator,2,exact,1,evogrow_v1,42,finished,finished,true,,2026-04-23T09:19:13,2026-04-23T09:42:12,5.354230555914409e-14,0.0020000000000535423,true,1,0,0,2244703,0,1378.5800001621246,false,true,false
24_evogrow_v1_seed123,paper1_phaseA_v1,A,H1_staged_growth_efficiency,exploratory,false,24,Harmonic oscillator,2,exact,1,evogrow_v1,123,finished,finished,true,,2026-04-23T09:42:12,2026-04-23T10:00:37,5.354230555914409e-14,0.0020000000000535423,true,1,0,0,2296160,0,1104.2490000724792,false,true,false
24_evogrow_v1_seed7,paper1_phaseA_v1,A,H1_staged_growth_efficiency,exploratory,false,24,Harmonic oscillator,2,exact,1,evogrow_v1,7,finished,finished,true,,2026-04-23T10:00:37,2026-04-23T10:15:14,5.354230555914409e-14,0.0020000000000535423,true,1,0,0,2131443,0,877.1280000209808,false,true,false
24_evogrow_v1_seed99,paper1_phaseA_v1,A,H1_staged_growth_efficiency,exploratory,false,24,Harmonic oscillator,2,exact,1,evogrow_v1,99,finished,finished,true,,2026-04-23T10:15:14,2026-04-23T10:30:04,5.354230555914409e-14,0.0020000000000535423,true,1,0,0,2180277,0,890.3359999656677,false,true,false
24_evogrow_v1_seed17,paper1_phaseA_v1,A,H1_staged_growth_efficiency,exploratory,false,24,Harmonic oscillator,2,exact,1,evogrow_v1,17,finished,finished,true,,2026-04-23T10:30:05,2026-04-23T10:46:15,5.354230555914409e-14,0.0020000000000535423,true,1,0,0,1968405,0,970.6530001163483,false,true,false
24_evogrow_v2_1_seed42,paper1_phaseA_v1,A,H1_staged_growth_efficiency,exploratory,false,24,Harmonic oscillator,2,exact,1,evogrow_v2_1,42,finished,finished,true,,2026-04-23T10:46:15,2026-04-23T11:03:07,5.354230555914409e-14,0.0020000000000535423,true,1,0,0,2244703,0,1012.0299999713898,false,true,false
24_evogrow_v2_1_seed123,paper1_phaseA_v1,A,H1_staged_growth_efficiency,exploratory,false,24,Harmonic oscillator,2,exact,1,evogrow_v2_1,123,finished,finished,true,,2026-04-23T11:03:07,2026-04-23T11:17:55,5.354230555914409e-14,0.0020000000000535423,true,1,0,0,2296160,0,887.1399998664856,false,true,false
24_evogrow_v2_1_seed7,paper1_phaseA_v1,A,H1_staged_growth_efficiency,exploratory,false,24,Harmonic oscillator,2,exact,1,evogrow_v2_1,7,finished,finished,true,,2026-04-23T11:17:55,2026-04-23T11:31:53,5.354230555914409e-14,0.0020000000000535423,true,1,0,0,2131443,0,838.5199999809265,false,true,false
24_evogrow_v2_1_seed99,paper1_phaseA_v1,A,H1_staged_growth_efficiency,exploratory,false,24,Harmonic oscillator,2,exact,1,evogrow_v2_1,99,finished,finished,true,,2026-04-23T11:31:53,2026-04-23T11:46:18,5.354230555914409e-14,0.0020000000000535423,true,1,0,0,2180277,0,864.6189999580383,false,true,false
24_evogrow_v2_1_seed17,paper1_phaseA_v1,A,H1_staged_growth_efficiency,exploratory,false,24,Harmonic oscillator,2,exact,1,evogrow_v2_1,17,finished,finished,true,,2026-04-23T11:46:18,2026-04-23T11:59:14,5.354230555914409e-14,0.0020000000000535423,true,1,0,0,1968405,0,775.5480000972748,false,true,false
24_evogrow_v2_2_stage_local_seed42,paper1_phaseA_v1,A,H1_staged_growth_efficiency,exploratory,false,24,Harmonic oscillator,2,exact,1,evogrow_v2_2_stage_local,42,finished,finished,true,,2026-04-23T11:59:14,2026-04-23T12:05:22,5.354230555914409e-14,0.0020000000000535423,true,1,0,0,941583,0,368.62800002098083,false,true,false
24_evogrow_v2_2_stage_local_seed123,paper1_phaseA_v1,A,H1_staged_growth_efficiency,exploratory,false,24,Harmonic oscillator,2,exact,1,evogrow_v2_2_stage_local,123,finished,finished,true,,2026-04-23T12:05:23,2026-04-23T12:11:44,5.354230555914409e-14,0.0020000000000535423,true,1,0,0,983768,0,381.55799984931946,false,true,false
24_evogrow_v2_2_stage_local_seed7,paper1_phaseA_v1,A,H1_staged_growth_efficiency,exploratory,false,24,Harmonic oscillator,2,exact,1,evogrow_v2_2_stage_local,7,finished,finished,true,,2026-04-23T12:11:44,2026-04-23T12:16:41,5.354230555914409e-14,0.0020000000000535423,true,1,0,0,819051,0,297.19200015068054,false,true,false
24_evogrow_v2_2_stage_local_seed99,paper1_phaseA_v1,A,H1_staged_growth_efficiency,exploratory,false,24,Harmonic oscillator,2,exact,1,evogrow_v2_2_stage_local,99,finished,finished,true,,2026-04-23T12:16:42,2026-04-23T12:21:55,5.354230555914409e-14,0.0020000000000535423,true,1,0,0,836164,0,313.6210000514984,false,true,false
24_evogrow_v2_2_stage_local_seed17,paper1_phaseA_v1,A,H1_staged_growth_efficiency,exploratory,false,24,Harmonic oscillator,2,exact,1,evogrow_v2_2_stage_local,17,finished,finished,true,,2026-04-23T12:21:55,2026-04-23T12:25:42,5.354230555914409e-14,0.0020000000000535423,true,1,0,0,634274,0,226.30800008773804,false,true,false
24_evogrow_v2_2_passive_seed42,paper1_phaseA_v1,A,H1_staged_growth_efficiency,exploratory,false,24,Harmonic oscillator,2,exact,1,evogrow_v2_2_passive,42,finished,finished,true,,2026-04-23T12:25:42,2026-04-23T12:31:27,5.354230555914409e-14,0.0020000000000535423,true,1,0,0,941583,0,345.1559998989105,false,true,false
24_evogrow_v2_2_passive_seed123,paper1_phaseA_v1,A,H1_staged_growth_efficiency,exploratory,false,24,Harmonic oscillator,2,exact,1,evogrow_v2_2_passive,123,finished,finished,true,,2026-04-23T12:31:27,2026-04-23T12:37:26,5.354230555914409e-14,0.0020000000000535423,true,1,0,0,983768,0,358.50099992752075,false,true,false
24_evogrow_v2_2_passive_seed7,paper1_phaseA_v1,A,H1_staged_growth_efficiency,exploratory,false,24,Harmonic oscillator,2,exact,1,evogrow_v2_2_passive,7,finished,finished,true,,2026-04-23T12:37:26,2026-04-23T12:42:27,5.354230555914409e-14,0.0020000000000535423,true,1,0,0,819051,0,301.0930001735687,false,true,false
24_evogrow_v2_2_passive_seed99,paper1_phaseA_v1,A,H1_staged_growth_efficiency,exploratory,false,24,Harmonic oscillator,2,exact,1,evogrow_v2_2_passive,99,finished,finished,true,,2026-04-23T12:42:27,2026-04-23T12:47:33,5.354230555914409e-14,0.0020000000000535423,true,1,0,0,836164,0,305.83899998664856,false,true,false
24_evogrow_v2_2_passive_seed17,paper1_phaseA_v1,A,H1_staged_growth_efficiency,exploratory,false,24,Harmonic oscillator,2,exact,1,evogrow_v2_2_passive,17,finished,finished,true,,2026-04-23T12:47:33,2026-04-23T12:51:33,5.354230555914409e-14,0.0020000000000535423,true,1,0,0,634274,0,239.92799997329712,false,true,false
24_evogrow_v2_2_soft_seed42,paper1_phaseA_v1,A,H1_staged_growth_efficiency,exploratory,false,24,Harmonic oscillator,2,exact,1,evogrow_v2_2_soft,42,finished,finished,true,,2026-04-23T12:51:33,2026-04-23T12:57:14,5.354230555914409e-14,0.0020000000000535423,true,1,0,0,941583,0,341.40700006484985,false,true,false
24_evogrow_v2_2_soft_seed123,paper1_phaseA_v1,A,H1_staged_growth_efficiency,exploratory,false,24,Harmonic oscillator,2,exact,1,evogrow_v2_2_soft,123,finished,finished,true,,2026-04-23T12:57:14,2026-04-23T13:03:17,5.354230555914409e-14,0.0020000000000535423,true,1,0,0,983768,0,362.2060000896454,false,true,false
24_evogrow_v2_2_soft_seed7,paper1_phaseA_v1,A,H1_staged_growth_efficiency,exploratory,false,24,Harmonic oscillator,2,exact,1,evogrow_v2_2_soft,7,finished,finished,true,,2026-04-23T13:03:17,2026-04-23T13:08:17,5.354230555914409e-14,0.0020000000000535423,true,1,0,0,819051,0,300.35199999809265,false,true,false
24_evogrow_v2_2_soft_seed99,paper1_phaseA_v1,A,H1_staged_growth_efficiency,exploratory,false,24,Harmonic oscillator,2,exact,1,evogrow_v2_2_soft,99,finished,finished,true,,2026-04-23T13:08:17,2026-04-23T13:13:25,5.354230555914409e-14,0.0020000000000535423,true,1,0,0,836164,0,308.0309998989105,false,true,false
24_evogrow_v2_2_soft_seed17,paper1_phaseA_v1,A,H1_staged_growth_efficiency,exploratory,false,24,Harmonic oscillator,2,exact,1,evogrow_v2_2_soft,17,finished,finished,true,,2026-04-23T13:13:25,2026-04-23T13:17:08,5.354230555914409e-14,0.0020000000000535423,true,1,0,0,634274,0,222.64400005340576,false,true,false
24_gp_baseline_seed42,paper1_phaseA_v1,A,H1_staged_growth_efficiency,exploratory,false,24,Harmonic oscillator,2,exact,1,gp_baseline,42,finished,finished,true,,2026-04-23T13:17:08,2026-04-23T13:17:44,7.702452119658138e-14,0.0030000000000770244,false,,,0,81780,265,35.978999853134155,false,true,false
24_gp_baseline_seed123,paper1_phaseA_v1,A,H1_staged_growth_efficiency,exploratory,false,24,Harmonic oscillator,2,exact,1,gp_baseline,123,finished,finished,true,,2026-04-23T13:17:44,2026-04-23T13:18:16,0.02270437443603495,0.0257043744360353,false,,,0,46300,667,32.15400004386902,false,true,false
24_gp_baseline_seed7,paper1_phaseA_v1,A,H1_staged_growth_efficiency,exploratory,false,24,Harmonic oscillator,2,exact,1,gp_baseline,7,finished,finished,true,,2026-04-23T13:18:17,2026-04-23T13:25:54,9.213508940215758e-14,0.003000000000092135,false,,,0,402132,257,457.595999956131,false,true,false
24_gp_baseline_seed99,paper1_phaseA_v1,A,H1_staged_growth_efficiency,exploratory,false,24,Harmonic oscillator,2,exact,1,gp_baseline,99,finished,finished,true,,2026-04-23T13:25:54,2026-04-23T13:29:22,1.1635199115257136e-13,0.003000000000116352,false,,,0,307037,20,207.6029999256134,false,true,false
24_gp_baseline_seed17,paper1_phaseA_v1,A,H1_staged_growth_efficiency,exploratory,false,24,Harmonic oscillator,2,exact,1,gp_baseline,17,finished,finished,true,,2026-04-23T13:29:22,2026-04-23T13:29:43,3.7044265732786054e-7,0.004000370442657328,false,,,0,29056,0,20.80999994277954,false,true,false
26_evogrow_v1_seed42,paper1_phaseA_v1,A,H1_staged_growth_efficiency,exploratory,false,26,Lotka-Volterra competition,2,exact,3,evogrow_v1,42,finished,finished,true,,2026-04-23T13:29:43,2026-04-23T15:10:09,0.00026235715251860767,0.007262357152518608,false,5,2,2,6023824,529417,6025.7990000247955,false,true,false
26_evogrow_v1_seed123,paper1_phaseA_v1,A,H1_staged_growth_efficiency,exploratory,false,26,Lotka-Volterra competition,2,exact,3,evogrow_v1,123,finished,finished,true,,2026-04-23T15:10:09,2026-04-23T17:17:15,0.00026235715251860767,0.007262357152518608,false,5,2,2,7508407,603828,7625.977999925613,false,true,false
26_evogrow_v1_seed7,paper1_phaseA_v1,A,H1_staged_growth_efficiency,exploratory,false,26,Lotka-Volterra competition,2,exact,3,evogrow_v1,7,finished,finished,true,,2026-04-23T17:17:15,2026-04-23T17:55:35,0.0001977949053035939,0.007197794905303594,false,5,2,2,2099843,72106,2299.5009999275208,false,true,false
26_evogrow_v1_seed99,paper1_phaseA_v1,A,H1_staged_growth_efficiency,exploratory,false,26,Lotka-Volterra competition,2,exact,3,evogrow_v1,99,finished,finished,true,,2026-04-23T17:55:35,2026-04-23T19:12:25,0.0005532675262387519,0.007553267526238752,false,5,2,2,3932099,456776,4610.526000022888,false,true,false
26_evogrow_v1_seed17,paper1_phaseA_v1,A,H1_staged_growth_efficiency,exploratory,false,26,Lotka-Volterra competition,2,exact,3,evogrow_v1,17,finished,finished,true,,2026-04-23T19:12:26,2026-04-23T20:32:51,0.0005532675262387519,0.007553267526238752,false,5,2,2,4498525,445997,4825.8099999427795,false,true,false
26_evogrow_v2_1_seed42,paper1_phaseA_v1,A,H1_staged_growth_efficiency,exploratory,false,26,Lotka-Volterra competition,2,exact,3,evogrow_v2_1,42,finished,finished,true,,2026-04-23T20:32:51,2026-04-23T22:12:44,0.00026235715251860767,0.007262357152518608,false,5,2,2,6023824,529417,5992.138999938965,false,true,false
26_evogrow_v2_1_seed123,paper1_phaseA_v1,A,H1_staged_growth_efficiency,exploratory,false,26,Lotka-Volterra competition,2,exact,3,evogrow_v2_1,123,finished,finished,true,,2026-04-23T22:12:44,2026-04-24T00:21:00,0.00026235715251860767,0.007262357152518608,false,5,2,2,7508407,603828,7696.445999860764,false,true,false
26_evogrow_v2_1_seed7,paper1_phaseA_v1,A,H1_staged_growth_efficiency,exploratory,false,26,Lotka-Volterra competition,2,exact,3,evogrow_v2_1,7,finished,finished,true,,2026-04-24T00:21:00,2026-04-24T00:59:20,0.0001977949053035939,0.007197794905303594,false,5,2,2,2099843,72106,2299.4500000476837,false,true,false
26_evogrow_v2_1_seed99,paper1_phaseA_v1,A,H1_staged_growth_efficiency,exploratory,false,26,Lotka-Volterra competition,2,exact,3,evogrow_v2_1,99,finished,finished,true,,2026-04-24T00:59:20,2026-04-24T02:18:14,0.0005532675262387519,0.007553267526238752,false,5,2,2,3932099,456776,4734.1900000572205,false,true,false
26_evogrow_v2_1_seed17,paper1_phaseA_v1,A,H1_staged_growth_efficiency,exploratory,false,26,Lotka-Volterra competition,2,exact,3,evogrow_v2_1,17,finished,finished,true,,2026-04-24T02:18:14,2026-04-24T03:40:00,0.0005532675262387519,0.007553267526238752,false,5,2,2,4498525,445997,4905.9909999370575,false,true,false
26_evogrow_v2_2_stage_local_seed42,paper1_phaseA_v1,A,H1_staged_growth_efficiency,exploratory,false,26,Lotka-Volterra competition,2,exact,3,evogrow_v2_2_stage_local,42,finished,finished,true,,2026-04-24T03:40:00,2026-04-24T06:30:41,0.00026235715251860767,0.007262357152518608,false,5,2,6,8918579,560375,10240.336999893188,false,true,false
26_evogrow_v2_2_stage_local_seed123,paper1_phaseA_v1,A,H1_staged_growth_efficiency,exploratory,false,26,Lotka-Volterra competition,2,exact,3,evogrow_v2_2_stage_local,123,finished,finished,true,,2026-04-24T06:30:41,2026-04-24T10:37:11,0.00026235715251860767,0.007262357152518608,false,5,2,6,9919669,642275,14790.167999982834,false,true,false
26_evogrow_v2_2_stage_local_seed7,paper1_phaseA_v1,A,H1_staged_growth_efficiency,exploratory,false,26,Lotka-Volterra competition,2,exact,3,evogrow_v2_2_stage_local,7,finished,finished,true,,2026-04-24T10:37:11,2026-04-24T12:58:36,0.0001977949053035939,0.007197794905303594,false,5,2,6,4417167,170149,8484.369999885559,false,true,false
26_evogrow_v2_2_stage_local_seed99,paper1_phaseA_v1,A,H1_staged_growth_efficiency,exploratory,false,26,Lotka-Volterra competition,2,exact,3,evogrow_v2_2_stage_local,99,finished,finished,true,,2026-04-24T12:58:36,2026-04-24T14:33:22,0.0005532675262387519,0.007553267526238752,false,5,2,6,5879337,464744,5686.447999954224,false,true,false
26_evogrow_v2_2_stage_local_seed17,paper1_phaseA_v1,A,H1_staged_growth_efficiency,exploratory,false,26,Lotka-Volterra competition,2,exact,3,evogrow_v2_2_stage_local,17,finished,finished,true,,2026-04-24T14:33:22,2026-04-24T16:23:42,0.0005532675262387519,0.007553267526238752,false,5,2,6,7299582,455822,6620.017999887466,false,true,false
26_evogrow_v2_2_passive_seed42,paper1_phaseA_v1,A,H1_staged_growth_efficiency,exploratory,false,26,Lotka-Volterra competition,2,exact,3,evogrow_v2_2_passive,42,finished,finished,true,,2026-04-24T16:23:42,2026-04-24T19:19:08,0.00026235715251860767,0.007262357152518608,false,5,2,5,10965194,1130698,10526.026000022888,false,true,false
26_evogrow_v2_2_passive_seed123,paper1_phaseA_v1,A,H1_staged_growth_efficiency,exploratory,false,26,Lotka-Volterra competition,2,exact,3,evogrow_v2_2_passive,123,finished,finished,true,,2026-04-24T19:19:09,2026-04-24T21:46:12,0.0005532675262387519,0.007553267526238752,false,5,2,5,9493190,1115981,8823.149000167847,false,true,false
26_evogrow_v2_2_passive_seed7,paper1_phaseA_v1,A,H1_staged_growth_efficiency,exploratory,false,26,Lotka-Volterra competition,2,exact,3,evogrow_v2_2_passive,7,finished,finished,true,,2026-04-24T21:46:12,2026-04-25T00:49:22,0.00026235715251860767,0.007262357152518608,false,5,2,6,7247643,552695,10989.786999940872,false,true,false
26_evogrow_v2_2_passive_seed99,paper1_phaseA_v1,A,H1_staged_growth_efficiency,exploratory,false,26,Lotka-Volterra competition,2,exact,3,evogrow_v2_2_passive,99,finished,finished,true,,2026-04-25T00:49:22,2026-04-25T03:00:23,0.0005532675262387519,0.007553267526238752,false,5,2,6,8479220,932826,7861.110999822617,false,true,false
26_evogrow_v2_2_passive_seed17,paper1_phaseA_v1,A,H1_staged_growth_efficiency,exploratory,false,26,Lotka-Volterra competition,2,exact,3,evogrow_v2_2_passive,17,finished,finished,true,,2026-04-25T03:00:23,2026-04-25T05:53:08,0.00026235715251860767,0.007262357152518608,false,5,2,6,10255258,929749,10365.463999986649,false,true,false
26_evogrow_v2_2_soft_seed42,paper1_phaseA_v1,A,H1_staged_growth_efficiency,exploratory,false,26,Lotka-Volterra competition,2,exact,3,evogrow_v2_2_soft,42,finished,finished,true,,2026-04-25T05:53:09,2026-04-25T08:22:30,0.00026235715251860767,0.007262357152518608,false,5,2,6,9831897,555200,8960.917000055313,false,true,false
26_evogrow_v2_2_soft_seed123,paper1_phaseA_v1,A,H1_staged_growth_efficiency,exploratory,false,26,Lotka-Volterra competition,2,exact,3,evogrow_v2_2_soft,123,finished,finished,true,,2026-04-25T08:22:30,2026-04-25T11:52:32,0.00026235715251860767,0.007262357152518608,false,5,2,6,9987863,727902,12601.949999809265,false,true,false
26_evogrow_v2_2_soft_seed7,paper1_phaseA_v1,A,H1_staged_growth_efficiency,exploratory,false,26,Lotka-Volterra competition,2,exact,3,evogrow_v2_2_soft,7,finished,finished,true,,2026-04-25T11:52:32,2026-04-25T13:30:36,0.00026235715251860767,0.007262357152518608,false,5,2,6,6870518,446465,5884.346999883652,false,true,false
26_evogrow_v2_2_soft_seed99,paper1_phaseA_v1,A,H1_staged_growth_efficiency,exploratory,false,26,Lotka-Volterra competition,2,exact,3,evogrow_v2_2_soft,99,finished,finished,true,,2026-04-25T13:30:36,2026-04-25T16:06:49,0.00026235715251860767,0.007262357152518608,false,5,2,6,8997965,590346,9372.651000022888,false,true,false
26_evogrow_v2_2_soft_seed17,paper1_phaseA_v1,A,H1_staged_growth_efficiency,exploratory,false,26,Lotka-Volterra competition,2,exact,3,evogrow_v2_2_soft,17,finished,finished,true,,2026-04-25T16:06:49,2026-04-25T17:58:14,0.0001977949053035939,0.007197794905303594,false,5,2,6,6175646,278577,6685.131000041962,false,true,false
26_gp_baseline_seed42,paper1_phaseA_v1,A,H1_staged_growth_efficiency,exploratory,false,26,Lotka-Volterra competition,2,exact,3,gp_baseline,42,finished,finished,true,,2026-04-25T17:58:14,2026-04-25T18:00:55,0.004477194451267213,0.009477194451267257,false,,,0,367849,4075,160.91099977493286,false,true,false
26_gp_baseline_seed123,paper1_phaseA_v1,A,H1_staged_growth_efficiency,exploratory,false,26,Lotka-Volterra competition,2,exact,3,gp_baseline,123,finished,finished,true,,2026-04-25T18:00:55,2026-04-25T19:25:56,0.0028090605410177796,0.00780906054101778,false,,,0,370685,3816,5100.374000072479,false,true,false
26_gp_baseline_seed7,paper1_phaseA_v1,A,H1_staged_growth_efficiency,exploratory,false,26,Lotka-Volterra competition,2,exact,3,gp_baseline,7,finished,finished,true,,2026-04-25T19:25:56,2026-04-25T20:16:03,0.0015500389555251901,0.0065500389555251904,false,,,0,532138,2845,3007.031000137329,false,true,false
26_gp_baseline_seed99,paper1_phaseA_v1,A,H1_staged_growth_efficiency,exploratory,false,26,Lotka-Volterra competition,2,exact,3,gp_baseline,99,finished,finished,true,,2026-04-25T20:16:03,2026-04-25T20:53:49,0.002276104714373936,0.00827610471439933,false,,,0,948525,8011,2266.053999900818,false,true,false
26_gp_baseline_seed17,paper1_phaseA_v1,A,H1_staged_growth_efficiency,exploratory,false,26,Lotka-Volterra competition,2,exact,3,gp_baseline,17,finished,finished,true,,2026-04-25T20:53:49,2026-04-25T20:55:57,0.003795873422104527,0.009795873422104527,false,,,0,385254,4370,127.50999999046326,false,true,false
31_evogrow_v1_seed42,paper1_phaseA_v1,A,H1_staged_growth_efficiency,exploratory,false,31,SIR model,2,exact,3,evogrow_v1,42,finished,finished,true,,2026-04-25T20:55:57,2026-04-25T21:05:12,6.974887729425108e-5,0.006069748877294251,false,5,2,2,1134935,4635,554.8989999294281,false,true,false
31_evogrow_v1_seed123,paper1_phaseA_v1,A,H1_staged_growth_efficiency,exploratory,false,31,SIR model,2,exact,3,evogrow_v1,123,finished,finished,true,,2026-04-25T21:05:12,2026-04-25T21:16:10,6.974887729425108e-5,0.006069748877294251,false,5,2,2,1330188,5036,658.0090000629425,false,true,false
31_evogrow_v1_seed7,paper1_phaseA_v1,A,H1_staged_growth_efficiency,exploratory,false,31,SIR model,2,exact,3,evogrow_v1,7,finished,finished,true,,2026-04-25T21:16:10,2026-04-25T21:25:38,6.974887729425108e-5,0.006069748877294251,false,5,2,2,1158059,4302,567.3580000400543,false,true,false
31_evogrow_v1_seed99,paper1_phaseA_v1,A,H1_staged_growth_efficiency,exploratory,false,31,SIR model,2,exact,3,evogrow_v1,99,finished,finished,true,,2026-04-25T21:25:38,2026-04-25T21:33:12,6.974887729425108e-5,0.006069748877294251,false,5,2,2,961543,4199,454.2920000553131,false,true,false
31_evogrow_v1_seed17,paper1_phaseA_v1,A,H1_staged_growth_efficiency,exploratory,false,31,SIR model,2,exact,3,evogrow_v1,17,finished,finished,true,,2026-04-25T21:33:12,2026-04-25T21:42:30,6.974887729425108e-5,0.006069748877294251,false,5,2,2,1142070,4296,558.135999917984,false,true,false
31_evogrow_v2_1_seed42,paper1_phaseA_v1,A,H1_staged_growth_efficiency,exploratory,false,31,SIR model,2,exact,3,evogrow_v2_1,42,finished,finished,true,,2026-04-25T21:42:30,2026-04-25T21:51:39,6.974887729425108e-5,0.006069748877294251,false,5,2,2,1134935,4635,548.9500000476837,false,true,false
31_evogrow_v2_1_seed123,paper1_phaseA_v1,A,H1_staged_growth_efficiency,exploratory,false,31,SIR model,2,exact,3,evogrow_v2_1,123,finished,finished,true,,2026-04-25T21:51:39,2026-04-25T22:02:39,6.974887729425108e-5,0.006069748877294251,false,5,2,2,1330188,5036,660.1189999580383,false,true,false
31_evogrow_v2_1_seed7,paper1_phaseA_v1,A,H1_staged_growth_efficiency,exploratory,false,31,SIR model,2,exact,3,evogrow_v2_1,7,finished,finished,true,,2026-04-25T22:02:40,2026-04-25T22:12:08,6.974887729425108e-5,0.006069748877294251,false,5,2,2,1158059,4302,568.1239998340607,false,true,false
31_evogrow_v2_1_seed99,paper1_phaseA_v1,A,H1_staged_growth_efficiency,exploratory,false,31,SIR model,2,exact,3,evogrow_v2_1,99,finished,finished,true,,2026-04-25T22:12:08,2026-04-25T22:19:46,6.974887729425108e-5,0.006069748877294251,false,5,2,2,961543,4199,458.17899990081787,false,true,false
31_evogrow_v2_1_seed17,paper1_phaseA_v1,A,H1_staged_growth_efficiency,exploratory,false,31,SIR model,2,exact,3,evogrow_v2_1,17,finished,finished,true,,2026-04-25T22:19:46,2026-04-25T22:29:02,6.974887729425108e-5,0.006069748877294251,false,5,2,2,1142070,4296,556.1189999580383,false,true,false
31_evogrow_v2_2_stage_local_seed42,paper1_phaseA_v1,A,H1_staged_growth_efficiency,exploratory,false,31,SIR model,2,exact,3,evogrow_v2_2_stage_local,42,finished,finished,true,,2026-04-25T22:29:02,2026-04-25T22:56:18,6.974887729425108e-5,0.006069748877294251,false,5,2,6,3165685,10518,1636.0620000362396,false,true,false
31_evogrow_v2_2_stage_local_seed123,paper1_phaseA_v1,A,H1_staged_growth_efficiency,exploratory,false,31,SIR model,2,exact,3,evogrow_v2_2_stage_local,123,finished,finished,true,,2026-04-25T22:56:19,2026-04-25T23:35:41,6.974887729425108e-5,0.006069748877294251,false,5,2,6,4496841,10302,2362.1630001068115,false,true,false
31_evogrow_v2_2_stage_local_seed7,paper1_phaseA_v1,A,H1_staged_growth_efficiency,exploratory,false,31,SIR model,2,exact,3,evogrow_v2_2_stage_local,7,finished,finished,true,,2026-04-25T23:35:41,2026-04-26T00:09:21,6.974887729425108e-5,0.006069748877294251,false,5,2,6,3823817,9798,2020.5639998912811,false,true,false
31_evogrow_v2_2_stage_local_seed99,paper1_phaseA_v1,A,H1_staged_growth_efficiency,exploratory,false,31,SIR model,2,exact,3,evogrow_v2_2_stage_local,99,finished,finished,true,,2026-04-26T00:09:22,2026-04-26T00:26:55,6.974887729425108e-5,0.006069748877294251,false,5,2,6,2114746,8182,1053.289999961853,false,true,false
31_evogrow_v2_2_stage_local_seed17,paper1_phaseA_v1,A,H1_staged_growth_efficiency,exploratory,false,31,SIR model,2,exact,3,evogrow_v2_2_stage_local,17,finished,finished,true,,2026-04-26T00:26:55,2026-04-26T00:50:06,6.974887729425108e-5,0.006069748877294251,false,5,2,6,2717014,8231,1391.013000011444,false,true,false
31_evogrow_v2_2_passive_seed42,paper1_phaseA_v1,A,H1_staged_growth_efficiency,exploratory,false,31,SIR model,2,exact,3,evogrow_v2_2_passive,42,finished,finished,true,,2026-04-26T00:50:06,2026-04-26T01:16:56,6.974887729425108e-5,0.006069748877294251,false,5,2,6,2718712,8510,1610.2760000228882,false,true,false
31_evogrow_v2_2_passive_seed123,paper1_phaseA_v1,A,H1_staged_growth_efficiency,exploratory,false,31,SIR model,2,exact,3,evogrow_v2_2_passive,123,finished,finished,true,,2026-04-26T01:16:56,2026-04-26T01:48:56,6.974887729425108e-5,0.006069748877294251,false,5,2,6,3683396,9857,1919.201000213623,false,true,false
31_evogrow_v2_2_passive_seed7,paper1_phaseA_v1,A,H1_staged_growth_efficiency,exploratory,false,31,SIR model,2,exact,3,evogrow_v2_2_passive,7,finished,finished,true,,2026-04-26T01:48:56,2026-04-26T02:20:55,6.974887729425108e-5,0.006069748877294251,false,5,2,6,3233680,8929,1919.5520000457764,false,true,false
31_evogrow_v2_2_passive_seed99,paper1_phaseA_v1,A,H1_staged_growth_efficiency,exploratory,false,31,SIR model,2,exact,3,evogrow_v2_2_passive,99,finished,finished,true,,2026-04-26T02:20:55,2026-04-26T02:40:39,6.974887729425108e-5,0.006069748877294251,false,5,2,6,1985971,8574,1183.5280001163483,false,true,false
31_evogrow_v2_2_passive_seed17,paper1_phaseA_v1,A,H1_staged_growth_efficiency,exploratory,false,31,SIR model,2,exact,3,evogrow_v2_2_passive,17,finished,finished,true,,2026-04-26T02:40:39,2026-04-26T03:04:03,6.974887729425108e-5,0.006069748877294251,false,5,2,6,1638578,8113,1403.4670000076294,false,true,false
31_evogrow_v2_2_soft_seed42,paper1_phaseA_v1,A,H1_staged_growth_efficiency,exploratory,false,31,SIR model,2,exact,3,evogrow_v2_2_soft,42,finished,finished,true,,2026-04-26T03:04:03,2026-04-26T03:32:29,6.974887729425108e-5,0.006069748877294251,false,5,2,6,3303075,9953,1706.1730000972748,false,true,false
31_evogrow_v2_2_soft_seed123,paper1_phaseA_v1,A,H1_staged_growth_efficiency,exploratory,false,31,SIR model,2,exact,3,evogrow_v2_2_soft,123,finished,finished,true,,2026-04-26T03:32:29,2026-04-26T04:02:27,6.974887729425108e-5,0.006069748877294251,false,5,2,6,3445907,9921,1797.8710000514984,false,true,false
31_evogrow_v2_2_soft_seed7,paper1_phaseA_v1,A,H1_staged_growth_efficiency,exploratory,false,31,SIR model,2,exact,3,evogrow_v2_2_soft,7,finished,finished,true,,2026-04-26T04:02:27,2026-04-26T04:25:54,6.974887729425108e-5,0.006069748877294251,false,5,2,6,2614218,9788,1406.6459999084473,false,true,false
31_evogrow_v2_2_soft_seed99,paper1_phaseA_v1,A,H1_staged_growth_efficiency,exploratory,false,31,SIR model,2,exact,3,evogrow_v2_2_soft,99,finished,finished,true,,2026-04-26T04:25:54,2026-04-26T05:00:27,6.974887729425108e-5,0.006069748877294251,false,5,2,6,3855705,10731,2072.8929998874664,false,true,false
31_evogrow_v2_2_soft_seed17,paper1_phaseA_v1,A,H1_staged_growth_efficiency,exploratory,false,31,SIR model,2,exact,3,evogrow_v2_2_soft,17,finished,finished,true,,2026-04-26T05:00:27,2026-04-26T05:19:46,6.974887729425108e-5,0.006069748877294251,false,5,2,6,2330044,8696,1159.5009999275208,false,true,false
31_gp_baseline_seed42,paper1_phaseA_v1,A,H1_staged_growth_efficiency,exploratory,false,31,SIR model,2,exact,3,gp_baseline,42,finished,finished,true,,2026-04-26T05:19:46,2026-04-26T05:20:30,0.619191498580478,0.6221914985805432,false,,,0,58946,3740,44.15399980545044,false,true,false
31_gp_baseline_seed123,paper1_phaseA_v1,A,H1_staged_growth_efficiency,exploratory,false,31,SIR model,2,exact,3,gp_baseline,123,finished,finished,true,,2026-04-26T05:20:31,2026-04-26T05:26:04,0.0001509775365810042,0.004150977536581005,false,,,0,213015,2339,333.64599990844727,false,true,false
31_gp_baseline_seed7,paper1_phaseA_v1,A,H1_staged_growth_efficiency,exploratory,false,31,SIR model,2,exact,3,gp_baseline,7,finished,finished,true,,2026-04-26T05:26:04,2026-04-26T07:13:32,0.8098060975850371,0.8138060975850371,false,,,0,1763842,9128,6447.47000002861,false,true,false
31_gp_baseline_seed99,paper1_phaseA_v1,A,H1_staged_growth_efficiency,exploratory,false,31,SIR model,2,exact,3,gp_baseline,99,finished,finished,true,,2026-04-26T07:13:32,2026-04-26T07:24:07,0.06911275483118275,0.07311275483119112,false,,,0,397435,2041,635.3880000114441,false,true,false
31_gp_baseline_seed17,paper1_phaseA_v1,A,H1_staged_growth_efficiency,exploratory,false,31,SIR model,2,exact,3,gp_baseline,17,finished,finished,true,,2026-04-26T07:24:07,2026-04-26T07:58:41,0.06954373207361339,0.0745437320736134,false,,,0,186298,2587,2073.2949998378754,false,true,false
37_evogrow_v1_seed42,paper1_phaseA_v1,A,H1_staged_growth_efficiency,exploratory,false,37,Van der Pol oscillator,2,surrogate,4,evogrow_v1,42,finished,finished,true,,2026-04-26T07:58:41,2026-04-26T09:03:37,0.02409704635760685,0.035097046357606854,,5,,,1914620,23695,3896.223000049591,false,true,false
37_evogrow_v1_seed123,paper1_phaseA_v1,A,H1_staged_growth_efficiency,exploratory,false,37,Van der Pol oscillator,2,surrogate,4,evogrow_v1,123,finished,finished,true,,2026-04-26T09:03:37,2026-04-26T10:46:25,0.026131020909966253,0.035131020909966254,,5,,,1831049,21605,6167.423000097275,false,true,false
37_evogrow_v1_seed7,paper1_phaseA_v1,A,H1_staged_growth_efficiency,exploratory,false,37,Van der Pol oscillator,2,surrogate,4,evogrow_v1,7,finished,finished,true,,2026-04-26T10:46:25,2026-04-26T11:35:52,0.025806039985571506,0.035806039985571504,,5,,,1811490,20473,2966.684000015259,false,true,false
37_evogrow_v1_seed99,paper1_phaseA_v1,A,H1_staged_growth_efficiency,exploratory,false,37,Van der Pol oscillator,2,surrogate,4,evogrow_v1,99,finished,finished,true,,2026-04-26T11:35:52,2026-04-26T12:37:26,0.02409704635760685,0.035097046357606854,,5,,,1893213,22254,3693.9670000076294,false,true,false
37_evogrow_v1_seed17,paper1_phaseA_v1,A,H1_staged_growth_efficiency,exploratory,false,37,Van der Pol oscillator,2,surrogate,4,evogrow_v1,17,finished,finished,true,,2026-04-26T12:37:26,2026-04-26T13:55:27,0.025806039985571506,0.035806039985571504,,5,,,1736464,18855,4680.985000133514,false,true,false
37_evogrow_v2_1_seed42,paper1_phaseA_v1,A,H1_staged_growth_efficiency,exploratory,false,37,Van der Pol oscillator,2,surrogate,4,evogrow_v2_1,42,finished,finished,true,,2026-04-26T13:55:27,2026-04-26T15:01:47,0.02409704635760685,0.035097046357606854,,5,,,1914620,23695,3980.4210000038147,false,true,false
37_evogrow_v2_1_seed123,paper1_phaseA_v1,A,H1_staged_growth_efficiency,exploratory,false,37,Van der Pol oscillator,2,surrogate,4,evogrow_v2_1,123,finished,finished,true,,2026-04-26T15:01:48,2026-04-26T16:46:17,0.026131020909966253,0.035131020909966254,,5,,,1831049,21605,6269.581000089645,false,true,false
37_evogrow_v2_1_seed7,paper1_phaseA_v1,A,H1_staged_growth_efficiency,exploratory,false,37,Van der Pol oscillator,2,surrogate,4,evogrow_v2_1,7,finished,finished,true,,2026-04-26T16:46:17,2026-04-26T17:35:42,0.025806039985571506,0.035806039985571504,,5,,,1811490,20473,2964.611000061035,false,true,false
37_evogrow_v2_1_seed99,paper1_phaseA_v1,A,H1_staged_growth_efficiency,exploratory,false,37,Van der Pol oscillator,2,surrogate,4,evogrow_v2_1,99,finished,finished,true,,2026-04-26T17:35:42,2026-04-26T18:38:23,0.02409704635760685,0.035097046357606854,,5,,,1893213,22254,3761.3710000514984,false,true,false
37_evogrow_v2_1_seed17,paper1_phaseA_v1,A,H1_staged_growth_efficiency,exploratory,false,37,Van der Pol oscillator,2,surrogate,4,evogrow_v2_1,17,finished,finished,true,,2026-04-26T18:38:23,2026-04-26T19:58:20,0.025806039985571506,0.035806039985571504,,5,,,1736464,18855,4796.446000099182,false,true,false
37_evogrow_v2_2_stage_local_seed42,paper1_phaseA_v1,A,H1_staged_growth_efficiency,exploratory,false,37,Van der Pol oscillator,2,surrogate,4,evogrow_v2_2_stage_local,42,finished,finished,true,,2026-04-26T19:58:20,2026-04-26T21:18:01,0.02409704635760685,0.035097046357606854,,5,,,1914620,23695,4781.266000032425,false,true,false
37_evogrow_v2_2_stage_local_seed123,paper1_phaseA_v1,A,H1_staged_growth_efficiency,exploratory,false,37,Van der Pol oscillator,2,surrogate,4,evogrow_v2_2_stage_local,123,finished,finished,true,,2026-04-26T21:18:01,2026-04-26T23:24:09,0.026131020909966253,0.035131020909966254,,5,,,1831049,21605,7567.125,false,true,false
37_evogrow_v2_2_stage_local_seed7,paper1_phaseA_v1,A,H1_staged_growth_efficiency,exploratory,false,37,Van der Pol oscillator,2,surrogate,4,evogrow_v2_2_stage_local,7,finished,finished,true,,2026-04-26T23:24:09,2026-04-27T00:17:05,0.025806039985571506,0.035806039985571504,,5,,,1811490,20473,3176.451999902725,false,true,false
37_evogrow_v2_2_stage_local_seed99,paper1_phaseA_v1,A,H1_staged_growth_efficiency,exploratory,false,37,Van der Pol oscillator,2,surrogate,4,evogrow_v2_2_stage_local,99,finished,finished,true,,2026-04-27T00:17:05,2026-04-27T01:16:47,0.02409704635760685,0.035097046357606854,,5,,,1893213,22254,3582.0899999141693,false,true,false
37_evogrow_v2_2_stage_local_seed17,paper1_phaseA_v1,A,H1_staged_growth_efficiency,exploratory,false,37,Van der Pol oscillator,2,surrogate,4,evogrow_v2_2_stage_local,17,finished,finished,true,,2026-04-27T01:16:48,2026-04-27T02:32:47,0.025806039985571506,0.035806039985571504,,5,,,1736464,18855,4559.545000076294,false,true,false
37_evogrow_v2_2_passive_seed42,paper1_phaseA_v1,A,H1_staged_growth_efficiency,exploratory,false,37,Van der Pol oscillator,2,surrogate,4,evogrow_v2_2_passive,42,finished,finished,true,,2026-04-27T02:32:47,2026-04-27T03:40:19,0.02536393786512148,0.03736393786512148,,5,,,2207271,29555,4051.3079998493195,false,true,false
37_evogrow_v2_2_passive_seed123,paper1_phaseA_v1,A,H1_staged_growth_efficiency,exploratory,false,37,Van der Pol oscillator,2,surrogate,4,evogrow_v2_2_passive,123,finished,finished,true,,2026-04-27T03:40:19,2026-04-27T05:36:14,0.024561563142223398,0.0355615631422234,,5,,,2147189,36260,6955.313999891281,false,true,false
37_evogrow_v2_2_passive_seed7,paper1_phaseA_v1,A,H1_staged_growth_efficiency,exploratory,false,37,Van der Pol oscillator,2,surrogate,4,evogrow_v2_2_passive,7,finished,finished,true,,2026-04-27T05:36:14,2026-04-27T06:20:55,0.027852288811935397,0.0378522888119354,,4,,,2174826,28911,2680.425999879837,false,true,false
37_evogrow_v2_2_passive_seed99,paper1_phaseA_v1,A,H1_staged_growth_efficiency,exploratory,false,37,Van der Pol oscillator,2,surrogate,4,evogrow_v2_2_passive,99,finished,finished,true,,2026-04-27T06:20:55,2026-04-27T07:21:16,0.02366992464096894,0.034669924640968935,,5,,,2197773,30075,3621.1589999198914,false,true,false
37_evogrow_v2_2_passive_seed17,paper1_phaseA_v1,A,H1_staged_growth_efficiency,exploratory,false,37,Van der Pol oscillator,2,surrogate,4,evogrow_v2_2_passive,17,finished,finished,true,,2026-04-27T07:21:16,2026-04-27T08:17:51,0.02786387196464988,0.03686387196464988,,4,,,2157475,30125,3395.3280000686646,false,true,false
37_evogrow_v2_2_soft_seed42,paper1_phaseA_v1,A,H1_staged_growth_efficiency,exploratory,false,37,Van der Pol oscillator,2,surrogate,4,evogrow_v2_2_soft,42,finished,finished,true,,2026-04-27T08:17:52,2026-04-27T09:17:18,0.02786387196464988,0.03686387196464988,,4,,,1894961,19158,3566.7699999809265,false,true,false
37_evogrow_v2_2_soft_seed123,paper1_phaseA_v1,A,H1_staged_growth_efficiency,exploratory,false,37,Van der Pol oscillator,2,surrogate,4,evogrow_v2_2_soft,123,finished,finished,true,,2026-04-27T09:17:18,2026-04-27T10:25:49,0.025917577814414963,0.034917577814414964,,5,,,1898061,20453,4110.796999931335,false,true,false
37_evogrow_v2_2_soft_seed7,paper1_phaseA_v1,A,H1_staged_growth_efficiency,exploratory,false,37,Van der Pol oscillator,2,surrogate,4,evogrow_v2_2_soft,7,finished,finished,true,,2026-04-27T10:25:49,2026-04-27T11:50:54,0.026131020909966253,0.035131020909966254,,5,,,1996813,24470,5104.582999944687,false,true,false
37_evogrow_v2_2_soft_seed99,paper1_phaseA_v1,A,H1_staged_growth_efficiency,exploratory,false,37,Van der Pol oscillator,2,surrogate,4,evogrow_v2_2_soft,99,finished,finished,true,,2026-04-27T11:50:54,2026-04-27T12:41:55,0.02846585763350553,0.03746585763350553,,4,,,1996451,22082,3061.0650000572205,false,true,false
37_evogrow_v2_2_soft_seed17,paper1_phaseA_v1,A,H1_staged_growth_efficiency,exploratory,false,37,Van der Pol oscillator,2,surrogate,4,evogrow_v2_2_soft,17,finished,finished,true,,2026-04-27T12:41:55,2026-04-27T13:51:55,0.02366992464096894,0.034669924640968935,,5,,,1912223,22562,4199.491000175476,false,true,false
37_gp_baseline_seed42,paper1_phaseA_v1,A,H1_staged_growth_efficiency,exploratory,false,37,Van der Pol oscillator,2,surrogate,4,gp_baseline,42,finished,finished,true,,2026-04-27T13:51:55,2026-04-27T14:07:34,0.034041943795352025,0.041041943795352025,,,,,852509,39815,939.2799999713898,false,true,false
37_gp_baseline_seed123,paper1_phaseA_v1,A,H1_staged_growth_efficiency,exploratory,false,37,Van der Pol oscillator,2,surrogate,4,gp_baseline,123,finished,finished,true,,2026-04-27T14:07:34,2026-04-27T14:14:59,0.04470753118737981,0.0497075311873904,,,,,285240,5332,444.71399998664856,false,true,false
37_gp_baseline_seed7,paper1_phaseA_v1,A,H1_staged_growth_efficiency,exploratory,false,37,Van der Pol oscillator,2,surrogate,4,gp_baseline,7,finished,finished,true,,2026-04-27T14:14:59,2026-04-27T15:00:50,0.06743201096061219,0.07043201096061255,,,,,63900,802,2751.2380001544952,false,true,false
37_gp_baseline_seed99,paper1_phaseA_v1,A,H1_staged_growth_efficiency,exploratory,false,37,Van der Pol oscillator,2,surrogate,4,gp_baseline,99,finished,finished,true,,2026-04-27T15:00:51,2026-04-27T15:54:04,0.04420431163169547,0.04920431163169547,,,,,605086,8557,3193.2720000743866,false,true,false
37_gp_baseline_seed17,paper1_phaseA_v1,A,H1_staged_growth_efficiency,exploratory,false,37,Van der Pol oscillator,2,surrogate,4,gp_baseline,17,finished,finished,true,,2026-04-27T15:54:04,2026-04-27T15:58:21,0.04198889340563459,0.046988893406808195,,,,,128186,229,257.2359998226166,false,true,false
54_evogrow_v1_seed42,paper1_phaseA_v1,A,H1_staged_growth_efficiency,exploratory,false,54,Lorenz (periodic),3,exact,3,evogrow_v1,42,finished,finished,true,,2026-04-27T15:58:21,2026-04-28T00:07:50,0.0007803119637677885,0.012780311963767789,false,5,2,2,2980018,33047,29367.332999944687,false,true,false
54_evogrow_v1_seed123,paper1_phaseA_v1,A,H1_staged_growth_efficiency,exploratory,false,54,Lorenz (periodic),3,exact,3,evogrow_v1,123,finished,finished,true,,2026-04-28T00:07:51,2026-04-28T07:46:23,0.00042597749426286487,0.013425977494262865,false,5,2,1,4046244,36086,27512.754999876022,false,true,false
54_evogrow_v1_seed7,paper1_phaseA_v1,A,H1_staged_growth_efficiency,exploratory,false,54,Lorenz (periodic),3,exact,3,evogrow_v1,7,finished,finished,true,,2026-04-28T07:46:23,2026-04-29T23:14:18,0.00042597749426286487,0.013425977494262865,false,5,2,1,3947987,35749,142074.50800013542,false,true,false
54_evogrow_v1_seed99,paper1_phaseA_v1,A,H1_staged_growth_efficiency,exploratory,false,54,Lorenz (periodic),3,exact,3,evogrow_v1,99,finished,finished,true,,2026-04-30T09:14:51,2026-05-01T04:45:29,0.004292058321967456,0.014292058321967456,false,5,2,2,2765410,37982,70231.01099991798,false,true,false
54_evogrow_v1_seed17,paper1_phaseA_v1,A,H1_staged_growth_efficiency,exploratory,false,54,Lorenz (periodic),3,exact,3,evogrow_v1,17,finished,finished,true,,2026-05-01T04:45:29,2026-05-01T10:28:59,0.000869875628032997,0.013869875628032997,false,5,2,2,2951424,27788,20610.180999994278,false,true,false
54_evogrow_v2_1_seed42,paper1_phaseA_v1,A,H1_staged_growth_efficiency,exploratory,false,54,Lorenz (periodic),3,exact,3,evogrow_v2_1,42,finished,finished,true,,2026-05-01T10:28:59,2026-05-01T18:35:56,0.000869875628032997,0.013869875628032997,false,5,2,1,2951867,32326,29216.953999996185,false,true,false
54_evogrow_v2_1_seed123,paper1_phaseA_v1,A,H1_staged_growth_efficiency,exploratory,false,54,Lorenz (periodic),3,exact,3,evogrow_v2_1,123,finished,finished,true,,2026-05-01T18:35:57,2026-05-01T23:34:13,0.0010682374490099805,0.01506823744900998,false,3,0,0,3535000,48773,17896.075999975204,false,true,false
54_evogrow_v2_1_seed7,paper1_phaseA_v1,A,H1_staged_growth_efficiency,exploratory,false,54,Lorenz (periodic),3,exact,3,evogrow_v2_1,7,finished,finished,true,,2026-05-01T23:34:13,2026-05-02T07:01:08,0.000869875628032997,0.013869875628032997,false,5,2,1,3253390,31794,26814.75199985504,false,true,false
54_evogrow_v2_1_seed99,paper1_phaseA_v1,A,H1_staged_growth_efficiency,exploratory,false,54,Lorenz (periodic),3,exact,3,evogrow_v2_1,99,finished,finished,true,,2026-05-02T07:01:08,2026-05-02T13:59:05,0.004292058321967456,0.014292058321967456,false,5,2,2,2792027,38163,25077.27900004387,false,true,false
54_evogrow_v2_1_seed17,paper1_phaseA_v1,A,H1_staged_growth_efficiency,exploratory,false,54,Lorenz (periodic),3,exact,3,evogrow_v2_1,17,finished,finished,true,,2026-05-02T13:59:05,2026-05-02T19:47:16,0.000869875628032997,0.013869875628032997,false,5,2,2,2975435,27913,20891.12300014496,false,true,false
54_evogrow_v2_2_stage_local_seed42,paper1_phaseA_v1,A,H1_staged_growth_efficiency,exploratory,false,54,Lorenz (periodic),3,exact,3,evogrow_v2_2_stage_local,42,finished,finished,true,,2026-05-02T19:47:16,2026-05-03T02:34:00,0.000869875628032997,0.013869875628032997,false,3,0,0,3039099,31782,24403.460000038147,false,true,false
54_evogrow_v2_2_stage_local_seed123,paper1_phaseA_v1,A,H1_staged_growth_efficiency,exploratory,false,54,Lorenz (periodic),3,exact,3,evogrow_v2_2_stage_local,123,finished,finished,true,,2026-05-03T02:34:00,2026-05-03T07:21:26,0.0010682374490099805,0.01506823744900998,false,3,0,0,3531106,47625,17246.457999944687,false,true,false
54_evogrow_v2_2_stage_local_seed7,paper1_phaseA_v1,A,H1_staged_growth_efficiency,exploratory,false,54,Lorenz (periodic),3,exact,3,evogrow_v2_2_stage_local,7,finished,finished,true,,2026-05-03T07:21:27,2026-05-03T13:16:48,0.000869875628032997,0.013869875628032997,false,3,0,0,3391094,31177,21321.09700012207,false,true,false
54_evogrow_v2_2_stage_local_seed99,paper1_phaseA_v1,A,H1_staged_growth_efficiency,exploratory,false,54,Lorenz (periodic),3,exact,3,evogrow_v2_2_stage_local,99,finished,finished,true,,2026-05-03T13:16:48,2026-05-03T17:42:03,3.152826845165398e-5,0.014031528268451655,false,3,0,0,3140738,43421,15914.988999843597,false,true,false
54_evogrow_v2_2_stage_local_seed17,paper1_phaseA_v1,A,H1_staged_growth_efficiency,exploratory,false,54,Lorenz (periodic),3,exact,3,evogrow_v2_2_stage_local,17,finished,finished,true,,2026-05-03T22:49:47,2026-05-04T04:14:25,0.000869875628032997,0.013869875628032997,false,3,0,0,3196914,28938,19470.47399997711,false,true,false
54_evogrow_v2_2_passive_seed42,paper1_phaseA_v1,A,H1_staged_growth_efficiency,exploratory,false,54,Lorenz (periodic),3,exact,3,evogrow_v2_2_passive,42,finished,finished,true,,2026-05-04T04:14:25,2026-05-04T14:57:07,0.0007801452150176199,0.01378014521501762,false,3,0,0,2929256,34094,38562.06500005722,false,true,false
54_evogrow_v2_2_passive_seed123,paper1_phaseA_v1,A,H1_staged_growth_efficiency,exploratory,false,54,Lorenz (periodic),3,exact,3,evogrow_v2_2_passive,123,finished,finished,true,,2026-05-04T14:57:08,2026-05-05T00:28:26,0.001096306717090599,0.0140963067170906,false,3,0,0,3468212,31108,34278.53099989891,false,true,false
54_evogrow_v2_2_passive_seed7,paper1_phaseA_v1,A,H1_staged_growth_efficiency,exploratory,false,54,Lorenz (periodic),3,exact,3,evogrow_v2_2_passive,7,finished,finished,true,,2026-05-05T00:28:26,2026-05-05T05:53:12,0.000976321103374542,0.012976321103374542,false,3,0,0,3367512,34328,19485.055000066757,false,true,false
54_evogrow_v2_2_passive_seed99,paper1_phaseA_v1,A,H1_staged_growth_efficiency,exploratory,false,54,Lorenz (periodic),3,exact,3,evogrow_v2_2_passive,99,finished,finished,true,,2026-05-05T05:53:12,2026-05-05T18:09:34,0.0022039229722561346,0.014203922972256134,false,3,0,0,2960287,37594,44182.6210000515,false,true,false
54_evogrow_v2_2_passive_seed17,paper1_phaseA_v1,A,H1_staged_growth_efficiency,exploratory,false,54,Lorenz (periodic),3,exact,3,evogrow_v2_2_passive,17,finished,finished,true,,2026-05-05T18:09:34,2026-05-06T04:06:58,0.000869875628032997,0.013869875628032997,false,3,0,0,3085923,28592,35843.50199985504,false,true,false
54_evogrow_v2_2_soft_seed42,paper1_phaseA_v1,A,H1_staged_growth_efficiency,exploratory,false,54,Lorenz (periodic),3,exact,3,evogrow_v2_2_soft,42,finished,finished,true,,2026-05-06T04:06:58,2026-05-06T11:00:10,0.001231065723267239,0.01323106572326724,false,3,0,0,3300126,35264,24791.581000089645,false,true,false
54_evogrow_v2_2_soft_seed123,paper1_phaseA_v1,A,H1_staged_growth_efficiency,exploratory,false,54,Lorenz (periodic),3,exact,3,evogrow_v2_2_soft,123,finished,finished,true,,2026-05-06T11:00:10,2026-05-06T14:19:43,0.0010682374490099805,0.01506823744900998,false,3,0,0,3486171,40953,11973.520999908447,false,true,false
54_evogrow_v2_2_soft_seed7,paper1_phaseA_v1,A,H1_staged_growth_efficiency,exploratory,false,54,Lorenz (periodic),3,exact,3,evogrow_v2_2_soft,7,finished,finished,true,,2026-05-06T14:19:43,2026-05-06T23:25:44,0.001231065723267239,0.01323106572326724,false,3,0,0,3692276,41116,32760.021000146866,false,true,false
54_evogrow_v2_2_soft_seed99,paper1_phaseA_v1,A,H1_staged_growth_efficiency,exploratory,false,54,Lorenz (periodic),3,exact,3,evogrow_v2_2_soft,99,finished,finished,true,,2026-05-06T23:25:44,2026-05-07T05:22:09,0.0005343890832941362,0.013534389083294138,false,3,0,0,3138934,35158,21385.762000083923,false,true,false
54_evogrow_v2_2_soft_seed17,paper1_phaseA_v1,A,H1_staged_growth_efficiency,exploratory,false,54,Lorenz (periodic),3,exact,3,evogrow_v2_2_soft,17,finished,finished,true,,2026-05-07T05:22:10,2026-05-07T11:04:51,0.0006477798432954719,0.013647779843295474,false,3,0,0,3174962,33134,20561.486999988556,false,true,false
54_gp_baseline_seed42,paper1_phaseA_v1,A,H1_staged_growth_efficiency,exploratory,false,54,Lorenz (periodic),3,exact,3,gp_baseline,42,finished,finished,true,,2026-05-07T11:04:51,2026-05-07T12:18:50,0.7891009126640195,0.7941009126640195,false,,,0,245483,4365,4436.689999818802,false,true,false
54_gp_baseline_seed123,paper1_phaseA_v1,A,H1_staged_growth_efficiency,exploratory,false,54,Lorenz (periodic),3,exact,3,gp_baseline,123,finished,finished,true,,2026-05-07T12:18:50,2026-05-07T13:20:36,0.9380903796997684,0.9420903797051942,false,,,0,1142262,1929,3706.1470000743866,false,true,false
54_gp_baseline_seed7,paper1_phaseA_v1,A,H1_staged_growth_efficiency,exploratory,false,54,Lorenz (periodic),3,exact,3,gp_baseline,7,finished,finished,true,,2026-05-07T13:20:36,2026-05-07T13:40:07,0.9565459291990166,0.960545929199017,false,,,0,124302,7601,1170.6979999542236,false,true,false
54_gp_baseline_seed99,paper1_phaseA_v1,A,H1_staged_growth_efficiency,exploratory,false,54,Lorenz (periodic),3,exact,3,gp_baseline,99,finished,finished,true,,2026-05-07T13:40:07,2026-05-07T14:28:05,0.5373585549599414,0.5433585549601598,false,,,0,1059119,4639,2878.09299993515,false,true,false
54_gp_baseline_seed17,paper1_phaseA_v1,A,H1_staged_growth_efficiency,exploratory,false,54,Lorenz (periodic),3,exact,3,gp_baseline,17,finished,finished,true,,2026-05-07T14:28:05,2026-05-07T14:42:26,1.385251333401798,1.3902513335755087,false,,,0,324383,3804,860.3550000190735,false,true,false
63_evogrow_v1_seed42,paper1_phaseA_v1,A,H1_staged_growth_efficiency,exploratory,false,63,SEIR model,4,exact,3,evogrow_v1,42,finished,finished,true,,2026-05-07T14:42:26,2026-05-07T14:43:46,6.125737547092258e-5,0.005061257375470923,false,5,2,2,226279,384,79.2039999961853,false,true,false
63_evogrow_v1_seed123,paper1_phaseA_v1,A,H1_staged_growth_efficiency,exploratory,false,63,SEIR model,4,exact,3,evogrow_v1,123,finished,finished,true,,2026-05-07T14:43:46,2026-05-07T14:59:59,0.0017961809529340722,0.0057961809529340725,false,5,2,2,340419,759,972.6790001392365,false,true,false
63_evogrow_v1_seed7,paper1_phaseA_v1,A,H1_staged_growth_efficiency,exploratory,false,63,SEIR model,4,exact,3,evogrow_v1,7,finished,finished,true,,2026-05-07T15:00:00,2026-05-07T15:29:33,0.0017738130693348243,0.005773813069334824,false,5,2,2,501892,1153,1773.8090000152588,false,true,false
63_evogrow_v1_seed99,paper1_phaseA_v1,A,H1_staged_growth_efficiency,exploratory,false,63,SEIR model,4,exact,3,evogrow_v1,99,finished,finished,true,,2026-05-07T15:29:34,2026-05-07T15:31:15,0.00017581864002671547,0.005175818640026715,false,5,2,2,246527,218,101.10500001907349,false,true,false
63_evogrow_v1_seed17,paper1_phaseA_v1,A,H1_staged_growth_efficiency,exploratory,false,63,SEIR model,4,exact,3,evogrow_v1,17,finished,finished,true,,2026-05-07T15:31:15,2026-05-07T15:35:33,0.0020255631759469642,0.006025563175946965,false,5,2,2,380903,534,258.5640001296997,false,true,false
63_evogrow_v2_1_seed42,paper1_phaseA_v1,A,H1_staged_growth_efficiency,exploratory,false,63,SEIR model,4,exact,3,evogrow_v2_1,42,finished,finished,true,,2026-05-07T15:35:34,2026-05-07T15:36:25,6.125737547092258e-5,0.005061257375470923,false,5,2,2,226279,384,51.16100001335144,false,true,false
63_evogrow_v2_1_seed123,paper1_phaseA_v1,A,H1_staged_growth_efficiency,exploratory,false,63,SEIR model,4,exact,3,evogrow_v2_1,123,finished,finished,true,,2026-05-07T15:36:25,2026-05-07T15:48:01,0.0017961809529340722,0.0057961809529340725,false,5,2,2,340579,799,696.3729999065399,false,true,false
63_evogrow_v2_1_seed7,paper1_phaseA_v1,A,H1_staged_growth_efficiency,exploratory,false,63,SEIR model,4,exact,3,evogrow_v2_1,7,finished,finished,true,,2026-05-07T15:48:01,2026-05-07T15:55:53,0.0017738130693348243,0.005773813069334824,false,5,2,2,501892,1153,471.18499994277954,false,true,false
63_evogrow_v2_1_seed99,paper1_phaseA_v1,A,H1_staged_growth_efficiency,exploratory,false,63,SEIR model,4,exact,3,evogrow_v2_1,99,finished,finished,true,,2026-05-07T15:55:53,2026-05-07T15:57:42,0.00017581864002671547,0.005175818640026715,false,5,2,2,246527,218,109.41799998283386,false,true,false
63_evogrow_v2_1_seed17,paper1_phaseA_v1,A,H1_staged_growth_efficiency,exploratory,false,63,SEIR model,4,exact,3,evogrow_v2_1,17,finished,finished,true,,2026-05-07T15:57:42,2026-05-07T16:03:00,0.0020255631759469642,0.006025563175946965,false,5,2,2,380903,534,317.55399990081787,false,true,false
63_evogrow_v2_2_stage_local_seed42,paper1_phaseA_v1,A,H1_staged_growth_efficiency,exploratory,false,63,SEIR model,4,exact,3,evogrow_v2_2_stage_local,42,finished,finished,true,,2026-05-07T16:03:00,2026-05-07T16:23:05,6.125737547092258e-5,0.005061257375470923,false,5,2,8,796846,7623,1205.1209998130798,false,true,false
63_evogrow_v2_2_stage_local_seed123,paper1_phaseA_v1,A,H1_staged_growth_efficiency,exploratory,false,63,SEIR model,4,exact,3,evogrow_v2_2_stage_local,123,finished,finished,true,,2026-05-07T16:23:05,2026-05-07T16:44:26,0.0017961809529340722,0.0057961809529340725,false,5,2,8,664699,3635,1280.7929999828339,false,true,false
63_evogrow_v2_2_stage_local_seed7,paper1_phaseA_v1,A,H1_staged_growth_efficiency,exploratory,false,63,SEIR model,4,exact,3,evogrow_v2_2_stage_local,7,finished,finished,true,,2026-05-07T16:44:26,2026-05-07T17:58:39,0.0017738130693348243,0.005773813069334824,false,5,2,8,1529419,8831,4453.5380001068115,false,true,false
63_evogrow_v2_2_stage_local_seed99,paper1_phaseA_v1,A,H1_staged_growth_efficiency,exploratory,false,63,SEIR model,4,exact,3,evogrow_v2_2_stage_local,99,finished,finished,true,,2026-05-07T17:58:40,2026-05-07T18:19:05,0.00017581864002671547,0.005175818640026715,false,5,2,8,580687,1000,1225.2709999084473,false,true,false
63_evogrow_v2_2_stage_local_seed17,paper1_phaseA_v1,A,H1_staged_growth_efficiency,exploratory,false,63,SEIR model,4,exact,3,evogrow_v2_2_stage_local,17,finished,finished,true,,2026-05-07T18:19:05,2026-05-07T18:37:24,0.0020255631759469642,0.006025563175946965,false,5,2,8,1144324,20622,1098.5770001411438,false,true,false
63_evogrow_v2_2_passive_seed42,paper1_phaseA_v1,A,H1_staged_growth_efficiency,exploratory,false,63,SEIR model,4,exact,3,evogrow_v2_2_passive,42,finished,finished,true,,2026-05-07T18:37:24,2026-05-07T18:57:50,6.125737547092258e-5,0.005061257375470923,false,5,2,8,739836,3047,1226.0889999866486,false,true,false
63_evogrow_v2_2_passive_seed123,paper1_phaseA_v1,A,H1_staged_growth_efficiency,exploratory,false,63,SEIR model,4,exact,3,evogrow_v2_2_passive,123,finished,finished,true,,2026-05-07T18:57:50,2026-05-07T19:03:06,0.0017961809529340722,0.0057961809529340725,false,5,2,8,735871,2146,315.6710000038147,false,true,false
63_evogrow_v2_2_passive_seed7,paper1_phaseA_v1,A,H1_staged_growth_efficiency,exploratory,false,63,SEIR model,4,exact,3,evogrow_v2_2_passive,7,finished,finished,true,,2026-05-07T19:03:06,2026-05-07T19:41:01,0.0017738130693348243,0.005773813069334824,false,5,2,8,1307212,4889,2275.5750000476837,false,true,false
63_evogrow_v2_2_passive_seed99,paper1_phaseA_v1,A,H1_staged_growth_efficiency,exploratory,false,63,SEIR model,4,exact,3,evogrow_v2_2_passive,99,finished,finished,true,,2026-05-07T19:41:01,2026-05-07T19:43:38,0.00016547578175279178,0.005165475781752792,false,5,2,8,506735,497,156.9099998474121,false,true,false
63_evogrow_v2_2_passive_seed17,paper1_phaseA_v1,A,H1_staged_growth_efficiency,exploratory,false,63,SEIR model,4,exact,3,evogrow_v2_2_passive,17,finished,finished,true,,2026-05-07T19:43:38,2026-05-07T19:52:34,0.0020255631759469642,0.006025563175946965,false,5,2,8,780724,3216,535.7969999313354,false,true,false
63_evogrow_v2_2_soft_seed42,paper1_phaseA_v1,A,H1_staged_growth_efficiency,exploratory,false,63,SEIR model,4,exact,3,evogrow_v2_2_soft,42,finished,finished,true,,2026-05-07T19:52:34,2026-05-07T20:35:46,6.125737547092258e-5,0.005061257375470923,false,5,2,8,1333027,5030,2591.486999988556,false,true,false
63_evogrow_v2_2_soft_seed123,paper1_phaseA_v1,A,H1_staged_growth_efficiency,exploratory,false,63,SEIR model,4,exact,3,evogrow_v2_2_soft,123,finished,finished,true,,2026-05-07T20:35:46,2026-05-07T20:56:52,0.0017961809529340722,0.0057961809529340725,false,5,2,8,864083,8616,1265.6999998092651,false,true,false
63_evogrow_v2_2_soft_seed7,paper1_phaseA_v1,A,H1_staged_growth_efficiency,exploratory,false,63,SEIR model,4,exact,3,evogrow_v2_2_soft,7,finished,finished,true,,2026-05-07T20:56:52,2026-05-07T21:40:43,0.0017738130693348243,0.005773813069334824,false,5,2,8,1453473,6476,2631.361999988556,false,true,false
63_evogrow_v2_2_soft_seed99,paper1_phaseA_v1,A,H1_staged_growth_efficiency,exploratory,false,63,SEIR model,4,exact,3,evogrow_v2_2_soft,99,finished,finished,true,,2026-05-07T21:40:43,2026-05-07T21:48:12,0.0001706921248356888,0.005170692124835689,false,5,2,8,1034596,4495,449.21200013160706,false,true,false
63_evogrow_v2_2_soft_seed17,paper1_phaseA_v1,A,H1_staged_growth_efficiency,exploratory,false,63,SEIR model,4,exact,3,evogrow_v2_2_soft,17,finished,finished,true,,2026-05-07T21:48:13,2026-05-07T21:56:23,0.0010036374797839963,0.006003637479783996,false,5,2,8,740997,1220,490.2809998989105,false,true,false
63_gp_baseline_seed42,paper1_phaseA_v1,A,H1_staged_growth_efficiency,exploratory,false,63,SEIR model,4,exact,3,gp_baseline,42,finished,finished,true,,2026-05-07T21:56:23,2026-05-07T21:57:17,0.0007967191662065936,0.004796719166206593,false,,,0,228197,764,54.3970000743866,false,true,false
63_gp_baseline_seed123,paper1_phaseA_v1,A,H1_staged_growth_efficiency,exploratory,false,63,SEIR model,4,exact,3,gp_baseline,123,finished,finished,true,,2026-05-07T21:57:17,2026-05-07T22:36:28,0.0014624469820103576,0.006462446982010358,false,,,0,66660,1649,2350.8469998836517,false,true,false
63_gp_baseline_seed7,paper1_phaseA_v1,A,H1_staged_growth_efficiency,exploratory,false,63,SEIR model,4,exact,3,gp_baseline,7,finished,finished,true,,2026-05-07T22:36:29,2026-05-07T22:47:17,0.0013460628850044697,0.005346062885004469,false,,,0,161403,485,648.2880001068115,false,true,false
63_gp_baseline_seed99,paper1_phaseA_v1,A,H1_staged_growth_efficiency,exploratory,false,63,SEIR model,4,exact,3,gp_baseline,99,finished,finished,true,,2026-05-07T22:47:17,2026-05-08T00:15:43,0.001079936574605322,0.006079936574605322,false,,,0,616666,3265,5305.790999889374,false,true,false
63_gp_baseline_seed17,paper1_phaseA_v1,A,H1_staged_growth_efficiency,exploratory,false,63,SEIR model,4,exact,3,gp_baseline,17,finished,finished,true,,2026-05-08T00:15:43,2026-05-08T00:43:12,0.0016461662058860297,0.00564616620588603,false,,,0,84564,502,1648.6280000209808,false,true,false
