index,campaign,config_fingerprint,variant,condition,use_pretuning,system_id,system_dim,initial_condition_set,seed,representability
1,phase_b,604e79733b22d64d,evogrow_v2_2_stage_capped_pretune_on,pretune_on,true,1,1,1,42,surrogate
2,phase_b,604e79733b22d64d,evogrow_v2_2_stage_capped_pretune_on,pretune_on,true,1,1,1,123,surrogate
3,phase_b,604e79733b22d64d,evogrow_v2_2_stage_capped_pretune_on,pretune_on,true,1,1,1,7,surrogate
4,phase_b,604e79733b22d64d,evogrow_v2_2_stage_capped_pretune_on,pretune_on,true,1,1,2,42,surrogate
5,phase_b,604e79733b22d64d,evogrow_v2_2_stage_capped_pretune_on,pretune_on,true,1,1,2,123,surrogate
6,phase_b,604e79733b22d64d,evogrow_v2_2_stage_capped_pretune_on,pretune_on,true,1,1,2,7,surrogate
7,phase_b,604e79733b22d64d,evogrow_v2_2_stage_capped_pretune_on,pretune_on,true,2,1,1,42,exact
8,phase_b,604e79733b22d64d,evogrow_v2_2_stage_capped_pretune_on,pretune_on,true,2,1,1,123,exact
9,phase_b,604e79733b22d64d,evogrow_v2_2_stage_capped_pretune_on,pretune_on,true,2,1,1,7,exact
10,phase_b,604e79733b22d64d,evogrow_v2_2_stage_capped_pretune_on,pretune_on,true,2,1,2,42,exact
11,phase_b,604e79733b22d64d,evogrow_v2_2_stage_capped_pretune_on,pretune_on,true,2,1,2,123,exact
12,phase_b,604e79733b22d64d,evogrow_v2_2_stage_capped_pretune_on,pretune_on,true,2,1,2,7,exact
13,phase_b,604e79733b22d64d,evogrow_v2_2_stage_capped_pretune_on,pretune_on,true,3,1,1,42,exact
14,phase_b,604e79733b22d64d,evogrow_v2_2_stage_capped_pretune_on,pretune_on,true,3,1,1,123,exact
15,phase_b,604e79733b22d64d,evogrow_v2_2_stage_capped_pretune_on,pretune_on,true,3,1,1,7,exact
16,phase_b,604e79733b22d64d,evogrow_v2_2_stage_capped_pretune_on,pretune_on,true,3,1,2,42,exact
17,phase_b,604e79733b22d64d,evogrow_v2_2_stage_capped_pretune_on,pretune_on,true,3,1,2,123,exact
18,phase_b,604e79733b22d64d,evogrow_v2_2_stage_capped_pretune_on,pretune_on,true,3,1,2,7,exact
19,phase_b,604e79733b22d64d,evogrow_v2_2_stage_capped_pretune_on,pretune_on,true,4,1,1,42,surrogate
20,phase_b,604e79733b22d64d,evogrow_v2_2_stage_capped_pretune_on,pretune_on,true,4,1,1,123,surrogate
21,phase_b,604e79733b22d64d,evogrow_v2_2_stage_capped_pretune_on,pretune_on,true,4,1,1,7,surrogate
22,phase_b,604e79733b22d64d,evogrow_v2_2_stage_capped_pretune_on,pretune_on,true,4,1,2,42,surrogate
23,phase_b,604e79733b22d64d,evogrow_v2_2_stage_capped_pretune_on,pretune_on,true,4,1,2,123,surrogate
24,phase_b,604e79733b22d64d,evogrow_v2_2_stage_capped_pretune_on,pretune_on,true,4,1,2,7,surrogate
25,phase_b,604e79733b22d64d,evogrow_v2_2_stage_capped_pretune_on,pretune_on,true,5,1,1,42,surrogate
26,phase_b,604e79733b22d64d,evogrow_v2_2_stage_capped_pretune_on,pretune_on,true,5,1,1,123,surrogate
27,phase_b,604e79733b22d64d,evogrow_v2_2_stage_capped_pretune_on,pretune_on,true,5,1,1,7,surrogate
28,phase_b,604e79733b22d64d,evogrow_v2_2_stage_capped_pretune_on,pretune_on,true,5,1,2,42,surrogate
29,phase_b,604e79733b22d64d,evogrow_v2_2_stage_capped_pretune_on,pretune_on,true,5,1,2,123,surrogate
30,phase_b,604e79733b22d64d,evogrow_v2_2_stage_capped_pretune_on,pretune_on,true,5,1,2,7,surrogate
31,phase_b,604e79733b22d64d,evogrow_v2_2_stage_capped_pretune_on,pretune_on,true,6,1,1,42,exact
32,phase_b,604e79733b22d64d,evogrow_v2_2_stage_capped_pretune_on,pretune_on,true,6,1,1,123,exact
33,phase_b,604e79733b22d64d,evogrow_v2_2_stage_capped_pretune_on,pretune_on,true,6,1,1,7,exact
34,phase_b,604e79733b22d64d,evogrow_v2_2_stage_capped_pretune_on,pretune_on,true,6,1,2,42,exact
35,phase_b,604e79733b22d64d,evogrow_v2_2_stage_capped_pretune_on,pretune_on,true,6,1,2,123,exact
36,phase_b,604e79733b22d64d,evogrow_v2_2_stage_capped_pretune_on,pretune_on,true,6,1,2,7,exact
37,phase_b,604e79733b22d64d,evogrow_v2_2_stage_capped_pretune_on,pretune_on,true,7,1,1,42,surrogate
38,phase_b,604e79733b22d64d,evogrow_v2_2_stage_capped_pretune_on,pretune_on,true,7,1,1,123,surrogate
39,phase_b,604e79733b22d64d,evogrow_v2_2_stage_capped_pretune_on,pretune_on,true,7,1,1,7,surrogate
40,phase_b,604e79733b22d64d,evogrow_v2_2_stage_capped_pretune_on,pretune_on,true,7,1,2,42,surrogate
41,phase_b,604e79733b22d64d,evogrow_v2_2_stage_capped_pretune_on,pretune_on,true,7,1,2,123,surrogate
42,phase_b,604e79733b22d64d,evogrow_v2_2_stage_capped_pretune_on,pretune_on,true,7,1,2,7,surrogate
43,phase_b,604e79733b22d64d,evogrow_v2_2_stage_capped_pretune_on,pretune_on,true,8,1,1,42,exact
44,phase_b,604e79733b22d64d,evogrow_v2_2_stage_capped_pretune_on,pretune_on,true,8,1,1,123,exact
45,phase_b,604e79733b22d64d,evogrow_v2_2_stage_capped_pretune_on,pretune_on,true,8,1,1,7,exact
46,phase_b,604e79733b22d64d,evogrow_v2_2_stage_capped_pretune_on,pretune_on,true,8,1,2,42,exact
47,phase_b,604e79733b22d64d,evogrow_v2_2_stage_capped_pretune_on,pretune_on,true,8,1,2,123,exact
48,phase_b,604e79733b22d64d,evogrow_v2_2_stage_capped_pretune_on,pretune_on,true,8,1,2,7,exact
49,phase_b,604e79733b22d64d,evogrow_v2_2_stage_capped_pretune_on,pretune_on,true,9,1,1,42,surrogate
50,phase_b,604e79733b22d64d,evogrow_v2_2_stage_capped_pretune_on,pretune_on,true,9,1,1,123,surrogate
51,phase_b,604e79733b22d64d,evogrow_v2_2_stage_capped_pretune_on,pretune_on,true,9,1,1,7,surrogate
52,phase_b,604e79733b22d64d,evogrow_v2_2_stage_capped_pretune_on,pretune_on,true,9,1,2,42,surrogate
53,phase_b,604e79733b22d64d,evogrow_v2_2_stage_capped_pretune_on,pretune_on,true,9,1,2,123,surrogate
54,phase_b,604e79733b22d64d,evogrow_v2_2_stage_capped_pretune_on,pretune_on,true,9,1,2,7,surrogate
55,phase_b,604e79733b22d64d,evogrow_v2_2_stage_capped_pretune_on,pretune_on,true,10,1,1,42,surrogate
56,phase_b,604e79733b22d64d,evogrow_v2_2_stage_capped_pretune_on,pretune_on,true,10,1,1,123,surrogate
57,phase_b,604e79733b22d64d,evogrow_v2_2_stage_capped_pretune_on,pretune_on,true,10,1,1,7,surrogate
58,phase_b,604e79733b22d64d,evogrow_v2_2_stage_capped_pretune_on,pretune_on,true,10,1,2,42,surrogate
59,phase_b,604e79733b22d64d,evogrow_v2_2_stage_capped_pretune_on,pretune_on,true,10,1,2,123,surrogate
60,phase_b,604e79733b22d64d,evogrow_v2_2_stage_capped_pretune_on,pretune_on,true,10,1,2,7,surrogate
61,phase_b,604e79733b22d64d,evogrow_v2_2_stage_capped_pretune_on,pretune_on,true,11,1,1,42,exact
62,phase_b,604e79733b22d64d,evogrow_v2_2_stage_capped_pretune_on,pretune_on,true,11,1,1,123,exact
63,phase_b,604e79733b22d64d,evogrow_v2_2_stage_capped_pretune_on,pretune_on,true,11,1,1,7,exact
64,phase_b,604e79733b22d64d,evogrow_v2_2_stage_capped_pretune_on,pretune_on,true,11,1,2,42,exact
65,phase_b,604e79733b22d64d,evogrow_v2_2_stage_capped_pretune_on,pretune_on,true,11,1,2,123,exact
66,phase_b,604e79733b22d64d,evogrow_v2_2_stage_capped_pretune_on,pretune_on,true,11,1,2,7,exact
67,phase_b,604e79733b22d64d,evogrow_v2_2_stage_capped_pretune_on,pretune_on,true,12,1,1,42,exact
68,phase_b,604e79733b22d64d,evogrow_v2_2_stage_capped_pretune_on,pretune_on,true,12,1,1,123,exact
69,phase_b,604e79733b22d64d,evogrow_v2_2_stage_capped_pretune_on,pretune_on,true,12,1,1,7,exact
70,phase_b,604e79733b22d64d,evogrow_v2_2_stage_capped_pretune_on,pretune_on,true,12,1,2,42,exact
71,phase_b,604e79733b22d64d,evogrow_v2_2_stage_capped_pretune_on,pretune_on,true,12,1,2,123,exact
72,phase_b,604e79733b22d64d,evogrow_v2_2_stage_capped_pretune_on,pretune_on,true,12,1,2,7,exact
73,phase_b,604e79733b22d64d,evogrow_v2_2_stage_capped_pretune_on,pretune_on,true,13,1,1,42,surrogate
74,phase_b,604e79733b22d64d,evogrow_v2_2_stage_capped_pretune_on,pretune_on,true,13,1,1,123,surrogate
75,phase_b,604e79733b22d64d,evogrow_v2_2_stage_capped_pretune_on,pretune_on,true,13,1,1,7,surrogate
76,phase_b,604e79733b22d64d,evogrow_v2_2_stage_capped_pretune_on,pretune_on,true,13,1,2,42,surrogate
77,phase_b,604e79733b22d64d,evogrow_v2_2_stage_capped_pretune_on,pretune_on,true,13,1,2,123,surrogate
78,phase_b,604e79733b22d64d,evogrow_v2_2_stage_capped_pretune_on,pretune_on,true,13,1,2,7,surrogate
79,phase_b,604e79733b22d64d,evogrow_v2_2_stage_capped_pretune_on,pretune_on,true,14,1,1,42,surrogate
80,phase_b,604e79733b22d64d,evogrow_v2_2_stage_capped_pretune_on,pretune_on,true,14,1,1,123,surrogate
81,phase_b,604e79733b22d64d,evogrow_v2_2_stage_capped_pretune_on,pretune_on,true,14,1,1,7,surrogate
82,phase_b,604e79733b22d64d,evogrow_v2_2_stage_capped_pretune_on,pretune_on,true,14,1,2,42,surrogate
83,phase_b,604e79733b22d64d,evogrow_v2_2_stage_capped_pretune_on,pretune_on,true,14,1,2,123,surrogate
84,phase_b,604e79733b22d64d,evogrow_v2_2_stage_capped_pretune_on,pretune_on,true,14,1,2,7,surrogate
85,phase_b,604e79733b22d64d,evogrow_v2_2_stage_capped_pretune_on,pretune_on,true,15,1,1,42,surrogate
86,phase_b,604e79733b22d64d,evogrow_v2_2_stage_capped_pretune_on,pretune_on,true,15,1,1,123,surrogate
87,phase_b,604e79733b22d64d,evogrow_v2_2_stage_capped_pretune_on,pretune_on,true,15,1,1,7,surrogate
88,phase_b,604e79733b22d64d,evogrow_v2_2_stage_capped_pretune_on,pretune_on,true,15,1,2,42,surrogate
89,phase_b,604e79733b22d64d,evogrow_v2_2_stage_capped_pretune_on,pretune_on,true,15,1,2,123,surrogate
90,phase_b,604e79733b22d64d,evogrow_v2_2_stage_capped_pretune_on,pretune_on,true,15,1,2,7,surrogate
91,phase_b,604e79733b22d64d,evogrow_v2_2_stage_capped_pretune_on,pretune_on,true,16,1,1,42,surrogate
92,phase_b,604e79733b22d64d,evogrow_v2_2_stage_capped_pretune_on,pretune_on,true,16,1,1,123,surrogate
93,phase_b,604e79733b22d64d,evogrow_v2_2_stage_capped_pretune_on,pretune_on,true,16,1,1,7,surrogate
94,phase_b,604e79733b22d64d,evogrow_v2_2_stage_capped_pretune_on,pretune_on,true,16,1,2,42,surrogate
95,phase_b,604e79733b22d64d,evogrow_v2_2_stage_capped_pretune_on,pretune_on,true,16,1,2,123,surrogate
96,phase_b,604e79733b22d64d,evogrow_v2_2_stage_capped_pretune_on,pretune_on,true,16,1,2,7,surrogate
97,phase_b,604e79733b22d64d,evogrow_v2_2_stage_capped_pretune_on,pretune_on,true,17,1,1,42,surrogate
98,phase_b,604e79733b22d64d,evogrow_v2_2_stage_capped_pretune_on,pretune_on,true,17,1,1,123,surrogate
99,phase_b,604e79733b22d64d,evogrow_v2_2_stage_capped_pretune_on,pretune_on,true,17,1,1,7,surrogate
100,phase_b,604e79733b22d64d,evogrow_v2_2_stage_capped_pretune_on,pretune_on,true,17,1,2,42,surrogate
101,phase_b,604e79733b22d64d,evogrow_v2_2_stage_capped_pretune_on,pretune_on,true,17,1,2,123,surrogate
102,phase_b,604e79733b22d64d,evogrow_v2_2_stage_capped_pretune_on,pretune_on,true,17,1,2,7,surrogate
103,phase_b,604e79733b22d64d,evogrow_v2_2_stage_capped_pretune_on,pretune_on,true,18,1,1,42,surrogate
104,phase_b,604e79733b22d64d,evogrow_v2_2_stage_capped_pretune_on,pretune_on,true,18,1,1,123,surrogate
105,phase_b,604e79733b22d64d,evogrow_v2_2_stage_capped_pretune_on,pretune_on,true,18,1,1,7,surrogate
106,phase_b,604e79733b22d64d,evogrow_v2_2_stage_capped_pretune_on,pretune_on,true,18,1,2,42,surrogate
107,phase_b,604e79733b22d64d,evogrow_v2_2_stage_capped_pretune_on,pretune_on,true,18,1,2,123,surrogate
108,phase_b,604e79733b22d64d,evogrow_v2_2_stage_capped_pretune_on,pretune_on,true,18,1,2,7,surrogate
109,phase_b,604e79733b22d64d,evogrow_v2_2_stage_capped_pretune_on,pretune_on,true,19,1,1,42,surrogate
110,phase_b,604e79733b22d64d,evogrow_v2_2_stage_capped_pretune_on,pretune_on,true,19,1,1,123,surrogate
111,phase_b,604e79733b22d64d,evogrow_v2_2_stage_capped_pretune_on,pretune_on,true,19,1,1,7,surrogate
112,phase_b,604e79733b22d64d,evogrow_v2_2_stage_capped_pretune_on,pretune_on,true,19,1,2,42,surrogate
113,phase_b,604e79733b22d64d,evogrow_v2_2_stage_capped_pretune_on,pretune_on,true,19,1,2,123,surrogate
114,phase_b,604e79733b22d64d,evogrow_v2_2_stage_capped_pretune_on,pretune_on,true,19,1,2,7,surrogate
115,phase_b,604e79733b22d64d,evogrow_v2_2_stage_capped_pretune_on,pretune_on,true,20,1,1,42,surrogate
116,phase_b,604e79733b22d64d,evogrow_v2_2_stage_capped_pretune_on,pretune_on,true,20,1,1,123,surrogate
117,phase_b,604e79733b22d64d,evogrow_v2_2_stage_capped_pretune_on,pretune_on,true,20,1,1,7,surrogate
118,phase_b,604e79733b22d64d,evogrow_v2_2_stage_capped_pretune_on,pretune_on,true,20,1,2,42,surrogate
119,phase_b,604e79733b22d64d,evogrow_v2_2_stage_capped_pretune_on,pretune_on,true,20,1,2,123,surrogate
120,phase_b,604e79733b22d64d,evogrow_v2_2_stage_capped_pretune_on,pretune_on,true,20,1,2,7,surrogate
121,phase_b,604e79733b22d64d,evogrow_v2_2_stage_capped_pretune_on,pretune_on,true,21,1,1,42,surrogate
122,phase_b,604e79733b22d64d,evogrow_v2_2_stage_capped_pretune_on,pretune_on,true,21,1,1,123,surrogate
123,phase_b,604e79733b22d64d,evogrow_v2_2_stage_capped_pretune_on,pretune_on,true,21,1,1,7,surrogate
124,phase_b,604e79733b22d64d,evogrow_v2_2_stage_capped_pretune_on,pretune_on,true,21,1,2,42,surrogate
125,phase_b,604e79733b22d64d,evogrow_v2_2_stage_capped_pretune_on,pretune_on,true,21,1,2,123,surrogate
126,phase_b,604e79733b22d64d,evogrow_v2_2_stage_capped_pretune_on,pretune_on,true,21,1,2,7,surrogate
127,phase_b,604e79733b22d64d,evogrow_v2_2_stage_capped_pretune_on,pretune_on,true,22,1,1,42,surrogate
128,phase_b,604e79733b22d64d,evogrow_v2_2_stage_capped_pretune_on,pretune_on,true,22,1,1,123,surrogate
129,phase_b,604e79733b22d64d,evogrow_v2_2_stage_capped_pretune_on,pretune_on,true,22,1,1,7,surrogate
130,phase_b,604e79733b22d64d,evogrow_v2_2_stage_capped_pretune_on,pretune_on,true,22,1,2,42,surrogate
131,phase_b,604e79733b22d64d,evogrow_v2_2_stage_capped_pretune_on,pretune_on,true,22,1,2,123,surrogate
132,phase_b,604e79733b22d64d,evogrow_v2_2_stage_capped_pretune_on,pretune_on,true,22,1,2,7,surrogate
133,phase_b,604e79733b22d64d,evogrow_v2_2_stage_capped_pretune_on,pretune_on,true,23,1,1,42,surrogate
134,phase_b,604e79733b22d64d,evogrow_v2_2_stage_capped_pretune_on,pretune_on,true,23,1,1,123,surrogate
135,phase_b,604e79733b22d64d,evogrow_v2_2_stage_capped_pretune_on,pretune_on,true,23,1,1,7,surrogate
136,phase_b,604e79733b22d64d,evogrow_v2_2_stage_capped_pretune_on,pretune_on,true,23,1,2,42,surrogate
137,phase_b,604e79733b22d64d,evogrow_v2_2_stage_capped_pretune_on,pretune_on,true,23,1,2,123,surrogate
138,phase_b,604e79733b22d64d,evogrow_v2_2_stage_capped_pretune_on,pretune_on,true,23,1,2,7,surrogate
139,phase_b,604e79733b22d64d,evogrow_v2_2_stage_capped_pretune_on,pretune_on,true,24,2,1,42,exact
140,phase_b,604e79733b22d64d,evogrow_v2_2_stage_capped_pretune_on,pretune_on,true,24,2,1,123,exact
141,phase_b,604e79733b22d64d,evogrow_v2_2_stage_capped_pretune_on,pretune_on,true,24,2,1,7,exact
142,phase_b,604e79733b22d64d,evogrow_v2_2_stage_capped_pretune_on,pretune_on,true,24,2,2,42,exact
143,phase_b,604e79733b22d64d,evogrow_v2_2_stage_capped_pretune_on,pretune_on,true,24,2,2,123,exact
144,phase_b,604e79733b22d64d,evogrow_v2_2_stage_capped_pretune_on,pretune_on,true,24,2,2,7,exact
145,phase_b,604e79733b22d64d,evogrow_v2_2_stage_capped_pretune_on,pretune_on,true,25,2,1,42,exact
146,phase_b,604e79733b22d64d,evogrow_v2_2_stage_capped_pretune_on,pretune_on,true,25,2,1,123,exact
147,phase_b,604e79733b22d64d,evogrow_v2_2_stage_capped_pretune_on,pretune_on,true,25,2,1,7,exact
148,phase_b,604e79733b22d64d,evogrow_v2_2_stage_capped_pretune_on,pretune_on,true,25,2,2,42,exact
149,phase_b,604e79733b22d64d,evogrow_v2_2_stage_capped_pretune_on,pretune_on,true,25,2,2,123,exact
150,phase_b,604e79733b22d64d,evogrow_v2_2_stage_capped_pretune_on,pretune_on,true,25,2,2,7,exact
151,phase_b,604e79733b22d64d,evogrow_v2_2_stage_capped_pretune_on,pretune_on,true,26,2,1,42,exact
152,phase_b,604e79733b22d64d,evogrow_v2_2_stage_capped_pretune_on,pretune_on,true,26,2,1,123,exact
153,phase_b,604e79733b22d64d,evogrow_v2_2_stage_capped_pretune_on,pretune_on,true,26,2,1,7,exact
154,phase_b,604e79733b22d64d,evogrow_v2_2_stage_capped_pretune_on,pretune_on,true,26,2,2,42,exact
155,phase_b,604e79733b22d64d,evogrow_v2_2_stage_capped_pretune_on,pretune_on,true,26,2,2,123,exact
156,phase_b,604e79733b22d64d,evogrow_v2_2_stage_capped_pretune_on,pretune_on,true,26,2,2,7,exact
157,phase_b,604e79733b22d64d,evogrow_v2_2_stage_capped_pretune_on,pretune_on,true,27,2,1,42,exact
158,phase_b,604e79733b22d64d,evogrow_v2_2_stage_capped_pretune_on,pretune_on,true,27,2,1,123,exact
159,phase_b,604e79733b22d64d,evogrow_v2_2_stage_capped_pretune_on,pretune_on,true,27,2,1,7,exact
160,phase_b,604e79733b22d64d,evogrow_v2_2_stage_capped_pretune_on,pretune_on,true,27,2,2,42,exact
161,phase_b,604e79733b22d64d,evogrow_v2_2_stage_capped_pretune_on,pretune_on,true,27,2,2,123,exact
162,phase_b,604e79733b22d64d,evogrow_v2_2_stage_capped_pretune_on,pretune_on,true,27,2,2,7,exact
163,phase_b,604e79733b22d64d,evogrow_v2_2_stage_capped_pretune_on,pretune_on,true,28,2,1,42,exact
164,phase_b,604e79733b22d64d,evogrow_v2_2_stage_capped_pretune_on,pretune_on,true,28,2,1,123,exact
165,phase_b,604e79733b22d64d,evogrow_v2_2_stage_capped_pretune_on,pretune_on,true,28,2,1,7,exact
166,phase_b,604e79733b22d64d,evogrow_v2_2_stage_capped_pretune_on,pretune_on,true,28,2,2,42,exact
167,phase_b,604e79733b22d64d,evogrow_v2_2_stage_capped_pretune_on,pretune_on,true,28,2,2,123,exact
168,phase_b,604e79733b22d64d,evogrow_v2_2_stage_capped_pretune_on,pretune_on,true,28,2,2,7,exact
169,phase_b,604e79733b22d64d,evogrow_v2_2_stage_capped_pretune_on,pretune_on,true,29,2,1,42,exact
170,phase_b,604e79733b22d64d,evogrow_v2_2_stage_capped_pretune_on,pretune_on,true,29,2,1,123,exact
171,phase_b,604e79733b22d64d,evogrow_v2_2_stage_capped_pretune_on,pretune_on,true,29,2,1,7,exact
172,phase_b,604e79733b22d64d,evogrow_v2_2_stage_capped_pretune_on,pretune_on,true,29,2,2,42,exact
173,phase_b,604e79733b22d64d,evogrow_v2_2_stage_capped_pretune_on,pretune_on,true,29,2,2,123,exact
174,phase_b,604e79733b22d64d,evogrow_v2_2_stage_capped_pretune_on,pretune_on,true,29,2,2,7,exact
175,phase_b,604e79733b22d64d,evogrow_v2_2_stage_capped_pretune_on,pretune_on,true,30,2,1,42,surrogate
176,phase_b,604e79733b22d64d,evogrow_v2_2_stage_capped_pretune_on,pretune_on,true,30,2,1,123,surrogate
177,phase_b,604e79733b22d64d,evogrow_v2_2_stage_capped_pretune_on,pretune_on,true,30,2,1,7,surrogate
178,phase_b,604e79733b22d64d,evogrow_v2_2_stage_capped_pretune_on,pretune_on,true,30,2,2,42,surrogate
179,phase_b,604e79733b22d64d,evogrow_v2_2_stage_capped_pretune_on,pretune_on,true,30,2,2,123,surrogate
180,phase_b,604e79733b22d64d,evogrow_v2_2_stage_capped_pretune_on,pretune_on,true,30,2,2,7,surrogate
181,phase_b,604e79733b22d64d,evogrow_v2_2_stage_capped_pretune_on,pretune_on,true,31,2,1,42,exact
182,phase_b,604e79733b22d64d,evogrow_v2_2_stage_capped_pretune_on,pretune_on,true,31,2,1,123,exact
183,phase_b,604e79733b22d64d,evogrow_v2_2_stage_capped_pretune_on,pretune_on,true,31,2,1,7,exact
184,phase_b,604e79733b22d64d,evogrow_v2_2_stage_capped_pretune_on,pretune_on,true,31,2,2,42,exact
185,phase_b,604e79733b22d64d,evogrow_v2_2_stage_capped_pretune_on,pretune_on,true,31,2,2,123,exact
186,phase_b,604e79733b22d64d,evogrow_v2_2_stage_capped_pretune_on,pretune_on,true,31,2,2,7,exact
187,phase_b,604e79733b22d64d,evogrow_v2_2_stage_capped_pretune_on,pretune_on,true,32,2,1,42,exact
188,phase_b,604e79733b22d64d,evogrow_v2_2_stage_capped_pretune_on,pretune_on,true,32,2,1,123,exact
189,phase_b,604e79733b22d64d,evogrow_v2_2_stage_capped_pretune_on,pretune_on,true,32,2,1,7,exact
190,phase_b,604e79733b22d64d,evogrow_v2_2_stage_capped_pretune_on,pretune_on,true,32,2,2,42,exact
191,phase_b,604e79733b22d64d,evogrow_v2_2_stage_capped_pretune_on,pretune_on,true,32,2,2,123,exact
192,phase_b,604e79733b22d64d,evogrow_v2_2_stage_capped_pretune_on,pretune_on,true,32,2,2,7,exact
193,phase_b,604e79733b22d64d,evogrow_v2_2_stage_capped_pretune_on,pretune_on,true,33,2,1,42,surrogate
194,phase_b,604e79733b22d64d,evogrow_v2_2_stage_capped_pretune_on,pretune_on,true,33,2,1,123,surrogate
195,phase_b,604e79733b22d64d,evogrow_v2_2_stage_capped_pretune_on,pretune_on,true,33,2,1,7,surrogate
196,phase_b,604e79733b22d64d,evogrow_v2_2_stage_capped_pretune_on,pretune_on,true,33,2,2,42,surrogate
197,phase_b,604e79733b22d64d,evogrow_v2_2_stage_capped_pretune_on,pretune_on,true,33,2,2,123,surrogate
198,phase_b,604e79733b22d64d,evogrow_v2_2_stage_capped_pretune_on,pretune_on,true,33,2,2,7,surrogate
199,phase_b,604e79733b22d64d,evogrow_v2_2_stage_capped_pretune_on,pretune_on,true,34,2,1,42,surrogate
200,phase_b,604e79733b22d64d,evogrow_v2_2_stage_capped_pretune_on,pretune_on,true,34,2,1,123,surrogate
201,phase_b,604e79733b22d64d,evogrow_v2_2_stage_capped_pretune_on,pretune_on,true,34,2,1,7,surrogate
202,phase_b,604e79733b22d64d,evogrow_v2_2_stage_capped_pretune_on,pretune_on,true,34,2,2,42,surrogate
203,phase_b,604e79733b22d64d,evogrow_v2_2_stage_capped_pretune_on,pretune_on,true,34,2,2,123,surrogate
204,phase_b,604e79733b22d64d,evogrow_v2_2_stage_capped_pretune_on,pretune_on,true,34,2,2,7,surrogate
205,phase_b,604e79733b22d64d,evogrow_v2_2_stage_capped_pretune_on,pretune_on,true,35,2,1,42,surrogate
206,phase_b,604e79733b22d64d,evogrow_v2_2_stage_capped_pretune_on,pretune_on,true,35,2,1,123,surrogate
207,phase_b,604e79733b22d64d,evogrow_v2_2_stage_capped_pretune_on,pretune_on,true,35,2,1,7,surrogate
208,phase_b,604e79733b22d64d,evogrow_v2_2_stage_capped_pretune_on,pretune_on,true,35,2,2,42,surrogate
209,phase_b,604e79733b22d64d,evogrow_v2_2_stage_capped_pretune_on,pretune_on,true,35,2,2,123,surrogate
210,phase_b,604e79733b22d64d,evogrow_v2_2_stage_capped_pretune_on,pretune_on,true,35,2,2,7,surrogate
211,phase_b,604e79733b22d64d,evogrow_v2_2_stage_capped_pretune_on,pretune_on,true,36,2,1,42,surrogate
212,phase_b,604e79733b22d64d,evogrow_v2_2_stage_capped_pretune_on,pretune_on,true,36,2,1,123,surrogate
213,phase_b,604e79733b22d64d,evogrow_v2_2_stage_capped_pretune_on,pretune_on,true,36,2,1,7,surrogate
214,phase_b,604e79733b22d64d,evogrow_v2_2_stage_capped_pretune_on,pretune_on,true,36,2,2,42,surrogate
215,phase_b,604e79733b22d64d,evogrow_v2_2_stage_capped_pretune_on,pretune_on,true,36,2,2,123,surrogate
216,phase_b,604e79733b22d64d,evogrow_v2_2_stage_capped_pretune_on,pretune_on,true,36,2,2,7,surrogate
217,phase_b,604e79733b22d64d,evogrow_v2_2_stage_capped_pretune_on,pretune_on,true,37,2,1,42,surrogate
218,phase_b,604e79733b22d64d,evogrow_v2_2_stage_capped_pretune_on,pretune_on,true,37,2,1,123,surrogate
219,phase_b,604e79733b22d64d,evogrow_v2_2_stage_capped_pretune_on,pretune_on,true,37,2,1,7,surrogate
220,phase_b,604e79733b22d64d,evogrow_v2_2_stage_capped_pretune_on,pretune_on,true,37,2,2,42,surrogate
221,phase_b,604e79733b22d64d,evogrow_v2_2_stage_capped_pretune_on,pretune_on,true,37,2,2,123,surrogate
222,phase_b,604e79733b22d64d,evogrow_v2_2_stage_capped_pretune_on,pretune_on,true,37,2,2,7,surrogate
223,phase_b,604e79733b22d64d,evogrow_v2_2_stage_capped_pretune_on,pretune_on,true,38,2,1,42,exact
224,phase_b,604e79733b22d64d,evogrow_v2_2_stage_capped_pretune_on,pretune_on,true,38,2,1,123,exact
225,phase_b,604e79733b22d64d,evogrow_v2_2_stage_capped_pretune_on,pretune_on,true,38,2,1,7,exact
226,phase_b,604e79733b22d64d,evogrow_v2_2_stage_capped_pretune_on,pretune_on,true,38,2,2,42,exact
227,phase_b,604e79733b22d64d,evogrow_v2_2_stage_capped_pretune_on,pretune_on,true,38,2,2,123,exact
228,phase_b,604e79733b22d64d,evogrow_v2_2_stage_capped_pretune_on,pretune_on,true,38,2,2,7,exact
229,phase_b,604e79733b22d64d,evogrow_v2_2_stage_capped_pretune_on,pretune_on,true,39,2,1,42,surrogate
230,phase_b,604e79733b22d64d,evogrow_v2_2_stage_capped_pretune_on,pretune_on,true,39,2,1,123,surrogate
231,phase_b,604e79733b22d64d,evogrow_v2_2_stage_capped_pretune_on,pretune_on,true,39,2,1,7,surrogate
232,phase_b,604e79733b22d64d,evogrow_v2_2_stage_capped_pretune_on,pretune_on,true,39,2,2,42,surrogate
233,phase_b,604e79733b22d64d,evogrow_v2_2_stage_capped_pretune_on,pretune_on,true,39,2,2,123,surrogate
234,phase_b,604e79733b22d64d,evogrow_v2_2_stage_capped_pretune_on,pretune_on,true,39,2,2,7,surrogate
235,phase_b,604e79733b22d64d,evogrow_v2_2_stage_capped_pretune_on,pretune_on,true,40,2,1,42,surrogate
236,phase_b,604e79733b22d64d,evogrow_v2_2_stage_capped_pretune_on,pretune_on,true,40,2,1,123,surrogate
237,phase_b,604e79733b22d64d,evogrow_v2_2_stage_capped_pretune_on,pretune_on,true,40,2,1,7,surrogate
238,phase_b,604e79733b22d64d,evogrow_v2_2_stage_capped_pretune_on,pretune_on,true,40,2,2,42,surrogate
239,phase_b,604e79733b22d64d,evogrow_v2_2_stage_capped_pretune_on,pretune_on,true,40,2,2,123,surrogate
240,phase_b,604e79733b22d64d,evogrow_v2_2_stage_capped_pretune_on,pretune_on,true,40,2,2,7,surrogate
241,phase_b,604e79733b22d64d,evogrow_v2_2_stage_capped_pretune_on,pretune_on,true,41,2,1,42,surrogate
242,phase_b,604e79733b22d64d,evogrow_v2_2_stage_capped_pretune_on,pretune_on,true,41,2,1,123,surrogate
243,phase_b,604e79733b22d64d,evogrow_v2_2_stage_capped_pretune_on,pretune_on,true,41,2,1,7,surrogate
244,phase_b,604e79733b22d64d,evogrow_v2_2_stage_capped_pretune_on,pretune_on,true,41,2,2,42,surrogate
245,phase_b,604e79733b22d64d,evogrow_v2_2_stage_capped_pretune_on,pretune_on,true,41,2,2,123,surrogate
246,phase_b,604e79733b22d64d,evogrow_v2_2_stage_capped_pretune_on,pretune_on,true,41,2,2,7,surrogate
247,phase_b,604e79733b22d64d,evogrow_v2_2_stage_capped_pretune_on,pretune_on,true,42,2,1,42,surrogate
248,phase_b,604e79733b22d64d,evogrow_v2_2_stage_capped_pretune_on,pretune_on,true,42,2,1,123,surrogate
249,phase_b,604e79733b22d64d,evogrow_v2_2_stage_capped_pretune_on,pretune_on,true,42,2,1,7,surrogate
250,phase_b,604e79733b22d64d,evogrow_v2_2_stage_capped_pretune_on,pretune_on,true,42,2,2,42,surrogate
251,phase_b,604e79733b22d64d,evogrow_v2_2_stage_capped_pretune_on,pretune_on,true,42,2,2,123,surrogate
252,phase_b,604e79733b22d64d,evogrow_v2_2_stage_capped_pretune_on,pretune_on,true,42,2,2,7,surrogate
253,phase_b,604e79733b22d64d,evogrow_v2_2_stage_capped_pretune_on,pretune_on,true,43,2,1,42,surrogate
254,phase_b,604e79733b22d64d,evogrow_v2_2_stage_capped_pretune_on,pretune_on,true,43,2,1,123,surrogate
255,phase_b,604e79733b22d64d,evogrow_v2_2_stage_capped_pretune_on,pretune_on,true,43,2,1,7,surrogate
256,phase_b,604e79733b22d64d,evogrow_v2_2_stage_capped_pretune_on,pretune_on,true,43,2,2,42,surrogate
257,phase_b,604e79733b22d64d,evogrow_v2_2_stage_capped_pretune_on,pretune_on,true,43,2,2,123,surrogate
258,phase_b,604e79733b22d64d,evogrow_v2_2_stage_capped_pretune_on,pretune_on,true,43,2,2,7,surrogate
259,phase_b,604e79733b22d64d,evogrow_v2_2_stage_capped_pretune_on,pretune_on,true,44,2,1,42,surrogate
260,phase_b,604e79733b22d64d,evogrow_v2_2_stage_capped_pretune_on,pretune_on,true,44,2,1,123,surrogate
261,phase_b,604e79733b22d64d,evogrow_v2_2_stage_capped_pretune_on,pretune_on,true,44,2,1,7,surrogate
262,phase_b,604e79733b22d64d,evogrow_v2_2_stage_capped_pretune_on,pretune_on,true,44,2,2,42,surrogate
263,phase_b,604e79733b22d64d,evogrow_v2_2_stage_capped_pretune_on,pretune_on,true,44,2,2,123,surrogate
264,phase_b,604e79733b22d64d,evogrow_v2_2_stage_capped_pretune_on,pretune_on,true,44,2,2,7,surrogate
265,phase_b,604e79733b22d64d,evogrow_v2_2_stage_capped_pretune_on,pretune_on,true,45,2,1,42,surrogate
266,phase_b,604e79733b22d64d,evogrow_v2_2_stage_capped_pretune_on,pretune_on,true,45,2,1,123,surrogate
267,phase_b,604e79733b22d64d,evogrow_v2_2_stage_capped_pretune_on,pretune_on,true,45,2,1,7,surrogate
268,phase_b,604e79733b22d64d,evogrow_v2_2_stage_capped_pretune_on,pretune_on,true,45,2,2,42,surrogate
269,phase_b,604e79733b22d64d,evogrow_v2_2_stage_capped_pretune_on,pretune_on,true,45,2,2,123,surrogate
270,phase_b,604e79733b22d64d,evogrow_v2_2_stage_capped_pretune_on,pretune_on,true,45,2,2,7,surrogate
271,phase_b,604e79733b22d64d,evogrow_v2_2_stage_capped_pretune_on,pretune_on,true,46,2,1,42,surrogate
272,phase_b,604e79733b22d64d,evogrow_v2_2_stage_capped_pretune_on,pretune_on,true,46,2,1,123,surrogate
273,phase_b,604e79733b22d64d,evogrow_v2_2_stage_capped_pretune_on,pretune_on,true,46,2,1,7,surrogate
274,phase_b,604e79733b22d64d,evogrow_v2_2_stage_capped_pretune_on,pretune_on,true,46,2,2,42,surrogate
275,phase_b,604e79733b22d64d,evogrow_v2_2_stage_capped_pretune_on,pretune_on,true,46,2,2,123,surrogate
276,phase_b,604e79733b22d64d,evogrow_v2_2_stage_capped_pretune_on,pretune_on,true,46,2,2,7,surrogate
277,phase_b,604e79733b22d64d,evogrow_v2_2_stage_capped_pretune_on,pretune_on,true,47,2,1,42,surrogate
278,phase_b,604e79733b22d64d,evogrow_v2_2_stage_capped_pretune_on,pretune_on,true,47,2,1,123,surrogate
279,phase_b,604e79733b22d64d,evogrow_v2_2_stage_capped_pretune_on,pretune_on,true,47,2,1,7,surrogate
280,phase_b,604e79733b22d64d,evogrow_v2_2_stage_capped_pretune_on,pretune_on,true,47,2,2,42,surrogate
281,phase_b,604e79733b22d64d,evogrow_v2_2_stage_capped_pretune_on,pretune_on,true,47,2,2,123,surrogate
282,phase_b,604e79733b22d64d,evogrow_v2_2_stage_capped_pretune_on,pretune_on,true,47,2,2,7,surrogate
283,phase_b,604e79733b22d64d,evogrow_v2_2_stage_capped_pretune_on,pretune_on,true,48,2,1,42,surrogate
284,phase_b,604e79733b22d64d,evogrow_v2_2_stage_capped_pretune_on,pretune_on,true,48,2,1,123,surrogate
285,phase_b,604e79733b22d64d,evogrow_v2_2_stage_capped_pretune_on,pretune_on,true,48,2,1,7,surrogate
286,phase_b,604e79733b22d64d,evogrow_v2_2_stage_capped_pretune_on,pretune_on,true,48,2,2,42,surrogate
287,phase_b,604e79733b22d64d,evogrow_v2_2_stage_capped_pretune_on,pretune_on,true,48,2,2,123,surrogate
288,phase_b,604e79733b22d64d,evogrow_v2_2_stage_capped_pretune_on,pretune_on,true,48,2,2,7,surrogate
289,phase_b,604e79733b22d64d,evogrow_v2_2_stage_capped_pretune_on,pretune_on,true,49,2,1,42,surrogate
290,phase_b,604e79733b22d64d,evogrow_v2_2_stage_capped_pretune_on,pretune_on,true,49,2,1,123,surrogate
291,phase_b,604e79733b22d64d,evogrow_v2_2_stage_capped_pretune_on,pretune_on,true,49,2,1,7,surrogate
292,phase_b,604e79733b22d64d,evogrow_v2_2_stage_capped_pretune_on,pretune_on,true,49,2,2,42,surrogate
293,phase_b,604e79733b22d64d,evogrow_v2_2_stage_capped_pretune_on,pretune_on,true,49,2,2,123,surrogate
294,phase_b,604e79733b22d64d,evogrow_v2_2_stage_capped_pretune_on,pretune_on,true,49,2,2,7,surrogate
295,phase_b,604e79733b22d64d,evogrow_v2_2_stage_capped_pretune_on,pretune_on,true,50,2,1,42,surrogate
296,phase_b,604e79733b22d64d,evogrow_v2_2_stage_capped_pretune_on,pretune_on,true,50,2,1,123,surrogate
297,phase_b,604e79733b22d64d,evogrow_v2_2_stage_capped_pretune_on,pretune_on,true,50,2,1,7,surrogate
298,phase_b,604e79733b22d64d,evogrow_v2_2_stage_capped_pretune_on,pretune_on,true,50,2,2,42,surrogate
299,phase_b,604e79733b22d64d,evogrow_v2_2_stage_capped_pretune_on,pretune_on,true,50,2,2,123,surrogate
300,phase_b,604e79733b22d64d,evogrow_v2_2_stage_capped_pretune_on,pretune_on,true,50,2,2,7,surrogate
301,phase_b,604e79733b22d64d,evogrow_v2_2_stage_capped_pretune_on,pretune_on,true,51,2,1,42,surrogate
302,phase_b,604e79733b22d64d,evogrow_v2_2_stage_capped_pretune_on,pretune_on,true,51,2,1,123,surrogate
303,phase_b,604e79733b22d64d,evogrow_v2_2_stage_capped_pretune_on,pretune_on,true,51,2,1,7,surrogate
304,phase_b,604e79733b22d64d,evogrow_v2_2_stage_capped_pretune_on,pretune_on,true,51,2,2,42,surrogate
305,phase_b,604e79733b22d64d,evogrow_v2_2_stage_capped_pretune_on,pretune_on,true,51,2,2,123,surrogate
306,phase_b,604e79733b22d64d,evogrow_v2_2_stage_capped_pretune_on,pretune_on,true,51,2,2,7,surrogate
307,phase_b,604e79733b22d64d,evogrow_v2_2_stage_capped_pretune_on,pretune_on,true,52,3,1,42,surrogate
308,phase_b,604e79733b22d64d,evogrow_v2_2_stage_capped_pretune_on,pretune_on,true,52,3,1,123,surrogate
309,phase_b,604e79733b22d64d,evogrow_v2_2_stage_capped_pretune_on,pretune_on,true,52,3,1,7,surrogate
310,phase_b,604e79733b22d64d,evogrow_v2_2_stage_capped_pretune_on,pretune_on,true,52,3,2,42,surrogate
311,phase_b,604e79733b22d64d,evogrow_v2_2_stage_capped_pretune_on,pretune_on,true,52,3,2,123,surrogate
312,phase_b,604e79733b22d64d,evogrow_v2_2_stage_capped_pretune_on,pretune_on,true,52,3,2,7,surrogate
313,phase_b,604e79733b22d64d,evogrow_v2_2_stage_capped_pretune_on,pretune_on,true,53,3,1,42,surrogate
314,phase_b,604e79733b22d64d,evogrow_v2_2_stage_capped_pretune_on,pretune_on,true,53,3,1,123,surrogate
315,phase_b,604e79733b22d64d,evogrow_v2_2_stage_capped_pretune_on,pretune_on,true,53,3,1,7,surrogate
316,phase_b,604e79733b22d64d,evogrow_v2_2_stage_capped_pretune_on,pretune_on,true,53,3,2,42,surrogate
317,phase_b,604e79733b22d64d,evogrow_v2_2_stage_capped_pretune_on,pretune_on,true,53,3,2,123,surrogate
318,phase_b,604e79733b22d64d,evogrow_v2_2_stage_capped_pretune_on,pretune_on,true,53,3,2,7,surrogate
319,phase_b,604e79733b22d64d,evogrow_v2_2_stage_capped_pretune_on,pretune_on,true,54,3,1,42,exact
320,phase_b,604e79733b22d64d,evogrow_v2_2_stage_capped_pretune_on,pretune_on,true,54,3,1,123,exact
321,phase_b,604e79733b22d64d,evogrow_v2_2_stage_capped_pretune_on,pretune_on,true,54,3,1,7,exact
322,phase_b,604e79733b22d64d,evogrow_v2_2_stage_capped_pretune_on,pretune_on,true,54,3,2,42,exact
323,phase_b,604e79733b22d64d,evogrow_v2_2_stage_capped_pretune_on,pretune_on,true,54,3,2,123,exact
324,phase_b,604e79733b22d64d,evogrow_v2_2_stage_capped_pretune_on,pretune_on,true,54,3,2,7,exact
325,phase_b,604e79733b22d64d,evogrow_v2_2_stage_capped_pretune_on,pretune_on,true,55,3,1,42,exact
326,phase_b,604e79733b22d64d,evogrow_v2_2_stage_capped_pretune_on,pretune_on,true,55,3,1,123,exact
327,phase_b,604e79733b22d64d,evogrow_v2_2_stage_capped_pretune_on,pretune_on,true,55,3,1,7,exact
328,phase_b,604e79733b22d64d,evogrow_v2_2_stage_capped_pretune_on,pretune_on,true,55,3,2,42,exact
329,phase_b,604e79733b22d64d,evogrow_v2_2_stage_capped_pretune_on,pretune_on,true,55,3,2,123,exact
330,phase_b,604e79733b22d64d,evogrow_v2_2_stage_capped_pretune_on,pretune_on,true,55,3,2,7,exact
331,phase_b,604e79733b22d64d,evogrow_v2_2_stage_capped_pretune_on,pretune_on,true,56,3,1,42,exact
332,phase_b,604e79733b22d64d,evogrow_v2_2_stage_capped_pretune_on,pretune_on,true,56,3,1,123,exact
333,phase_b,604e79733b22d64d,evogrow_v2_2_stage_capped_pretune_on,pretune_on,true,56,3,1,7,exact
334,phase_b,604e79733b22d64d,evogrow_v2_2_stage_capped_pretune_on,pretune_on,true,56,3,2,42,exact
335,phase_b,604e79733b22d64d,evogrow_v2_2_stage_capped_pretune_on,pretune_on,true,56,3,2,123,exact
336,phase_b,604e79733b22d64d,evogrow_v2_2_stage_capped_pretune_on,pretune_on,true,56,3,2,7,exact
337,phase_b,604e79733b22d64d,evogrow_v2_2_stage_capped_pretune_on,pretune_on,true,57,3,1,42,surrogate
338,phase_b,604e79733b22d64d,evogrow_v2_2_stage_capped_pretune_on,pretune_on,true,57,3,1,123,surrogate
339,phase_b,604e79733b22d64d,evogrow_v2_2_stage_capped_pretune_on,pretune_on,true,57,3,1,7,surrogate
340,phase_b,604e79733b22d64d,evogrow_v2_2_stage_capped_pretune_on,pretune_on,true,57,3,2,42,surrogate
341,phase_b,604e79733b22d64d,evogrow_v2_2_stage_capped_pretune_on,pretune_on,true,57,3,2,123,surrogate
342,phase_b,604e79733b22d64d,evogrow_v2_2_stage_capped_pretune_on,pretune_on,true,57,3,2,7,surrogate
343,phase_b,604e79733b22d64d,evogrow_v2_2_stage_capped_pretune_on,pretune_on,true,58,3,1,42,surrogate
344,phase_b,604e79733b22d64d,evogrow_v2_2_stage_capped_pretune_on,pretune_on,true,58,3,1,123,surrogate
345,phase_b,604e79733b22d64d,evogrow_v2_2_stage_capped_pretune_on,pretune_on,true,58,3,1,7,surrogate
346,phase_b,604e79733b22d64d,evogrow_v2_2_stage_capped_pretune_on,pretune_on,true,58,3,2,42,surrogate
347,phase_b,604e79733b22d64d,evogrow_v2_2_stage_capped_pretune_on,pretune_on,true,58,3,2,123,surrogate
348,phase_b,604e79733b22d64d,evogrow_v2_2_stage_capped_pretune_on,pretune_on,true,58,3,2,7,surrogate
349,phase_b,604e79733b22d64d,evogrow_v2_2_stage_capped_pretune_on,pretune_on,true,59,3,1,42,surrogate
350,phase_b,604e79733b22d64d,evogrow_v2_2_stage_capped_pretune_on,pretune_on,true,59,3,1,123,surrogate
351,phase_b,604e79733b22d64d,evogrow_v2_2_stage_capped_pretune_on,pretune_on,true,59,3,1,7,surrogate
352,phase_b,604e79733b22d64d,evogrow_v2_2_stage_capped_pretune_on,pretune_on,true,59,3,2,42,surrogate
353,phase_b,604e79733b22d64d,evogrow_v2_2_stage_capped_pretune_on,pretune_on,true,59,3,2,123,surrogate
354,phase_b,604e79733b22d64d,evogrow_v2_2_stage_capped_pretune_on,pretune_on,true,59,3,2,7,surrogate
355,phase_b,604e79733b22d64d,evogrow_v2_2_stage_capped_pretune_on,pretune_on,true,60,3,1,42,surrogate
356,phase_b,604e79733b22d64d,evogrow_v2_2_stage_capped_pretune_on,pretune_on,true,60,3,1,123,surrogate
357,phase_b,604e79733b22d64d,evogrow_v2_2_stage_capped_pretune_on,pretune_on,true,60,3,1,7,surrogate
358,phase_b,604e79733b22d64d,evogrow_v2_2_stage_capped_pretune_on,pretune_on,true,60,3,2,42,surrogate
359,phase_b,604e79733b22d64d,evogrow_v2_2_stage_capped_pretune_on,pretune_on,true,60,3,2,123,surrogate
360,phase_b,604e79733b22d64d,evogrow_v2_2_stage_capped_pretune_on,pretune_on,true,60,3,2,7,surrogate
361,phase_b,604e79733b22d64d,evogrow_v2_2_stage_capped_pretune_on,pretune_on,true,61,3,1,42,exact
362,phase_b,604e79733b22d64d,evogrow_v2_2_stage_capped_pretune_on,pretune_on,true,61,3,1,123,exact
363,phase_b,604e79733b22d64d,evogrow_v2_2_stage_capped_pretune_on,pretune_on,true,61,3,1,7,exact
364,phase_b,604e79733b22d64d,evogrow_v2_2_stage_capped_pretune_on,pretune_on,true,61,3,2,42,exact
365,phase_b,604e79733b22d64d,evogrow_v2_2_stage_capped_pretune_on,pretune_on,true,61,3,2,123,exact
366,phase_b,604e79733b22d64d,evogrow_v2_2_stage_capped_pretune_on,pretune_on,true,61,3,2,7,exact
367,phase_b,604e79733b22d64d,evogrow_v2_2_stage_capped_pretune_on,pretune_on,true,62,4,1,42,surrogate
368,phase_b,604e79733b22d64d,evogrow_v2_2_stage_capped_pretune_on,pretune_on,true,62,4,1,123,surrogate
369,phase_b,604e79733b22d64d,evogrow_v2_2_stage_capped_pretune_on,pretune_on,true,62,4,1,7,surrogate
370,phase_b,604e79733b22d64d,evogrow_v2_2_stage_capped_pretune_on,pretune_on,true,62,4,2,42,surrogate
371,phase_b,604e79733b22d64d,evogrow_v2_2_stage_capped_pretune_on,pretune_on,true,62,4,2,123,surrogate
372,phase_b,604e79733b22d64d,evogrow_v2_2_stage_capped_pretune_on,pretune_on,true,62,4,2,7,surrogate
373,phase_b,604e79733b22d64d,evogrow_v2_2_stage_capped_pretune_on,pretune_on,true,63,4,1,42,exact
374,phase_b,604e79733b22d64d,evogrow_v2_2_stage_capped_pretune_on,pretune_on,true,63,4,1,123,exact
375,phase_b,604e79733b22d64d,evogrow_v2_2_stage_capped_pretune_on,pretune_on,true,63,4,1,7,exact
376,phase_b,604e79733b22d64d,evogrow_v2_2_stage_capped_pretune_on,pretune_on,true,63,4,2,42,exact
377,phase_b,604e79733b22d64d,evogrow_v2_2_stage_capped_pretune_on,pretune_on,true,63,4,2,123,exact
378,phase_b,604e79733b22d64d,evogrow_v2_2_stage_capped_pretune_on,pretune_on,true,63,4,2,7,exact
379,phase_b,604e79733b22d64d,evogrow_v2_2_stage_capped_pretune_off,pretune_off,false,1,1,1,42,surrogate
380,phase_b,604e79733b22d64d,evogrow_v2_2_stage_capped_pretune_off,pretune_off,false,1,1,1,123,surrogate
381,phase_b,604e79733b22d64d,evogrow_v2_2_stage_capped_pretune_off,pretune_off,false,1,1,1,7,surrogate
382,phase_b,604e79733b22d64d,evogrow_v2_2_stage_capped_pretune_off,pretune_off,false,1,1,2,42,surrogate
383,phase_b,604e79733b22d64d,evogrow_v2_2_stage_capped_pretune_off,pretune_off,false,1,1,2,123,surrogate
384,phase_b,604e79733b22d64d,evogrow_v2_2_stage_capped_pretune_off,pretune_off,false,1,1,2,7,surrogate
385,phase_b,604e79733b22d64d,evogrow_v2_2_stage_capped_pretune_off,pretune_off,false,2,1,1,42,exact
386,phase_b,604e79733b22d64d,evogrow_v2_2_stage_capped_pretune_off,pretune_off,false,2,1,1,123,exact
387,phase_b,604e79733b22d64d,evogrow_v2_2_stage_capped_pretune_off,pretune_off,false,2,1,1,7,exact
388,phase_b,604e79733b22d64d,evogrow_v2_2_stage_capped_pretune_off,pretune_off,false,2,1,2,42,exact
389,phase_b,604e79733b22d64d,evogrow_v2_2_stage_capped_pretune_off,pretune_off,false,2,1,2,123,exact
390,phase_b,604e79733b22d64d,evogrow_v2_2_stage_capped_pretune_off,pretune_off,false,2,1,2,7,exact
391,phase_b,604e79733b22d64d,evogrow_v2_2_stage_capped_pretune_off,pretune_off,false,3,1,1,42,exact
392,phase_b,604e79733b22d64d,evogrow_v2_2_stage_capped_pretune_off,pretune_off,false,3,1,1,123,exact
393,phase_b,604e79733b22d64d,evogrow_v2_2_stage_capped_pretune_off,pretune_off,false,3,1,1,7,exact
394,phase_b,604e79733b22d64d,evogrow_v2_2_stage_capped_pretune_off,pretune_off,false,3,1,2,42,exact
395,phase_b,604e79733b22d64d,evogrow_v2_2_stage_capped_pretune_off,pretune_off,false,3,1,2,123,exact
396,phase_b,604e79733b22d64d,evogrow_v2_2_stage_capped_pretune_off,pretune_off,false,3,1,2,7,exact
397,phase_b,604e79733b22d64d,evogrow_v2_2_stage_capped_pretune_off,pretune_off,false,4,1,1,42,surrogate
398,phase_b,604e79733b22d64d,evogrow_v2_2_stage_capped_pretune_off,pretune_off,false,4,1,1,123,surrogate
399,phase_b,604e79733b22d64d,evogrow_v2_2_stage_capped_pretune_off,pretune_off,false,4,1,1,7,surrogate
400,phase_b,604e79733b22d64d,evogrow_v2_2_stage_capped_pretune_off,pretune_off,false,4,1,2,42,surrogate
401,phase_b,604e79733b22d64d,evogrow_v2_2_stage_capped_pretune_off,pretune_off,false,4,1,2,123,surrogate
402,phase_b,604e79733b22d64d,evogrow_v2_2_stage_capped_pretune_off,pretune_off,false,4,1,2,7,surrogate
403,phase_b,604e79733b22d64d,evogrow_v2_2_stage_capped_pretune_off,pretune_off,false,5,1,1,42,surrogate
404,phase_b,604e79733b22d64d,evogrow_v2_2_stage_capped_pretune_off,pretune_off,false,5,1,1,123,surrogate
405,phase_b,604e79733b22d64d,evogrow_v2_2_stage_capped_pretune_off,pretune_off,false,5,1,1,7,surrogate
406,phase_b,604e79733b22d64d,evogrow_v2_2_stage_capped_pretune_off,pretune_off,false,5,1,2,42,surrogate
407,phase_b,604e79733b22d64d,evogrow_v2_2_stage_capped_pretune_off,pretune_off,false,5,1,2,123,surrogate
408,phase_b,604e79733b22d64d,evogrow_v2_2_stage_capped_pretune_off,pretune_off,false,5,1,2,7,surrogate
409,phase_b,604e79733b22d64d,evogrow_v2_2_stage_capped_pretune_off,pretune_off,false,6,1,1,42,exact
410,phase_b,604e79733b22d64d,evogrow_v2_2_stage_capped_pretune_off,pretune_off,false,6,1,1,123,exact
411,phase_b,604e79733b22d64d,evogrow_v2_2_stage_capped_pretune_off,pretune_off,false,6,1,1,7,exact
412,phase_b,604e79733b22d64d,evogrow_v2_2_stage_capped_pretune_off,pretune_off,false,6,1,2,42,exact
413,phase_b,604e79733b22d64d,evogrow_v2_2_stage_capped_pretune_off,pretune_off,false,6,1,2,123,exact
414,phase_b,604e79733b22d64d,evogrow_v2_2_stage_capped_pretune_off,pretune_off,false,6,1,2,7,exact
415,phase_b,604e79733b22d64d,evogrow_v2_2_stage_capped_pretune_off,pretune_off,false,7,1,1,42,surrogate
416,phase_b,604e79733b22d64d,evogrow_v2_2_stage_capped_pretune_off,pretune_off,false,7,1,1,123,surrogate
417,phase_b,604e79733b22d64d,evogrow_v2_2_stage_capped_pretune_off,pretune_off,false,7,1,1,7,surrogate
418,phase_b,604e79733b22d64d,evogrow_v2_2_stage_capped_pretune_off,pretune_off,false,7,1,2,42,surrogate
419,phase_b,604e79733b22d64d,evogrow_v2_2_stage_capped_pretune_off,pretune_off,false,7,1,2,123,surrogate
420,phase_b,604e79733b22d64d,evogrow_v2_2_stage_capped_pretune_off,pretune_off,false,7,1,2,7,surrogate
421,phase_b,604e79733b22d64d,evogrow_v2_2_stage_capped_pretune_off,pretune_off,false,8,1,1,42,exact
422,phase_b,604e79733b22d64d,evogrow_v2_2_stage_capped_pretune_off,pretune_off,false,8,1,1,123,exact
423,phase_b,604e79733b22d64d,evogrow_v2_2_stage_capped_pretune_off,pretune_off,false,8,1,1,7,exact
424,phase_b,604e79733b22d64d,evogrow_v2_2_stage_capped_pretune_off,pretune_off,false,8,1,2,42,exact
425,phase_b,604e79733b22d64d,evogrow_v2_2_stage_capped_pretune_off,pretune_off,false,8,1,2,123,exact
426,phase_b,604e79733b22d64d,evogrow_v2_2_stage_capped_pretune_off,pretune_off,false,8,1,2,7,exact
427,phase_b,604e79733b22d64d,evogrow_v2_2_stage_capped_pretune_off,pretune_off,false,9,1,1,42,surrogate
428,phase_b,604e79733b22d64d,evogrow_v2_2_stage_capped_pretune_off,pretune_off,false,9,1,1,123,surrogate
429,phase_b,604e79733b22d64d,evogrow_v2_2_stage_capped_pretune_off,pretune_off,false,9,1,1,7,surrogate
430,phase_b,604e79733b22d64d,evogrow_v2_2_stage_capped_pretune_off,pretune_off,false,9,1,2,42,surrogate
431,phase_b,604e79733b22d64d,evogrow_v2_2_stage_capped_pretune_off,pretune_off,false,9,1,2,123,surrogate
432,phase_b,604e79733b22d64d,evogrow_v2_2_stage_capped_pretune_off,pretune_off,false,9,1,2,7,surrogate
433,phase_b,604e79733b22d64d,evogrow_v2_2_stage_capped_pretune_off,pretune_off,false,10,1,1,42,surrogate
434,phase_b,604e79733b22d64d,evogrow_v2_2_stage_capped_pretune_off,pretune_off,false,10,1,1,123,surrogate
435,phase_b,604e79733b22d64d,evogrow_v2_2_stage_capped_pretune_off,pretune_off,false,10,1,1,7,surrogate
436,phase_b,604e79733b22d64d,evogrow_v2_2_stage_capped_pretune_off,pretune_off,false,10,1,2,42,surrogate
437,phase_b,604e79733b22d64d,evogrow_v2_2_stage_capped_pretune_off,pretune_off,false,10,1,2,123,surrogate
438,phase_b,604e79733b22d64d,evogrow_v2_2_stage_capped_pretune_off,pretune_off,false,10,1,2,7,surrogate
439,phase_b,604e79733b22d64d,evogrow_v2_2_stage_capped_pretune_off,pretune_off,false,11,1,1,42,exact
440,phase_b,604e79733b22d64d,evogrow_v2_2_stage_capped_pretune_off,pretune_off,false,11,1,1,123,exact
441,phase_b,604e79733b22d64d,evogrow_v2_2_stage_capped_pretune_off,pretune_off,false,11,1,1,7,exact
442,phase_b,604e79733b22d64d,evogrow_v2_2_stage_capped_pretune_off,pretune_off,false,11,1,2,42,exact
443,phase_b,604e79733b22d64d,evogrow_v2_2_stage_capped_pretune_off,pretune_off,false,11,1,2,123,exact
444,phase_b,604e79733b22d64d,evogrow_v2_2_stage_capped_pretune_off,pretune_off,false,11,1,2,7,exact
445,phase_b,604e79733b22d64d,evogrow_v2_2_stage_capped_pretune_off,pretune_off,false,12,1,1,42,exact
446,phase_b,604e79733b22d64d,evogrow_v2_2_stage_capped_pretune_off,pretune_off,false,12,1,1,123,exact
447,phase_b,604e79733b22d64d,evogrow_v2_2_stage_capped_pretune_off,pretune_off,false,12,1,1,7,exact
448,phase_b,604e79733b22d64d,evogrow_v2_2_stage_capped_pretune_off,pretune_off,false,12,1,2,42,exact
449,phase_b,604e79733b22d64d,evogrow_v2_2_stage_capped_pretune_off,pretune_off,false,12,1,2,123,exact
450,phase_b,604e79733b22d64d,evogrow_v2_2_stage_capped_pretune_off,pretune_off,false,12,1,2,7,exact
451,phase_b,604e79733b22d64d,evogrow_v2_2_stage_capped_pretune_off,pretune_off,false,13,1,1,42,surrogate
452,phase_b,604e79733b22d64d,evogrow_v2_2_stage_capped_pretune_off,pretune_off,false,13,1,1,123,surrogate
453,phase_b,604e79733b22d64d,evogrow_v2_2_stage_capped_pretune_off,pretune_off,false,13,1,1,7,surrogate
454,phase_b,604e79733b22d64d,evogrow_v2_2_stage_capped_pretune_off,pretune_off,false,13,1,2,42,surrogate
455,phase_b,604e79733b22d64d,evogrow_v2_2_stage_capped_pretune_off,pretune_off,false,13,1,2,123,surrogate
456,phase_b,604e79733b22d64d,evogrow_v2_2_stage_capped_pretune_off,pretune_off,false,13,1,2,7,surrogate
457,phase_b,604e79733b22d64d,evogrow_v2_2_stage_capped_pretune_off,pretune_off,false,14,1,1,42,surrogate
458,phase_b,604e79733b22d64d,evogrow_v2_2_stage_capped_pretune_off,pretune_off,false,14,1,1,123,surrogate
459,phase_b,604e79733b22d64d,evogrow_v2_2_stage_capped_pretune_off,pretune_off,false,14,1,1,7,surrogate
460,phase_b,604e79733b22d64d,evogrow_v2_2_stage_capped_pretune_off,pretune_off,false,14,1,2,42,surrogate
461,phase_b,604e79733b22d64d,evogrow_v2_2_stage_capped_pretune_off,pretune_off,false,14,1,2,123,surrogate
462,phase_b,604e79733b22d64d,evogrow_v2_2_stage_capped_pretune_off,pretune_off,false,14,1,2,7,surrogate
463,phase_b,604e79733b22d64d,evogrow_v2_2_stage_capped_pretune_off,pretune_off,false,15,1,1,42,surrogate
464,phase_b,604e79733b22d64d,evogrow_v2_2_stage_capped_pretune_off,pretune_off,false,15,1,1,123,surrogate
465,phase_b,604e79733b22d64d,evogrow_v2_2_stage_capped_pretune_off,pretune_off,false,15,1,1,7,surrogate
466,phase_b,604e79733b22d64d,evogrow_v2_2_stage_capped_pretune_off,pretune_off,false,15,1,2,42,surrogate
467,phase_b,604e79733b22d64d,evogrow_v2_2_stage_capped_pretune_off,pretune_off,false,15,1,2,123,surrogate
468,phase_b,604e79733b22d64d,evogrow_v2_2_stage_capped_pretune_off,pretune_off,false,15,1,2,7,surrogate
469,phase_b,604e79733b22d64d,evogrow_v2_2_stage_capped_pretune_off,pretune_off,false,16,1,1,42,surrogate
470,phase_b,604e79733b22d64d,evogrow_v2_2_stage_capped_pretune_off,pretune_off,false,16,1,1,123,surrogate
471,phase_b,604e79733b22d64d,evogrow_v2_2_stage_capped_pretune_off,pretune_off,false,16,1,1,7,surrogate
472,phase_b,604e79733b22d64d,evogrow_v2_2_stage_capped_pretune_off,pretune_off,false,16,1,2,42,surrogate
473,phase_b,604e79733b22d64d,evogrow_v2_2_stage_capped_pretune_off,pretune_off,false,16,1,2,123,surrogate
474,phase_b,604e79733b22d64d,evogrow_v2_2_stage_capped_pretune_off,pretune_off,false,16,1,2,7,surrogate
475,phase_b,604e79733b22d64d,evogrow_v2_2_stage_capped_pretune_off,pretune_off,false,17,1,1,42,surrogate
476,phase_b,604e79733b22d64d,evogrow_v2_2_stage_capped_pretune_off,pretune_off,false,17,1,1,123,surrogate
477,phase_b,604e79733b22d64d,evogrow_v2_2_stage_capped_pretune_off,pretune_off,false,17,1,1,7,surrogate
478,phase_b,604e79733b22d64d,evogrow_v2_2_stage_capped_pretune_off,pretune_off,false,17,1,2,42,surrogate
479,phase_b,604e79733b22d64d,evogrow_v2_2_stage_capped_pretune_off,pretune_off,false,17,1,2,123,surrogate
480,phase_b,604e79733b22d64d,evogrow_v2_2_stage_capped_pretune_off,pretune_off,false,17,1,2,7,surrogate
481,phase_b,604e79733b22d64d,evogrow_v2_2_stage_capped_pretune_off,pretune_off,false,18,1,1,42,surrogate
482,phase_b,604e79733b22d64d,evogrow_v2_2_stage_capped_pretune_off,pretune_off,false,18,1,1,123,surrogate
483,phase_b,604e79733b22d64d,evogrow_v2_2_stage_capped_pretune_off,pretune_off,false,18,1,1,7,surrogate
484,phase_b,604e79733b22d64d,evogrow_v2_2_stage_capped_pretune_off,pretune_off,false,18,1,2,42,surrogate
485,phase_b,604e79733b22d64d,evogrow_v2_2_stage_capped_pretune_off,pretune_off,false,18,1,2,123,surrogate
486,phase_b,604e79733b22d64d,evogrow_v2_2_stage_capped_pretune_off,pretune_off,false,18,1,2,7,surrogate
487,phase_b,604e79733b22d64d,evogrow_v2_2_stage_capped_pretune_off,pretune_off,false,19,1,1,42,surrogate
488,phase_b,604e79733b22d64d,evogrow_v2_2_stage_capped_pretune_off,pretune_off,false,19,1,1,123,surrogate
489,phase_b,604e79733b22d64d,evogrow_v2_2_stage_capped_pretune_off,pretune_off,false,19,1,1,7,surrogate
490,phase_b,604e79733b22d64d,evogrow_v2_2_stage_capped_pretune_off,pretune_off,false,19,1,2,42,surrogate
491,phase_b,604e79733b22d64d,evogrow_v2_2_stage_capped_pretune_off,pretune_off,false,19,1,2,123,surrogate
492,phase_b,604e79733b22d64d,evogrow_v2_2_stage_capped_pretune_off,pretune_off,false,19,1,2,7,surrogate
493,phase_b,604e79733b22d64d,evogrow_v2_2_stage_capped_pretune_off,pretune_off,false,20,1,1,42,surrogate
494,phase_b,604e79733b22d64d,evogrow_v2_2_stage_capped_pretune_off,pretune_off,false,20,1,1,123,surrogate
495,phase_b,604e79733b22d64d,evogrow_v2_2_stage_capped_pretune_off,pretune_off,false,20,1,1,7,surrogate
496,phase_b,604e79733b22d64d,evogrow_v2_2_stage_capped_pretune_off,pretune_off,false,20,1,2,42,surrogate
497,phase_b,604e79733b22d64d,evogrow_v2_2_stage_capped_pretune_off,pretune_off,false,20,1,2,123,surrogate
498,phase_b,604e79733b22d64d,evogrow_v2_2_stage_capped_pretune_off,pretune_off,false,20,1,2,7,surrogate
499,phase_b,604e79733b22d64d,evogrow_v2_2_stage_capped_pretune_off,pretune_off,false,21,1,1,42,surrogate
500,phase_b,604e79733b22d64d,evogrow_v2_2_stage_capped_pretune_off,pretune_off,false,21,1,1,123,surrogate
501,phase_b,604e79733b22d64d,evogrow_v2_2_stage_capped_pretune_off,pretune_off,false,21,1,1,7,surrogate
502,phase_b,604e79733b22d64d,evogrow_v2_2_stage_capped_pretune_off,pretune_off,false,21,1,2,42,surrogate
503,phase_b,604e79733b22d64d,evogrow_v2_2_stage_capped_pretune_off,pretune_off,false,21,1,2,123,surrogate
504,phase_b,604e79733b22d64d,evogrow_v2_2_stage_capped_pretune_off,pretune_off,false,21,1,2,7,surrogate
505,phase_b,604e79733b22d64d,evogrow_v2_2_stage_capped_pretune_off,pretune_off,false,22,1,1,42,surrogate
506,phase_b,604e79733b22d64d,evogrow_v2_2_stage_capped_pretune_off,pretune_off,false,22,1,1,123,surrogate
507,phase_b,604e79733b22d64d,evogrow_v2_2_stage_capped_pretune_off,pretune_off,false,22,1,1,7,surrogate
508,phase_b,604e79733b22d64d,evogrow_v2_2_stage_capped_pretune_off,pretune_off,false,22,1,2,42,surrogate
509,phase_b,604e79733b22d64d,evogrow_v2_2_stage_capped_pretune_off,pretune_off,false,22,1,2,123,surrogate
510,phase_b,604e79733b22d64d,evogrow_v2_2_stage_capped_pretune_off,pretune_off,false,22,1,2,7,surrogate
511,phase_b,604e79733b22d64d,evogrow_v2_2_stage_capped_pretune_off,pretune_off,false,23,1,1,42,surrogate
512,phase_b,604e79733b22d64d,evogrow_v2_2_stage_capped_pretune_off,pretune_off,false,23,1,1,123,surrogate
513,phase_b,604e79733b22d64d,evogrow_v2_2_stage_capped_pretune_off,pretune_off,false,23,1,1,7,surrogate
514,phase_b,604e79733b22d64d,evogrow_v2_2_stage_capped_pretune_off,pretune_off,false,23,1,2,42,surrogate
515,phase_b,604e79733b22d64d,evogrow_v2_2_stage_capped_pretune_off,pretune_off,false,23,1,2,123,surrogate
516,phase_b,604e79733b22d64d,evogrow_v2_2_stage_capped_pretune_off,pretune_off,false,23,1,2,7,surrogate
517,phase_b,604e79733b22d64d,evogrow_v2_2_stage_capped_pretune_off,pretune_off,false,24,2,1,42,exact
518,phase_b,604e79733b22d64d,evogrow_v2_2_stage_capped_pretune_off,pretune_off,false,24,2,1,123,exact
519,phase_b,604e79733b22d64d,evogrow_v2_2_stage_capped_pretune_off,pretune_off,false,24,2,1,7,exact
520,phase_b,604e79733b22d64d,evogrow_v2_2_stage_capped_pretune_off,pretune_off,false,24,2,2,42,exact
521,phase_b,604e79733b22d64d,evogrow_v2_2_stage_capped_pretune_off,pretune_off,false,24,2,2,123,exact
522,phase_b,604e79733b22d64d,evogrow_v2_2_stage_capped_pretune_off,pretune_off,false,24,2,2,7,exact
523,phase_b,604e79733b22d64d,evogrow_v2_2_stage_capped_pretune_off,pretune_off,false,25,2,1,42,exact
524,phase_b,604e79733b22d64d,evogrow_v2_2_stage_capped_pretune_off,pretune_off,false,25,2,1,123,exact
525,phase_b,604e79733b22d64d,evogrow_v2_2_stage_capped_pretune_off,pretune_off,false,25,2,1,7,exact
526,phase_b,604e79733b22d64d,evogrow_v2_2_stage_capped_pretune_off,pretune_off,false,25,2,2,42,exact
527,phase_b,604e79733b22d64d,evogrow_v2_2_stage_capped_pretune_off,pretune_off,false,25,2,2,123,exact
528,phase_b,604e79733b22d64d,evogrow_v2_2_stage_capped_pretune_off,pretune_off,false,25,2,2,7,exact
529,phase_b,604e79733b22d64d,evogrow_v2_2_stage_capped_pretune_off,pretune_off,false,26,2,1,42,exact
530,phase_b,604e79733b22d64d,evogrow_v2_2_stage_capped_pretune_off,pretune_off,false,26,2,1,123,exact
531,phase_b,604e79733b22d64d,evogrow_v2_2_stage_capped_pretune_off,pretune_off,false,26,2,1,7,exact
532,phase_b,604e79733b22d64d,evogrow_v2_2_stage_capped_pretune_off,pretune_off,false,26,2,2,42,exact
533,phase_b,604e79733b22d64d,evogrow_v2_2_stage_capped_pretune_off,pretune_off,false,26,2,2,123,exact
534,phase_b,604e79733b22d64d,evogrow_v2_2_stage_capped_pretune_off,pretune_off,false,26,2,2,7,exact
535,phase_b,604e79733b22d64d,evogrow_v2_2_stage_capped_pretune_off,pretune_off,false,27,2,1,42,exact
536,phase_b,604e79733b22d64d,evogrow_v2_2_stage_capped_pretune_off,pretune_off,false,27,2,1,123,exact
537,phase_b,604e79733b22d64d,evogrow_v2_2_stage_capped_pretune_off,pretune_off,false,27,2,1,7,exact
538,phase_b,604e79733b22d64d,evogrow_v2_2_stage_capped_pretune_off,pretune_off,false,27,2,2,42,exact
539,phase_b,604e79733b22d64d,evogrow_v2_2_stage_capped_pretune_off,pretune_off,false,27,2,2,123,exact
540,phase_b,604e79733b22d64d,evogrow_v2_2_stage_capped_pretune_off,pretune_off,false,27,2,2,7,exact
541,phase_b,604e79733b22d64d,evogrow_v2_2_stage_capped_pretune_off,pretune_off,false,28,2,1,42,exact
542,phase_b,604e79733b22d64d,evogrow_v2_2_stage_capped_pretune_off,pretune_off,false,28,2,1,123,exact
543,phase_b,604e79733b22d64d,evogrow_v2_2_stage_capped_pretune_off,pretune_off,false,28,2,1,7,exact
544,phase_b,604e79733b22d64d,evogrow_v2_2_stage_capped_pretune_off,pretune_off,false,28,2,2,42,exact
545,phase_b,604e79733b22d64d,evogrow_v2_2_stage_capped_pretune_off,pretune_off,false,28,2,2,123,exact
546,phase_b,604e79733b22d64d,evogrow_v2_2_stage_capped_pretune_off,pretune_off,false,28,2,2,7,exact
547,phase_b,604e79733b22d64d,evogrow_v2_2_stage_capped_pretune_off,pretune_off,false,29,2,1,42,exact
548,phase_b,604e79733b22d64d,evogrow_v2_2_stage_capped_pretune_off,pretune_off,false,29,2,1,123,exact
549,phase_b,604e79733b22d64d,evogrow_v2_2_stage_capped_pretune_off,pretune_off,false,29,2,1,7,exact
550,phase_b,604e79733b22d64d,evogrow_v2_2_stage_capped_pretune_off,pretune_off,false,29,2,2,42,exact
551,phase_b,604e79733b22d64d,evogrow_v2_2_stage_capped_pretune_off,pretune_off,false,29,2,2,123,exact
552,phase_b,604e79733b22d64d,evogrow_v2_2_stage_capped_pretune_off,pretune_off,false,29,2,2,7,exact
553,phase_b,604e79733b22d64d,evogrow_v2_2_stage_capped_pretune_off,pretune_off,false,30,2,1,42,surrogate
554,phase_b,604e79733b22d64d,evogrow_v2_2_stage_capped_pretune_off,pretune_off,false,30,2,1,123,surrogate
555,phase_b,604e79733b22d64d,evogrow_v2_2_stage_capped_pretune_off,pretune_off,false,30,2,1,7,surrogate
556,phase_b,604e79733b22d64d,evogrow_v2_2_stage_capped_pretune_off,pretune_off,false,30,2,2,42,surrogate
557,phase_b,604e79733b22d64d,evogrow_v2_2_stage_capped_pretune_off,pretune_off,false,30,2,2,123,surrogate
558,phase_b,604e79733b22d64d,evogrow_v2_2_stage_capped_pretune_off,pretune_off,false,30,2,2,7,surrogate
559,phase_b,604e79733b22d64d,evogrow_v2_2_stage_capped_pretune_off,pretune_off,false,31,2,1,42,exact
560,phase_b,604e79733b22d64d,evogrow_v2_2_stage_capped_pretune_off,pretune_off,false,31,2,1,123,exact
561,phase_b,604e79733b22d64d,evogrow_v2_2_stage_capped_pretune_off,pretune_off,false,31,2,1,7,exact
562,phase_b,604e79733b22d64d,evogrow_v2_2_stage_capped_pretune_off,pretune_off,false,31,2,2,42,exact
563,phase_b,604e79733b22d64d,evogrow_v2_2_stage_capped_pretune_off,pretune_off,false,31,2,2,123,exact
564,phase_b,604e79733b22d64d,evogrow_v2_2_stage_capped_pretune_off,pretune_off,false,31,2,2,7,exact
565,phase_b,604e79733b22d64d,evogrow_v2_2_stage_capped_pretune_off,pretune_off,false,32,2,1,42,exact
566,phase_b,604e79733b22d64d,evogrow_v2_2_stage_capped_pretune_off,pretune_off,false,32,2,1,123,exact
567,phase_b,604e79733b22d64d,evogrow_v2_2_stage_capped_pretune_off,pretune_off,false,32,2,1,7,exact
568,phase_b,604e79733b22d64d,evogrow_v2_2_stage_capped_pretune_off,pretune_off,false,32,2,2,42,exact
569,phase_b,604e79733b22d64d,evogrow_v2_2_stage_capped_pretune_off,pretune_off,false,32,2,2,123,exact
570,phase_b,604e79733b22d64d,evogrow_v2_2_stage_capped_pretune_off,pretune_off,false,32,2,2,7,exact
571,phase_b,604e79733b22d64d,evogrow_v2_2_stage_capped_pretune_off,pretune_off,false,33,2,1,42,surrogate
572,phase_b,604e79733b22d64d,evogrow_v2_2_stage_capped_pretune_off,pretune_off,false,33,2,1,123,surrogate
573,phase_b,604e79733b22d64d,evogrow_v2_2_stage_capped_pretune_off,pretune_off,false,33,2,1,7,surrogate
574,phase_b,604e79733b22d64d,evogrow_v2_2_stage_capped_pretune_off,pretune_off,false,33,2,2,42,surrogate
575,phase_b,604e79733b22d64d,evogrow_v2_2_stage_capped_pretune_off,pretune_off,false,33,2,2,123,surrogate
576,phase_b,604e79733b22d64d,evogrow_v2_2_stage_capped_pretune_off,pretune_off,false,33,2,2,7,surrogate
577,phase_b,604e79733b22d64d,evogrow_v2_2_stage_capped_pretune_off,pretune_off,false,34,2,1,42,surrogate
578,phase_b,604e79733b22d64d,evogrow_v2_2_stage_capped_pretune_off,pretune_off,false,34,2,1,123,surrogate
579,phase_b,604e79733b22d64d,evogrow_v2_2_stage_capped_pretune_off,pretune_off,false,34,2,1,7,surrogate
580,phase_b,604e79733b22d64d,evogrow_v2_2_stage_capped_pretune_off,pretune_off,false,34,2,2,42,surrogate
581,phase_b,604e79733b22d64d,evogrow_v2_2_stage_capped_pretune_off,pretune_off,false,34,2,2,123,surrogate
582,phase_b,604e79733b22d64d,evogrow_v2_2_stage_capped_pretune_off,pretune_off,false,34,2,2,7,surrogate
583,phase_b,604e79733b22d64d,evogrow_v2_2_stage_capped_pretune_off,pretune_off,false,35,2,1,42,surrogate
584,phase_b,604e79733b22d64d,evogrow_v2_2_stage_capped_pretune_off,pretune_off,false,35,2,1,123,surrogate
585,phase_b,604e79733b22d64d,evogrow_v2_2_stage_capped_pretune_off,pretune_off,false,35,2,1,7,surrogate
586,phase_b,604e79733b22d64d,evogrow_v2_2_stage_capped_pretune_off,pretune_off,false,35,2,2,42,surrogate
587,phase_b,604e79733b22d64d,evogrow_v2_2_stage_capped_pretune_off,pretune_off,false,35,2,2,123,surrogate
588,phase_b,604e79733b22d64d,evogrow_v2_2_stage_capped_pretune_off,pretune_off,false,35,2,2,7,surrogate
589,phase_b,604e79733b22d64d,evogrow_v2_2_stage_capped_pretune_off,pretune_off,false,36,2,1,42,surrogate
590,phase_b,604e79733b22d64d,evogrow_v2_2_stage_capped_pretune_off,pretune_off,false,36,2,1,123,surrogate
591,phase_b,604e79733b22d64d,evogrow_v2_2_stage_capped_pretune_off,pretune_off,false,36,2,1,7,surrogate
592,phase_b,604e79733b22d64d,evogrow_v2_2_stage_capped_pretune_off,pretune_off,false,36,2,2,42,surrogate
593,phase_b,604e79733b22d64d,evogrow_v2_2_stage_capped_pretune_off,pretune_off,false,36,2,2,123,surrogate
594,phase_b,604e79733b22d64d,evogrow_v2_2_stage_capped_pretune_off,pretune_off,false,36,2,2,7,surrogate
595,phase_b,604e79733b22d64d,evogrow_v2_2_stage_capped_pretune_off,pretune_off,false,37,2,1,42,surrogate
596,phase_b,604e79733b22d64d,evogrow_v2_2_stage_capped_pretune_off,pretune_off,false,37,2,1,123,surrogate
597,phase_b,604e79733b22d64d,evogrow_v2_2_stage_capped_pretune_off,pretune_off,false,37,2,1,7,surrogate
598,phase_b,604e79733b22d64d,evogrow_v2_2_stage_capped_pretune_off,pretune_off,false,37,2,2,42,surrogate
599,phase_b,604e79733b22d64d,evogrow_v2_2_stage_capped_pretune_off,pretune_off,false,37,2,2,123,surrogate
600,phase_b,604e79733b22d64d,evogrow_v2_2_stage_capped_pretune_off,pretune_off,false,37,2,2,7,surrogate
601,phase_b,604e79733b22d64d,evogrow_v2_2_stage_capped_pretune_off,pretune_off,false,38,2,1,42,exact
602,phase_b,604e79733b22d64d,evogrow_v2_2_stage_capped_pretune_off,pretune_off,false,38,2,1,123,exact
603,phase_b,604e79733b22d64d,evogrow_v2_2_stage_capped_pretune_off,pretune_off,false,38,2,1,7,exact
604,phase_b,604e79733b22d64d,evogrow_v2_2_stage_capped_pretune_off,pretune_off,false,38,2,2,42,exact
605,phase_b,604e79733b22d64d,evogrow_v2_2_stage_capped_pretune_off,pretune_off,false,38,2,2,123,exact
606,phase_b,604e79733b22d64d,evogrow_v2_2_stage_capped_pretune_off,pretune_off,false,38,2,2,7,exact
607,phase_b,604e79733b22d64d,evogrow_v2_2_stage_capped_pretune_off,pretune_off,false,39,2,1,42,surrogate
608,phase_b,604e79733b22d64d,evogrow_v2_2_stage_capped_pretune_off,pretune_off,false,39,2,1,123,surrogate
609,phase_b,604e79733b22d64d,evogrow_v2_2_stage_capped_pretune_off,pretune_off,false,39,2,1,7,surrogate
610,phase_b,604e79733b22d64d,evogrow_v2_2_stage_capped_pretune_off,pretune_off,false,39,2,2,42,surrogate
611,phase_b,604e79733b22d64d,evogrow_v2_2_stage_capped_pretune_off,pretune_off,false,39,2,2,123,surrogate
612,phase_b,604e79733b22d64d,evogrow_v2_2_stage_capped_pretune_off,pretune_off,false,39,2,2,7,surrogate
613,phase_b,604e79733b22d64d,evogrow_v2_2_stage_capped_pretune_off,pretune_off,false,40,2,1,42,surrogate
614,phase_b,604e79733b22d64d,evogrow_v2_2_stage_capped_pretune_off,pretune_off,false,40,2,1,123,surrogate
615,phase_b,604e79733b22d64d,evogrow_v2_2_stage_capped_pretune_off,pretune_off,false,40,2,1,7,surrogate
616,phase_b,604e79733b22d64d,evogrow_v2_2_stage_capped_pretune_off,pretune_off,false,40,2,2,42,surrogate
617,phase_b,604e79733b22d64d,evogrow_v2_2_stage_capped_pretune_off,pretune_off,false,40,2,2,123,surrogate
618,phase_b,604e79733b22d64d,evogrow_v2_2_stage_capped_pretune_off,pretune_off,false,40,2,2,7,surrogate
619,phase_b,604e79733b22d64d,evogrow_v2_2_stage_capped_pretune_off,pretune_off,false,41,2,1,42,surrogate
620,phase_b,604e79733b22d64d,evogrow_v2_2_stage_capped_pretune_off,pretune_off,false,41,2,1,123,surrogate
621,phase_b,604e79733b22d64d,evogrow_v2_2_stage_capped_pretune_off,pretune_off,false,41,2,1,7,surrogate
622,phase_b,604e79733b22d64d,evogrow_v2_2_stage_capped_pretune_off,pretune_off,false,41,2,2,42,surrogate
623,phase_b,604e79733b22d64d,evogrow_v2_2_stage_capped_pretune_off,pretune_off,false,41,2,2,123,surrogate
624,phase_b,604e79733b22d64d,evogrow_v2_2_stage_capped_pretune_off,pretune_off,false,41,2,2,7,surrogate
625,phase_b,604e79733b22d64d,evogrow_v2_2_stage_capped_pretune_off,pretune_off,false,42,2,1,42,surrogate
626,phase_b,604e79733b22d64d,evogrow_v2_2_stage_capped_pretune_off,pretune_off,false,42,2,1,123,surrogate
627,phase_b,604e79733b22d64d,evogrow_v2_2_stage_capped_pretune_off,pretune_off,false,42,2,1,7,surrogate
628,phase_b,604e79733b22d64d,evogrow_v2_2_stage_capped_pretune_off,pretune_off,false,42,2,2,42,surrogate
629,phase_b,604e79733b22d64d,evogrow_v2_2_stage_capped_pretune_off,pretune_off,false,42,2,2,123,surrogate
630,phase_b,604e79733b22d64d,evogrow_v2_2_stage_capped_pretune_off,pretune_off,false,42,2,2,7,surrogate
631,phase_b,604e79733b22d64d,evogrow_v2_2_stage_capped_pretune_off,pretune_off,false,43,2,1,42,surrogate
632,phase_b,604e79733b22d64d,evogrow_v2_2_stage_capped_pretune_off,pretune_off,false,43,2,1,123,surrogate
633,phase_b,604e79733b22d64d,evogrow_v2_2_stage_capped_pretune_off,pretune_off,false,43,2,1,7,surrogate
634,phase_b,604e79733b22d64d,evogrow_v2_2_stage_capped_pretune_off,pretune_off,false,43,2,2,42,surrogate
635,phase_b,604e79733b22d64d,evogrow_v2_2_stage_capped_pretune_off,pretune_off,false,43,2,2,123,surrogate
636,phase_b,604e79733b22d64d,evogrow_v2_2_stage_capped_pretune_off,pretune_off,false,43,2,2,7,surrogate
637,phase_b,604e79733b22d64d,evogrow_v2_2_stage_capped_pretune_off,pretune_off,false,44,2,1,42,surrogate
638,phase_b,604e79733b22d64d,evogrow_v2_2_stage_capped_pretune_off,pretune_off,false,44,2,1,123,surrogate
639,phase_b,604e79733b22d64d,evogrow_v2_2_stage_capped_pretune_off,pretune_off,false,44,2,1,7,surrogate
640,phase_b,604e79733b22d64d,evogrow_v2_2_stage_capped_pretune_off,pretune_off,false,44,2,2,42,surrogate
641,phase_b,604e79733b22d64d,evogrow_v2_2_stage_capped_pretune_off,pretune_off,false,44,2,2,123,surrogate
642,phase_b,604e79733b22d64d,evogrow_v2_2_stage_capped_pretune_off,pretune_off,false,44,2,2,7,surrogate
643,phase_b,604e79733b22d64d,evogrow_v2_2_stage_capped_pretune_off,pretune_off,false,45,2,1,42,surrogate
644,phase_b,604e79733b22d64d,evogrow_v2_2_stage_capped_pretune_off,pretune_off,false,45,2,1,123,surrogate
645,phase_b,604e79733b22d64d,evogrow_v2_2_stage_capped_pretune_off,pretune_off,false,45,2,1,7,surrogate
646,phase_b,604e79733b22d64d,evogrow_v2_2_stage_capped_pretune_off,pretune_off,false,45,2,2,42,surrogate
647,phase_b,604e79733b22d64d,evogrow_v2_2_stage_capped_pretune_off,pretune_off,false,45,2,2,123,surrogate
648,phase_b,604e79733b22d64d,evogrow_v2_2_stage_capped_pretune_off,pretune_off,false,45,2,2,7,surrogate
649,phase_b,604e79733b22d64d,evogrow_v2_2_stage_capped_pretune_off,pretune_off,false,46,2,1,42,surrogate
650,phase_b,604e79733b22d64d,evogrow_v2_2_stage_capped_pretune_off,pretune_off,false,46,2,1,123,surrogate
651,phase_b,604e79733b22d64d,evogrow_v2_2_stage_capped_pretune_off,pretune_off,false,46,2,1,7,surrogate
652,phase_b,604e79733b22d64d,evogrow_v2_2_stage_capped_pretune_off,pretune_off,false,46,2,2,42,surrogate
653,phase_b,604e79733b22d64d,evogrow_v2_2_stage_capped_pretune_off,pretune_off,false,46,2,2,123,surrogate
654,phase_b,604e79733b22d64d,evogrow_v2_2_stage_capped_pretune_off,pretune_off,false,46,2,2,7,surrogate
655,phase_b,604e79733b22d64d,evogrow_v2_2_stage_capped_pretune_off,pretune_off,false,47,2,1,42,surrogate
656,phase_b,604e79733b22d64d,evogrow_v2_2_stage_capped_pretune_off,pretune_off,false,47,2,1,123,surrogate
657,phase_b,604e79733b22d64d,evogrow_v2_2_stage_capped_pretune_off,pretune_off,false,47,2,1,7,surrogate
658,phase_b,604e79733b22d64d,evogrow_v2_2_stage_capped_pretune_off,pretune_off,false,47,2,2,42,surrogate
659,phase_b,604e79733b22d64d,evogrow_v2_2_stage_capped_pretune_off,pretune_off,false,47,2,2,123,surrogate
660,phase_b,604e79733b22d64d,evogrow_v2_2_stage_capped_pretune_off,pretune_off,false,47,2,2,7,surrogate
661,phase_b,604e79733b22d64d,evogrow_v2_2_stage_capped_pretune_off,pretune_off,false,48,2,1,42,surrogate
662,phase_b,604e79733b22d64d,evogrow_v2_2_stage_capped_pretune_off,pretune_off,false,48,2,1,123,surrogate
663,phase_b,604e79733b22d64d,evogrow_v2_2_stage_capped_pretune_off,pretune_off,false,48,2,1,7,surrogate
664,phase_b,604e79733b22d64d,evogrow_v2_2_stage_capped_pretune_off,pretune_off,false,48,2,2,42,surrogate
665,phase_b,604e79733b22d64d,evogrow_v2_2_stage_capped_pretune_off,pretune_off,false,48,2,2,123,surrogate
666,phase_b,604e79733b22d64d,evogrow_v2_2_stage_capped_pretune_off,pretune_off,false,48,2,2,7,surrogate
667,phase_b,604e79733b22d64d,evogrow_v2_2_stage_capped_pretune_off,pretune_off,false,49,2,1,42,surrogate
668,phase_b,604e79733b22d64d,evogrow_v2_2_stage_capped_pretune_off,pretune_off,false,49,2,1,123,surrogate
669,phase_b,604e79733b22d64d,evogrow_v2_2_stage_capped_pretune_off,pretune_off,false,49,2,1,7,surrogate
670,phase_b,604e79733b22d64d,evogrow_v2_2_stage_capped_pretune_off,pretune_off,false,49,2,2,42,surrogate
671,phase_b,604e79733b22d64d,evogrow_v2_2_stage_capped_pretune_off,pretune_off,false,49,2,2,123,surrogate
672,phase_b,604e79733b22d64d,evogrow_v2_2_stage_capped_pretune_off,pretune_off,false,49,2,2,7,surrogate
673,phase_b,604e79733b22d64d,evogrow_v2_2_stage_capped_pretune_off,pretune_off,false,50,2,1,42,surrogate
674,phase_b,604e79733b22d64d,evogrow_v2_2_stage_capped_pretune_off,pretune_off,false,50,2,1,123,surrogate
675,phase_b,604e79733b22d64d,evogrow_v2_2_stage_capped_pretune_off,pretune_off,false,50,2,1,7,surrogate
676,phase_b,604e79733b22d64d,evogrow_v2_2_stage_capped_pretune_off,pretune_off,false,50,2,2,42,surrogate
677,phase_b,604e79733b22d64d,evogrow_v2_2_stage_capped_pretune_off,pretune_off,false,50,2,2,123,surrogate
678,phase_b,604e79733b22d64d,evogrow_v2_2_stage_capped_pretune_off,pretune_off,false,50,2,2,7,surrogate
679,phase_b,604e79733b22d64d,evogrow_v2_2_stage_capped_pretune_off,pretune_off,false,51,2,1,42,surrogate
680,phase_b,604e79733b22d64d,evogrow_v2_2_stage_capped_pretune_off,pretune_off,false,51,2,1,123,surrogate
681,phase_b,604e79733b22d64d,evogrow_v2_2_stage_capped_pretune_off,pretune_off,false,51,2,1,7,surrogate
682,phase_b,604e79733b22d64d,evogrow_v2_2_stage_capped_pretune_off,pretune_off,false,51,2,2,42,surrogate
683,phase_b,604e79733b22d64d,evogrow_v2_2_stage_capped_pretune_off,pretune_off,false,51,2,2,123,surrogate
684,phase_b,604e79733b22d64d,evogrow_v2_2_stage_capped_pretune_off,pretune_off,false,51,2,2,7,surrogate
685,phase_b,604e79733b22d64d,evogrow_v2_2_stage_capped_pretune_off,pretune_off,false,52,3,1,42,surrogate
686,phase_b,604e79733b22d64d,evogrow_v2_2_stage_capped_pretune_off,pretune_off,false,52,3,1,123,surrogate
687,phase_b,604e79733b22d64d,evogrow_v2_2_stage_capped_pretune_off,pretune_off,false,52,3,1,7,surrogate
688,phase_b,604e79733b22d64d,evogrow_v2_2_stage_capped_pretune_off,pretune_off,false,52,3,2,42,surrogate
689,phase_b,604e79733b22d64d,evogrow_v2_2_stage_capped_pretune_off,pretune_off,false,52,3,2,123,surrogate
690,phase_b,604e79733b22d64d,evogrow_v2_2_stage_capped_pretune_off,pretune_off,false,52,3,2,7,surrogate
691,phase_b,604e79733b22d64d,evogrow_v2_2_stage_capped_pretune_off,pretune_off,false,53,3,1,42,surrogate
692,phase_b,604e79733b22d64d,evogrow_v2_2_stage_capped_pretune_off,pretune_off,false,53,3,1,123,surrogate
693,phase_b,604e79733b22d64d,evogrow_v2_2_stage_capped_pretune_off,pretune_off,false,53,3,1,7,surrogate
694,phase_b,604e79733b22d64d,evogrow_v2_2_stage_capped_pretune_off,pretune_off,false,53,3,2,42,surrogate
695,phase_b,604e79733b22d64d,evogrow_v2_2_stage_capped_pretune_off,pretune_off,false,53,3,2,123,surrogate
696,phase_b,604e79733b22d64d,evogrow_v2_2_stage_capped_pretune_off,pretune_off,false,53,3,2,7,surrogate
697,phase_b,604e79733b22d64d,evogrow_v2_2_stage_capped_pretune_off,pretune_off,false,54,3,1,42,exact
698,phase_b,604e79733b22d64d,evogrow_v2_2_stage_capped_pretune_off,pretune_off,false,54,3,1,123,exact
699,phase_b,604e79733b22d64d,evogrow_v2_2_stage_capped_pretune_off,pretune_off,false,54,3,1,7,exact
700,phase_b,604e79733b22d64d,evogrow_v2_2_stage_capped_pretune_off,pretune_off,false,54,3,2,42,exact
701,phase_b,604e79733b22d64d,evogrow_v2_2_stage_capped_pretune_off,pretune_off,false,54,3,2,123,exact
702,phase_b,604e79733b22d64d,evogrow_v2_2_stage_capped_pretune_off,pretune_off,false,54,3,2,7,exact
703,phase_b,604e79733b22d64d,evogrow_v2_2_stage_capped_pretune_off,pretune_off,false,55,3,1,42,exact
704,phase_b,604e79733b22d64d,evogrow_v2_2_stage_capped_pretune_off,pretune_off,false,55,3,1,123,exact
705,phase_b,604e79733b22d64d,evogrow_v2_2_stage_capped_pretune_off,pretune_off,false,55,3,1,7,exact
706,phase_b,604e79733b22d64d,evogrow_v2_2_stage_capped_pretune_off,pretune_off,false,55,3,2,42,exact
707,phase_b,604e79733b22d64d,evogrow_v2_2_stage_capped_pretune_off,pretune_off,false,55,3,2,123,exact
708,phase_b,604e79733b22d64d,evogrow_v2_2_stage_capped_pretune_off,pretune_off,false,55,3,2,7,exact
709,phase_b,604e79733b22d64d,evogrow_v2_2_stage_capped_pretune_off,pretune_off,false,56,3,1,42,exact
710,phase_b,604e79733b22d64d,evogrow_v2_2_stage_capped_pretune_off,pretune_off,false,56,3,1,123,exact
711,phase_b,604e79733b22d64d,evogrow_v2_2_stage_capped_pretune_off,pretune_off,false,56,3,1,7,exact
712,phase_b,604e79733b22d64d,evogrow_v2_2_stage_capped_pretune_off,pretune_off,false,56,3,2,42,exact
713,phase_b,604e79733b22d64d,evogrow_v2_2_stage_capped_pretune_off,pretune_off,false,56,3,2,123,exact
714,phase_b,604e79733b22d64d,evogrow_v2_2_stage_capped_pretune_off,pretune_off,false,56,3,2,7,exact
715,phase_b,604e79733b22d64d,evogrow_v2_2_stage_capped_pretune_off,pretune_off,false,57,3,1,42,surrogate
716,phase_b,604e79733b22d64d,evogrow_v2_2_stage_capped_pretune_off,pretune_off,false,57,3,1,123,surrogate
717,phase_b,604e79733b22d64d,evogrow_v2_2_stage_capped_pretune_off,pretune_off,false,57,3,1,7,surrogate
718,phase_b,604e79733b22d64d,evogrow_v2_2_stage_capped_pretune_off,pretune_off,false,57,3,2,42,surrogate
719,phase_b,604e79733b22d64d,evogrow_v2_2_stage_capped_pretune_off,pretune_off,false,57,3,2,123,surrogate
720,phase_b,604e79733b22d64d,evogrow_v2_2_stage_capped_pretune_off,pretune_off,false,57,3,2,7,surrogate
721,phase_b,604e79733b22d64d,evogrow_v2_2_stage_capped_pretune_off,pretune_off,false,58,3,1,42,surrogate
722,phase_b,604e79733b22d64d,evogrow_v2_2_stage_capped_pretune_off,pretune_off,false,58,3,1,123,surrogate
723,phase_b,604e79733b22d64d,evogrow_v2_2_stage_capped_pretune_off,pretune_off,false,58,3,1,7,surrogate
724,phase_b,604e79733b22d64d,evogrow_v2_2_stage_capped_pretune_off,pretune_off,false,58,3,2,42,surrogate
725,phase_b,604e79733b22d64d,evogrow_v2_2_stage_capped_pretune_off,pretune_off,false,58,3,2,123,surrogate
726,phase_b,604e79733b22d64d,evogrow_v2_2_stage_capped_pretune_off,pretune_off,false,58,3,2,7,surrogate
727,phase_b,604e79733b22d64d,evogrow_v2_2_stage_capped_pretune_off,pretune_off,false,59,3,1,42,surrogate
728,phase_b,604e79733b22d64d,evogrow_v2_2_stage_capped_pretune_off,pretune_off,false,59,3,1,123,surrogate
729,phase_b,604e79733b22d64d,evogrow_v2_2_stage_capped_pretune_off,pretune_off,false,59,3,1,7,surrogate
730,phase_b,604e79733b22d64d,evogrow_v2_2_stage_capped_pretune_off,pretune_off,false,59,3,2,42,surrogate
731,phase_b,604e79733b22d64d,evogrow_v2_2_stage_capped_pretune_off,pretune_off,false,59,3,2,123,surrogate
732,phase_b,604e79733b22d64d,evogrow_v2_2_stage_capped_pretune_off,pretune_off,false,59,3,2,7,surrogate
733,phase_b,604e79733b22d64d,evogrow_v2_2_stage_capped_pretune_off,pretune_off,false,60,3,1,42,surrogate
734,phase_b,604e79733b22d64d,evogrow_v2_2_stage_capped_pretune_off,pretune_off,false,60,3,1,123,surrogate
735,phase_b,604e79733b22d64d,evogrow_v2_2_stage_capped_pretune_off,pretune_off,false,60,3,1,7,surrogate
736,phase_b,604e79733b22d64d,evogrow_v2_2_stage_capped_pretune_off,pretune_off,false,60,3,2,42,surrogate
737,phase_b,604e79733b22d64d,evogrow_v2_2_stage_capped_pretune_off,pretune_off,false,60,3,2,123,surrogate
738,phase_b,604e79733b22d64d,evogrow_v2_2_stage_capped_pretune_off,pretune_off,false,60,3,2,7,surrogate
739,phase_b,604e79733b22d64d,evogrow_v2_2_stage_capped_pretune_off,pretune_off,false,61,3,1,42,exact
740,phase_b,604e79733b22d64d,evogrow_v2_2_stage_capped_pretune_off,pretune_off,false,61,3,1,123,exact
741,phase_b,604e79733b22d64d,evogrow_v2_2_stage_capped_pretune_off,pretune_off,false,61,3,1,7,exact
742,phase_b,604e79733b22d64d,evogrow_v2_2_stage_capped_pretune_off,pretune_off,false,61,3,2,42,exact
743,phase_b,604e79733b22d64d,evogrow_v2_2_stage_capped_pretune_off,pretune_off,false,61,3,2,123,exact
744,phase_b,604e79733b22d64d,evogrow_v2_2_stage_capped_pretune_off,pretune_off,false,61,3,2,7,exact
745,phase_b,604e79733b22d64d,evogrow_v2_2_stage_capped_pretune_off,pretune_off,false,62,4,1,42,surrogate
746,phase_b,604e79733b22d64d,evogrow_v2_2_stage_capped_pretune_off,pretune_off,false,62,4,1,123,surrogate
747,phase_b,604e79733b22d64d,evogrow_v2_2_stage_capped_pretune_off,pretune_off,false,62,4,1,7,surrogate
748,phase_b,604e79733b22d64d,evogrow_v2_2_stage_capped_pretune_off,pretune_off,false,62,4,2,42,surrogate
749,phase_b,604e79733b22d64d,evogrow_v2_2_stage_capped_pretune_off,pretune_off,false,62,4,2,123,surrogate
750,phase_b,604e79733b22d64d,evogrow_v2_2_stage_capped_pretune_off,pretune_off,false,62,4,2,7,surrogate
751,phase_b,604e79733b22d64d,evogrow_v2_2_stage_capped_pretune_off,pretune_off,false,63,4,1,42,exact
752,phase_b,604e79733b22d64d,evogrow_v2_2_stage_capped_pretune_off,pretune_off,false,63,4,1,123,exact
753,phase_b,604e79733b22d64d,evogrow_v2_2_stage_capped_pretune_off,pretune_off,false,63,4,1,7,exact
754,phase_b,604e79733b22d64d,evogrow_v2_2_stage_capped_pretune_off,pretune_off,false,63,4,2,42,exact
755,phase_b,604e79733b22d64d,evogrow_v2_2_stage_capped_pretune_off,pretune_off,false,63,4,2,123,exact
756,phase_b,604e79733b22d64d,evogrow_v2_2_stage_capped_pretune_off,pretune_off,false,63,4,2,7,exact
