run_id,experiment_id,system_id,variant_slug,seed,initial_condition_set,n_equations,n_found_terms_micro,n_true_terms_micro,n_true_positive_terms_micro,n_missing_true_terms,n_extra_found_terms,term_precision_macro,term_recall_macro,structural_f1_macro,term_precision_micro,term_recall_micro,structural_f1_micro,exact_support_match,structural_exact_support_match,derived_registry_exact_support_match,registry_exact_support_match,registry_exact_support_match_agrees,coefficient_relative_error_mean,coefficient_relative_error_max,n_coefficient_terms
61_evogrow_v2_2_stage_capped_pretune_on_11_1_42,paper1_phaseB_v1,11,evogrow_v2_2_stage_capped_pretune_on,42,1,1,3,1,1,0,2,0.3333333333333333,1.0,0.5,0.3333333333333333,1.0,0.5,False,False,False,True,False,,,0
62_evogrow_v2_2_stage_capped_pretune_on_11_1_123,paper1_phaseB_v1,11,evogrow_v2_2_stage_capped_pretune_on,123,1,1,3,1,1,0,2,0.3333333333333333,1.0,0.5,0.3333333333333333,1.0,0.5,False,False,False,True,False,,,0
63_evogrow_v2_2_stage_capped_pretune_on_11_1_7,paper1_phaseB_v1,11,evogrow_v2_2_stage_capped_pretune_on,7,1,1,3,1,1,0,2,0.3333333333333333,1.0,0.5,0.3333333333333333,1.0,0.5,False,False,False,True,False,,,0
157_evogrow_v2_2_stage_capped_pretune_on_27_1_42,paper1_phaseB_v1,27,evogrow_v2_2_stage_capped_pretune_on,42,1,2,7,4,4,0,3,0.5833333333333333,1.0,0.7333333333333334,0.5714285714285714,1.0,0.7272727272727273,False,False,False,True,False,,,0
158_evogrow_v2_2_stage_capped_pretune_on_27_1_123,paper1_phaseB_v1,27,evogrow_v2_2_stage_capped_pretune_on,123,1,2,8,4,4,0,4,0.5,1.0,0.6666666666666666,0.5,1.0,0.6666666666666666,False,False,False,True,False,,,0
160_evogrow_v2_2_stage_capped_pretune_on_27_2_42,paper1_phaseB_v1,27,evogrow_v2_2_stage_capped_pretune_on,42,2,2,10,4,4,0,6,0.4,1.0,0.5714285714285715,0.4,1.0,0.5714285714285715,False,False,False,True,False,,,0
161_evogrow_v2_2_stage_capped_pretune_on_27_2_123,paper1_phaseB_v1,27,evogrow_v2_2_stage_capped_pretune_on,123,2,2,10,4,4,0,6,0.4,1.0,0.5714285714285715,0.4,1.0,0.5714285714285715,False,False,False,True,False,,,0
162_evogrow_v2_2_stage_capped_pretune_on_27_2_7,paper1_phaseB_v1,27,evogrow_v2_2_stage_capped_pretune_on,7,2,2,10,4,4,0,6,0.4,1.0,0.5714285714285715,0.4,1.0,0.5714285714285715,False,False,False,True,False,,,0
187_evogrow_v2_2_stage_capped_pretune_on_32_1_42,paper1_phaseB_v1,32,evogrow_v2_2_stage_capped_pretune_on,42,1,2,9,4,4,0,5,0.425,1.0,0.575,0.4444444444444444,1.0,0.6153846153846153,False,False,False,True,False,,,0
188_evogrow_v2_2_stage_capped_pretune_on_32_1_123,paper1_phaseB_v1,32,evogrow_v2_2_stage_capped_pretune_on,123,1,2,9,4,4,0,5,0.425,1.0,0.575,0.4444444444444444,1.0,0.6153846153846153,False,False,False,True,False,,,0
189_evogrow_v2_2_stage_capped_pretune_on_32_1_7,paper1_phaseB_v1,32,evogrow_v2_2_stage_capped_pretune_on,7,1,2,9,4,4,0,5,0.425,1.0,0.575,0.4444444444444444,1.0,0.6153846153846153,False,False,False,True,False,,,0
223_evogrow_v2_2_stage_capped_pretune_on_38_1_42,paper1_phaseB_v1,38,evogrow_v2_2_stage_capped_pretune_on,42,1,2,11,4,4,0,7,0.35,1.0,0.5,0.36363636363636365,1.0,0.5333333333333333,False,False,False,True,False,,,0
224_evogrow_v2_2_stage_capped_pretune_on_38_1_123,paper1_phaseB_v1,38,evogrow_v2_2_stage_capped_pretune_on,123,1,2,11,4,4,0,7,0.35,1.0,0.5,0.36363636363636365,1.0,0.5333333333333333,False,False,False,True,False,,,0
225_evogrow_v2_2_stage_capped_pretune_on_38_1_7,paper1_phaseB_v1,38,evogrow_v2_2_stage_capped_pretune_on,7,1,2,11,4,4,0,7,0.35,1.0,0.5,0.36363636363636365,1.0,0.5333333333333333,False,False,False,True,False,,,0
439_evogrow_v2_2_stage_capped_pretune_off_11_1_42,paper1_phaseB_v1,11,evogrow_v2_2_stage_capped_pretune_off,42,1,1,3,1,1,0,2,0.3333333333333333,1.0,0.5,0.3333333333333333,1.0,0.5,False,False,False,True,False,,,0
440_evogrow_v2_2_stage_capped_pretune_off_11_1_123,paper1_phaseB_v1,11,evogrow_v2_2_stage_capped_pretune_off,123,1,1,3,1,1,0,2,0.3333333333333333,1.0,0.5,0.3333333333333333,1.0,0.5,False,False,False,True,False,,,0
441_evogrow_v2_2_stage_capped_pretune_off_11_1_7,paper1_phaseB_v1,11,evogrow_v2_2_stage_capped_pretune_off,7,1,1,3,1,1,0,2,0.3333333333333333,1.0,0.5,0.3333333333333333,1.0,0.5,False,False,False,True,False,,,0
518_evogrow_v2_2_stage_capped_pretune_off_24_1_123,paper1_phaseB_v1,24,evogrow_v2_2_stage_capped_pretune_off,123,1,2,3,2,2,0,1,0.75,1.0,0.8333333333333333,0.6666666666666666,1.0,0.8,False,False,False,True,False,,,0
519_evogrow_v2_2_stage_capped_pretune_off_24_1_7,paper1_phaseB_v1,24,evogrow_v2_2_stage_capped_pretune_off,7,1,2,3,2,2,0,1,0.75,1.0,0.8333333333333333,0.6666666666666666,1.0,0.8,False,False,False,True,False,,,0
520_evogrow_v2_2_stage_capped_pretune_off_24_2_42,paper1_phaseB_v1,24,evogrow_v2_2_stage_capped_pretune_off,42,2,2,3,2,2,0,1,0.75,1.0,0.8333333333333333,0.6666666666666666,1.0,0.8,False,False,False,True,False,,,0
521_evogrow_v2_2_stage_capped_pretune_off_24_2_123,paper1_phaseB_v1,24,evogrow_v2_2_stage_capped_pretune_off,123,2,2,3,2,2,0,1,0.75,1.0,0.8333333333333333,0.6666666666666666,1.0,0.8,False,False,False,True,False,,,0
522_evogrow_v2_2_stage_capped_pretune_off_24_2_7,paper1_phaseB_v1,24,evogrow_v2_2_stage_capped_pretune_off,7,2,2,3,2,2,0,1,0.75,1.0,0.8333333333333333,0.6666666666666666,1.0,0.8,False,False,False,True,False,,,0
539_evogrow_v2_2_stage_capped_pretune_off_27_2_123,paper1_phaseB_v1,27,evogrow_v2_2_stage_capped_pretune_off,123,2,2,8,4,4,0,4,0.5,1.0,0.6666666666666666,0.5,1.0,0.6666666666666666,False,False,False,True,False,,,0
540_evogrow_v2_2_stage_capped_pretune_off_27_2_7,paper1_phaseB_v1,27,evogrow_v2_2_stage_capped_pretune_off,7,2,2,10,4,4,0,6,0.4,1.0,0.5714285714285715,0.4,1.0,0.5714285714285715,False,False,False,True,False,,,0
547_evogrow_v2_2_stage_capped_pretune_off_29_1_42,paper1_phaseB_v1,29,evogrow_v2_2_stage_capped_pretune_off,42,1,2,8,3,3,0,5,0.375,1.0,0.5333333333333333,0.375,1.0,0.5454545454545454,False,False,False,True,False,,,0
548_evogrow_v2_2_stage_capped_pretune_off_29_1_123,paper1_phaseB_v1,29,evogrow_v2_2_stage_capped_pretune_off,123,1,2,8,3,3,0,5,0.375,1.0,0.5333333333333333,0.375,1.0,0.5454545454545454,False,False,False,True,False,,,0
549_evogrow_v2_2_stage_capped_pretune_off_29_1_7,paper1_phaseB_v1,29,evogrow_v2_2_stage_capped_pretune_off,7,1,2,7,3,3,0,4,0.4583333333333333,1.0,0.6000000000000001,0.42857142857142855,1.0,0.6,False,False,False,True,False,,,0
562_evogrow_v2_2_stage_capped_pretune_off_31_2_42,paper1_phaseB_v1,31,evogrow_v2_2_stage_capped_pretune_off,42,2,2,5,3,3,0,2,0.5833333333333333,1.0,0.7333333333333334,0.6,1.0,0.7499999999999999,False,False,False,True,False,,,0
563_evogrow_v2_2_stage_capped_pretune_off_31_2_123,paper1_phaseB_v1,31,evogrow_v2_2_stage_capped_pretune_off,123,2,2,6,3,3,0,3,0.5,1.0,0.65,0.5,1.0,0.6666666666666666,False,False,False,True,False,,,0
564_evogrow_v2_2_stage_capped_pretune_off_31_2_7,paper1_phaseB_v1,31,evogrow_v2_2_stage_capped_pretune_off,7,2,2,5,3,3,0,2,0.5833333333333333,1.0,0.7333333333333334,0.6,1.0,0.7499999999999999,False,False,False,True,False,,,0
565_evogrow_v2_2_stage_capped_pretune_off_32_1_42,paper1_phaseB_v1,32,evogrow_v2_2_stage_capped_pretune_off,42,1,2,9,4,4,0,5,0.425,1.0,0.575,0.4444444444444444,1.0,0.6153846153846153,False,False,False,True,False,,,0
566_evogrow_v2_2_stage_capped_pretune_off_32_1_123,paper1_phaseB_v1,32,evogrow_v2_2_stage_capped_pretune_off,123,1,2,9,4,4,0,5,0.425,1.0,0.575,0.4444444444444444,1.0,0.6153846153846153,False,False,False,True,False,,,0
567_evogrow_v2_2_stage_capped_pretune_off_32_1_7,paper1_phaseB_v1,32,evogrow_v2_2_stage_capped_pretune_off,7,1,2,12,4,4,0,8,0.3333333333333333,1.0,0.47619047619047616,0.3333333333333333,1.0,0.5,False,False,False,True,False,,,0
570_evogrow_v2_2_stage_capped_pretune_off_32_2_7,paper1_phaseB_v1,32,evogrow_v2_2_stage_capped_pretune_off,7,2,2,6,4,4,0,2,0.625,1.0,0.7619047619047619,0.6666666666666666,1.0,0.8,False,False,False,True,False,,,0
601_evogrow_v2_2_stage_capped_pretune_off_38_1_42,paper1_phaseB_v1,38,evogrow_v2_2_stage_capped_pretune_off,42,1,2,11,4,4,0,7,0.35,1.0,0.5,0.36363636363636365,1.0,0.5333333333333333,False,False,False,True,False,,,0
602_evogrow_v2_2_stage_capped_pretune_off_38_1_123,paper1_phaseB_v1,38,evogrow_v2_2_stage_capped_pretune_off,123,1,2,11,4,4,0,7,0.35,1.0,0.5,0.36363636363636365,1.0,0.5333333333333333,False,False,False,True,False,,,0
603_evogrow_v2_2_stage_capped_pretune_off_38_1_7,paper1_phaseB_v1,38,evogrow_v2_2_stage_capped_pretune_off,7,1,2,11,4,4,0,7,0.35,1.0,0.5,0.36363636363636365,1.0,0.5333333333333333,False,False,False,True,False,,,0
604_evogrow_v2_2_stage_capped_pretune_off_38_2_42,paper1_phaseB_v1,38,evogrow_v2_2_stage_capped_pretune_off,42,2,2,6,4,4,0,2,0.625,1.0,0.7619047619047619,0.6666666666666666,1.0,0.8,False,False,False,True,False,,,0
605_evogrow_v2_2_stage_capped_pretune_off_38_2_123,paper1_phaseB_v1,38,evogrow_v2_2_stage_capped_pretune_off,123,2,2,5,4,4,0,1,0.75,1.0,0.8333333333333333,0.8,1.0,0.888888888888889,False,False,False,True,False,,,0
606_evogrow_v2_2_stage_capped_pretune_off_38_2_7,paper1_phaseB_v1,38,evogrow_v2_2_stage_capped_pretune_off,7,2,2,5,4,4,0,1,0.875,1.0,0.9285714285714286,0.8,1.0,0.888888888888889,False,False,False,True,False,,,0
