signal,ranking_method,sigma_rel,noise_replicate,ic_strategy,dimension,n_equations,q010,q025,q050,q075,q090,le_0_count,le_0_rate,le_1_count,le_1_rate,le_2_count,le_2_rate,le_3_count,le_3_rate,le_5_count,le_5_rate,le_10_count,le_10_rate
fd,forward,0.0,0,ic1,1,11,0.0,0.5,3.0,4.0,4.0,3,0.2727272727272727,5,0.45454545454545453,5,0.45454545454545453,7,0.6363636363636364,11,1.0,11,1.0
fd,forward,0.0,0,ic1,2,20,0.0,0.0,0.0,0.75,7.100000000000001,15,0.75,15,0.75,15,0.75,17,0.85,17,0.85,20,1.0
fd,forward,0.0,0,ic1,3,24,0.0,0.0,0.0,8.25,16.0,14,0.5833333333333334,15,0.625,16,0.6666666666666666,17,0.7083333333333334,17,0.7083333333333334,20,0.8333333333333334
fd,forward,0.0,0,ic1,4,4,0.0,0.0,7.0,14.75,16.1,2,0.5,2,0.5,2,0.5,2,0.5,2,0.5,2,0.5
fd,forward,0.0,0,ic1_ic2,1,11,0.0,0.5,3.0,4.0,4.0,3,0.2727272727272727,5,0.45454545454545453,5,0.45454545454545453,7,0.6363636363636364,11,1.0,11,1.0
fd,forward,0.0,0,ic1_ic2,2,20,0.0,0.0,0.0,1.5,7.100000000000001,14,0.7,15,0.75,15,0.75,16,0.8,17,0.85,20,1.0
fd,forward,0.0,0,ic1_ic2,3,24,0.0,0.0,0.0,1.0,16.0,17,0.7083333333333334,19,0.7916666666666666,19,0.7916666666666666,20,0.8333333333333334,20,0.8333333333333334,20,0.8333333333333334
fd,forward,0.0,0,ic1_ic2,4,4,0.0,0.0,3.0,8.5,13.000000000000002,2,0.5,2,0.5,2,0.5,2,0.5,2,0.5,3,0.75
fd,forward,0.0,0,ic2,1,11,0.0,0.5,3.0,4.0,4.0,3,0.2727272727272727,5,0.45454545454545453,5,0.45454545454545453,7,0.6363636363636364,11,1.0,11,1.0
fd,forward,0.0,0,ic2,2,20,0.0,0.0,0.0,1.0,3.500000000000007,12,0.6,16,0.8,17,0.85,18,0.9,18,0.9,20,1.0
fd,forward,0.0,0,ic2,3,24,0.0,0.0,0.0,1.25,16.0,16,0.6666666666666666,18,0.75,19,0.7916666666666666,19,0.7916666666666666,19,0.7916666666666666,20,0.8333333333333334
fd,forward,0.0,0,ic2,4,4,0.0,0.0,9.0,18.0,18.0,2,0.5,2,0.5,2,0.5,2,0.5,2,0.5,2,0.5
fd,forward,0.01,1,ic1,1,11,0.0,1.5,3.0,4.0,4.0,2,0.18181818181818182,3,0.2727272727272727,4,0.36363636363636365,7,0.6363636363636364,11,1.0,11,1.0
fd,forward,0.01,1,ic1,2,20,0.0,0.0,0.0,5.0,8.100000000000001,13,0.65,13,0.65,13,0.65,14,0.7,16,0.8,20,1.0
fd,forward,0.01,1,ic1,3,24,0.0,0.0,0.0,9.5,16.0,14,0.5833333333333334,15,0.625,15,0.625,16,0.6666666666666666,16,0.6666666666666666,18,0.75
fd,forward,0.01,1,ic1,4,4,4.500000000000001,11.25,17.0,20.5,23.200000000000003,1,0.25,1,0.25,1,0.25,1,0.25,1,0.25,1,0.25
fd,forward,0.01,1,ic1_ic2,1,11,0.0,0.5,3.0,4.0,4.0,3,0.2727272727272727,5,0.45454545454545453,5,0.45454545454545453,7,0.6363636363636364,11,1.0,11,1.0
fd,forward,0.01,1,ic1_ic2,2,20,0.0,0.0,0.0,0.0,3.200000000000003,16,0.8,17,0.85,17,0.85,18,0.9,19,0.95,20,1.0
fd,forward,0.01,1,ic1_ic2,3,24,0.0,0.0,0.0,1.5,16.0,17,0.7083333333333334,18,0.75,18,0.75,19,0.7916666666666666,19,0.7916666666666666,19,0.7916666666666666
fd,forward,0.01,1,ic1_ic2,4,4,0.0,0.0,5.5,13.0,16.6,2,0.5,2,0.5,2,0.5,2,0.5,2,0.5,2,0.5
fd,forward,0.01,1,ic2,1,11,0.0,0.5,3.0,4.0,4.0,3,0.2727272727272727,5,0.45454545454545453,5,0.45454545454545453,7,0.6363636363636364,11,1.0,11,1.0
fd,forward,0.01,1,ic2,2,20,0.0,0.0,0.0,2.25,7.200000000000003,11,0.55,13,0.65,15,0.75,16,0.8,16,0.8,20,1.0
fd,forward,0.01,1,ic2,3,24,0.0,0.0,0.0,8.25,16.0,14,0.5833333333333334,15,0.625,17,0.7083333333333334,17,0.7083333333333334,17,0.7083333333333334,19,0.7916666666666666
fd,forward,0.01,1,ic2,4,4,0.0,0.0,6.0,14.0,17.6,2,0.5,2,0.5,2,0.5,2,0.5,2,0.5,2,0.5
fd,forward,0.01,2,ic1,1,11,0.0,1.0,3.0,4.0,4.0,2,0.18181818181818182,4,0.36363636363636365,4,0.36363636363636365,7,0.6363636363636364,11,1.0,11,1.0
fd,forward,0.01,2,ic1,2,20,0.0,0.0,0.0,3.0,6.200000000000003,13,0.65,13,0.65,13,0.65,16,0.8,17,0.85,20,1.0
fd,forward,0.01,2,ic1,3,24,0.0,0.0,0.5,9.0,16.0,12,0.5,13,0.5416666666666666,14,0.5833333333333334,16,0.6666666666666666,16,0.6666666666666666,18,0.75
fd,forward,0.01,2,ic1,4,4,6.600000000000001,16.5,22.5,23.0,23.0,1,0.25,1,0.25,1,0.25,1,0.25,1,0.25,1,0.25
fd,forward,0.01,2,ic1_ic2,1,11,0.0,0.5,3.0,4.0,4.0,3,0.2727272727272727,5,0.45454545454545453,5,0.45454545454545453,7,0.6363636363636364,11,1.0,11,1.0
fd,forward,0.01,2,ic1_ic2,2,20,0.0,0.0,0.0,3.0,7.0,12,0.6,14,0.7,14,0.7,16,0.8,17,0.85,20,1.0
fd,forward,0.01,2,ic1_ic2,3,24,0.0,0.0,0.0,1.5,16.0,17,0.7083333333333334,18,0.75,18,0.75,19,0.7916666666666666,19,0.7916666666666666,19,0.7916666666666666
fd,forward,0.01,2,ic1_ic2,4,4,3.9000000000000004,9.75,14.5,18.0,21.6,1,0.25,1,0.25,1,0.25,1,0.25,1,0.25,1,0.25
fd,forward,0.01,2,ic2,1,11,0.0,1.0,3.0,4.0,4.0,2,0.18181818181818182,4,0.36363636363636365,5,0.45454545454545453,7,0.6363636363636364,11,1.0,11,1.0
fd,forward,0.01,2,ic2,2,20,0.0,0.0,0.0,3.25,7.100000000000001,11,0.55,13,0.65,14,0.7,15,0.75,17,0.85,20,1.0
fd,forward,0.01,2,ic2,3,24,0.0,0.0,0.0,6.5,16.0,15,0.625,16,0.6666666666666666,17,0.7083333333333334,17,0.7083333333333334,17,0.7083333333333334,19,0.7916666666666666
fd,forward,0.01,2,ic2,4,4,0.0,0.0,6.0,15.0,20.400000000000002,2,0.5,2,0.5,2,0.5,2,0.5,2,0.5,2,0.5
fd,forward,0.01,3,ic1,1,11,0.0,1.0,3.0,4.0,4.0,2,0.18181818181818182,5,0.45454545454545453,5,0.45454545454545453,7,0.6363636363636364,11,1.0,11,1.0
fd,forward,0.01,3,ic1,2,20,0.0,0.0,0.0,5.0,7.200000000000003,13,0.65,13,0.65,13,0.65,14,0.7,16,0.8,20,1.0
fd,forward,0.01,3,ic1,3,24,0.0,0.0,0.5,8.5,16.0,12,0.5,13,0.5416666666666666,15,0.625,17,0.7083333333333334,17,0.7083333333333334,19,0.7916666666666666
fd,forward,0.01,3,ic1,4,4,0.6000000000000001,1.5,11.5,21.25,21.7,1,0.25,1,0.25,2,0.5,2,0.5,2,0.5,2,0.5
fd,forward,0.01,3,ic1_ic2,1,11,0.0,0.5,3.0,4.0,4.0,3,0.2727272727272727,5,0.45454545454545453,5,0.45454545454545453,7,0.6363636363636364,11,1.0,11,1.0
fd,forward,0.01,3,ic1_ic2,2,20,0.0,0.0,0.0,4.25,8.100000000000001,12,0.6,13,0.65,13,0.65,14,0.7,16,0.8,20,1.0
fd,forward,0.01,3,ic1_ic2,3,24,0.0,0.0,0.0,2.25,16.0,16,0.6666666666666666,17,0.7083333333333334,18,0.75,19,0.7916666666666666,19,0.7916666666666666,19,0.7916666666666666
fd,forward,0.01,3,ic1_ic2,4,4,3.0000000000000004,7.5,14.5,19.75,21.1,1,0.25,1,0.25,1,0.25,1,0.25,1,0.25,2,0.5
fd,forward,0.01,3,ic2,1,11,0.0,1.5,3.0,4.0,4.0,2,0.18181818181818182,3,0.2727272727272727,4,0.36363636363636365,7,0.6363636363636364,11,1.0,11,1.0
fd,forward,0.01,3,ic2,2,20,0.0,0.0,1.0,6.0,8.100000000000001,9,0.45,11,0.55,12,0.6,14,0.7,14,0.7,20,1.0
fd,forward,0.01,3,ic2,3,24,0.0,0.0,0.0,7.25,16.0,15,0.625,16,0.6666666666666666,17,0.7083333333333334,17,0.7083333333333334,17,0.7083333333333334,20,0.8333333333333334
fd,forward,0.01,3,ic2,4,4,0.6000000000000001,1.5,5.5,11.5,16.0,1,0.25,1,0.25,2,0.5,2,0.5,2,0.5,3,0.75
fd,forward,0.01,4,ic1,1,11,0.0,0.5,3.0,4.0,4.0,3,0.2727272727272727,4,0.36363636363636365,4,0.36363636363636365,7,0.6363636363636364,11,1.0,11,1.0
fd,forward,0.01,4,ic1,2,20,0.0,0.0,0.0,3.25,7.100000000000001,13,0.65,13,0.65,13,0.65,15,0.75,16,0.8,20,1.0
fd,forward,0.01,4,ic1,3,24,0.0,0.0,0.0,8.25,16.0,13,0.5416666666666666,14,0.5833333333333334,15,0.625,16,0.6666666666666666,16,0.6666666666666666,19,0.7916666666666666
fd,forward,0.01,4,ic1,4,4,2.7,6.75,11.0,14.25,16.5,1,0.25,1,0.25,1,0.25,1,0.25,1,0.25,2,0.5
fd,forward,0.01,4,ic1_ic2,1,11,0.0,0.5,3.0,4.0,4.0,3,0.2727272727272727,5,0.45454545454545453,5,0.45454545454545453,7,0.6363636363636364,11,1.0,11,1.0
fd,forward,0.01,4,ic1_ic2,2,20,0.0,0.0,0.0,1.5,6.0,14,0.7,15,0.75,15,0.75,16,0.8,17,0.85,20,1.0
fd,forward,0.01,4,ic1_ic2,3,24,0.0,0.0,0.0,1.25,16.0,17,0.7083333333333334,18,0.75,19,0.7916666666666666,20,0.8333333333333334,20,0.8333333333333334,20,0.8333333333333334
fd,forward,0.01,4,ic1_ic2,4,4,6.300000000000001,15.75,21.0,21.25,21.7,1,0.25,1,0.25,1,0.25,1,0.25,1,0.25,1,0.25
fd,forward,0.01,4,ic2,1,11,0.0,1.0,3.0,4.0,4.0,2,0.18181818181818182,4,0.36363636363636365,5,0.45454545454545453,7,0.6363636363636364,11,1.0,11,1.0
fd,forward,0.01,4,ic2,2,20,0.0,0.0,0.0,4.0,7.200000000000003,11,0.55,13,0.65,13,0.65,14,0.7,16,0.8,20,1.0
fd,forward,0.01,4,ic2,3,24,0.0,0.0,0.0,8.75,16.0,16,0.6666666666666666,17,0.7083333333333334,17,0.7083333333333334,17,0.7083333333333334,17,0.7083333333333334,18,0.75
fd,forward,0.01,4,ic2,4,4,7.4,15.5,20.5,21.0,21.0,0,0.0,0,0.0,1,0.25,1,0.25,1,0.25,1,0.25
fd,forward,0.01,5,ic1,1,11,0.0,0.5,3.0,4.0,4.0,3,0.2727272727272727,5,0.45454545454545453,5,0.45454545454545453,7,0.6363636363636364,11,1.0,11,1.0
fd,forward,0.01,5,ic1,2,20,0.0,0.0,0.0,3.0,8.0,14,0.7,14,0.7,14,0.7,16,0.8,17,0.85,20,1.0
fd,forward,0.01,5,ic1,3,24,0.0,0.0,0.0,9.25,16.0,14,0.5833333333333334,15,0.625,15,0.625,17,0.7083333333333334,17,0.7083333333333334,18,0.75
fd,forward,0.01,5,ic1,4,4,0.0,0.0,9.5,20.25,22.5,2,0.5,2,0.5,2,0.5,2,0.5,2,0.5,2,0.5
fd,forward,0.01,5,ic1_ic2,1,11,0.0,0.5,3.0,4.0,4.0,3,0.2727272727272727,5,0.45454545454545453,5,0.45454545454545453,7,0.6363636363636364,11,1.0,11,1.0
fd,forward,0.01,5,ic1_ic2,2,20,0.0,0.0,0.0,2.5,6.200000000000003,13,0.65,14,0.7,15,0.75,15,0.75,17,0.85,20,1.0
fd,forward,0.01,5,ic1_ic2,3,24,0.0,0.0,0.0,1.5,16.0,17,0.7083333333333334,18,0.75,18,0.75,19,0.7916666666666666,19,0.7916666666666666,20,0.8333333333333334
fd,forward,0.01,5,ic1_ic2,4,4,2.1000000000000005,5.25,12.5,19.0,20.8,1,0.25,1,0.25,1,0.25,1,0.25,1,0.25,2,0.5
fd,forward,0.01,5,ic2,1,11,0.0,1.0,3.0,4.0,4.0,2,0.18181818181818182,4,0.36363636363636365,5,0.45454545454545453,7,0.6363636363636364,11,1.0,11,1.0
fd,forward,0.01,5,ic2,2,20,0.0,0.0,0.5,2.25,8.100000000000001,10,0.5,13,0.65,15,0.75,16,0.8,16,0.8,20,1.0
fd,forward,0.01,5,ic2,3,24,0.0,0.0,0.0,8.75,16.0,15,0.625,16,0.6666666666666666,17,0.7083333333333334,17,0.7083333333333334,17,0.7083333333333334,18,0.75
fd,forward,0.01,5,ic2,4,4,18.6,19.5,21.0,22.0,22.0,0,0.0,0,0.0,0,0.0,0,0.0,0,0.0,0,0.0
fd,forward,0.05,1,ic1,1,11,0.0,1.0,3.0,4.0,4.0,3,0.2727272727272727,3,0.2727272727272727,4,0.36363636363636365,7,0.6363636363636364,11,1.0,11,1.0
fd,forward,0.05,1,ic1,2,20,0.0,0.0,0.0,7.0,7.0,11,0.55,12,0.6,12,0.6,13,0.65,14,0.7,20,1.0
fd,forward,0.05,1,ic1,3,24,0.0,0.0,0.5,13.25,16.0,12,0.5,14,0.5833333333333334,15,0.625,16,0.6666666666666666,16,0.6666666666666666,16,0.6666666666666666
fd,forward,0.05,1,ic1,4,4,6.4,14.5,19.0,20.25,22.5,0,0.0,1,0.25,1,0.25,1,0.25,1,0.25,1,0.25
fd,forward,0.05,1,ic1_ic2,1,11,0.0,1.5,3.0,4.0,4.0,2,0.18181818181818182,3,0.2727272727272727,4,0.36363636363636365,7,0.6363636363636364,11,1.0,11,1.0
fd,forward,0.05,1,ic1_ic2,2,20,0.0,0.0,0.0,4.25,8.0,11,0.55,12,0.6,12,0.6,13,0.65,16,0.8,20,1.0
fd,forward,0.05,1,ic1_ic2,3,24,0.0,0.0,0.0,4.0,16.0,15,0.625,17,0.7083333333333334,17,0.7083333333333334,17,0.7083333333333334,19,0.7916666666666666,19,0.7916666666666666
fd,forward,0.05,1,ic1_ic2,4,4,10.3,10.75,13.0,16.5,19.200000000000003,0,0.0,0,0.0,0,0.0,0,0.0,0,0.0,1,0.25
fd,forward,0.05,1,ic2,1,11,0.0,1.0,3.0,4.0,4.0,2,0.18181818181818182,5,0.45454545454545453,5,0.45454545454545453,7,0.6363636363636364,11,1.0,11,1.0
fd,forward,0.05,1,ic2,2,20,0.0,0.0,1.0,6.0,7.200000000000003,9,0.45,11,0.55,12,0.6,13,0.65,14,0.7,20,1.0
fd,forward,0.05,1,ic2,3,24,0.0,0.0,0.0,9.0,16.0,13,0.5416666666666666,14,0.5833333333333334,15,0.625,15,0.625,17,0.7083333333333334,20,0.8333333333333334
fd,forward,0.05,1,ic2,4,4,16.2,18.0,21.0,23.5,24.4,0,0.0,0,0.0,0,0.0,0,0.0,0,0.0,0,0.0
fd,forward,0.05,2,ic1,1,11,0.0,0.5,3.0,4.0,4.0,3,0.2727272727272727,4,0.36363636363636365,5,0.45454545454545453,7,0.6363636363636364,11,1.0,11,1.0
fd,forward,0.05,2,ic1,2,20,0.0,0.0,1.0,6.25,8.0,10,0.5,10,0.5,11,0.55,13,0.65,14,0.7,20,1.0
fd,forward,0.05,2,ic1,3,24,0.0,0.0,0.5,14.25,16.0,12,0.5,13,0.5416666666666666,14,0.5833333333333334,14,0.5833333333333334,15,0.625,16,0.6666666666666666
fd,forward,0.05,2,ic1,4,4,9.5,11.75,17.5,22.75,24.1,0,0.0,0,0.0,0,0.0,0,0.0,0,0.0,1,0.25
fd,forward,0.05,2,ic1_ic2,1,11,0.0,0.5,3.0,4.0,4.0,3,0.2727272727272727,5,0.45454545454545453,5,0.45454545454545453,7,0.6363636363636364,11,1.0,11,1.0
fd,forward,0.05,2,ic1_ic2,2,20,0.0,0.0,1.0,5.0,6.300000000000004,10,0.5,10,0.5,11,0.55,13,0.65,17,0.85,20,1.0
fd,forward,0.05,2,ic1_ic2,3,24,0.0,0.0,0.0,6.5,16.0,14,0.5833333333333334,15,0.625,15,0.625,17,0.7083333333333334,17,0.7083333333333334,19,0.7916666666666666
fd,forward,0.05,2,ic1_ic2,4,4,3.6000000000000005,9.0,17.0,22.25,22.7,1,0.25,1,0.25,1,0.25,1,0.25,1,0.25,1,0.25
fd,forward,0.05,2,ic2,1,11,0.0,1.5,3.0,4.0,4.0,2,0.18181818181818182,3,0.2727272727272727,5,0.45454545454545453,7,0.6363636363636364,11,1.0,11,1.0
fd,forward,0.05,2,ic2,2,20,0.0,0.0,1.0,4.5,7.0,8,0.4,11,0.55,13,0.65,14,0.7,15,0.75,20,1.0
fd,forward,0.05,2,ic2,3,24,0.0,0.0,0.0,5.75,16.0,13,0.5416666666666666,14,0.5833333333333334,16,0.6666666666666666,17,0.7083333333333334,18,0.75,18,0.75
fd,forward,0.05,2,ic2,4,4,14.2,16.0,17.5,19.5,22.200000000000003,0,0.0,0,0.0,0,0.0,0,0.0,0,0.0,0,0.0
fd,forward,0.05,3,ic1,1,11,0.0,1.0,3.0,4.0,4.0,2,0.18181818181818182,4,0.36363636363636365,5,0.45454545454545453,7,0.6363636363636364,11,1.0,11,1.0
fd,forward,0.05,3,ic1,2,20,0.0,0.0,0.0,6.25,8.0,11,0.55,12,0.6,13,0.65,13,0.65,13,0.65,20,1.0
fd,forward,0.05,3,ic1,3,24,0.0,0.0,1.0,10.5,16.0,11,0.4583333333333333,13,0.5416666666666666,14,0.5833333333333334,14,0.5833333333333334,16,0.6666666666666666,18,0.75
fd,forward,0.05,3,ic1,4,4,2.9000000000000004,4.25,10.5,17.25,19.5,0,0.0,0,0.0,1,0.25,1,0.25,2,0.5,2,0.5
fd,forward,0.05,3,ic1_ic2,1,11,0.0,1.5,3.0,4.0,4.0,2,0.18181818181818182,3,0.2727272727272727,4,0.36363636363636365,7,0.6363636363636364,11,1.0,11,1.0
fd,forward,0.05,3,ic1_ic2,2,20,0.0,0.0,0.0,1.25,4.500000000000007,12,0.6,15,0.75,16,0.8,17,0.85,18,0.9,20,1.0
fd,forward,0.05,3,ic1_ic2,3,24,0.0,0.0,0.0,4.25,16.0,14,0.5833333333333334,16,0.6666666666666666,17,0.7083333333333334,18,0.75,18,0.75,19,0.7916666666666666
fd,forward,0.05,3,ic1_ic2,4,4,0.0,0.0,3.0,7.5,10.200000000000001,2,0.5,2,0.5,2,0.5,2,0.5,2,0.5,3,0.75
fd,forward,0.05,3,ic2,1,11,0.0,2.5,3.0,4.0,4.0,2,0.18181818181818182,2,0.18181818181818182,3,0.2727272727272727,7,0.6363636363636364,11,1.0,11,1.0
fd,forward,0.05,3,ic2,2,20,0.0,0.0,2.0,3.5,8.100000000000001,6,0.3,8,0.4,12,0.6,15,0.75,17,0.85,20,1.0
fd,forward,0.05,3,ic2,3,24,0.0,0.0,0.0,5.25,16.0,14,0.5833333333333334,15,0.625,16,0.6666666666666666,17,0.7083333333333334,18,0.75,19,0.7916666666666666
fd,forward,0.05,3,ic2,4,4,15.3,15.75,16.0,17.75,20.900000000000002,0,0.0,0,0.0,0,0.0,0,0.0,0,0.0,0,0.0
fd,forward,0.05,4,ic1,1,11,0.0,1.0,3.0,4.0,4.0,3,0.2727272727272727,3,0.2727272727272727,5,0.45454545454545453,7,0.6363636363636364,11,1.0,11,1.0
fd,forward,0.05,4,ic1,2,20,0.0,0.0,1.0,4.75,8.0,9,0.45,11,0.55,12,0.6,14,0.7,15,0.75,20,1.0
fd,forward,0.05,4,ic1,3,24,0.0,0.0,2.0,11.5,16.0,11,0.4583333333333333,12,0.5,12,0.5,13,0.5416666666666666,14,0.5833333333333334,17,0.7083333333333334
fd,forward,0.05,4,ic1,4,4,15.3,15.75,17.5,20.0,21.8,0,0.0,0,0.0,0,0.0,0,0.0,0,0.0,0,0.0
fd,forward,0.05,4,ic1_ic2,1,11,0.0,0.5,3.0,4.0,4.0,3,0.2727272727272727,4,0.36363636363636365,5,0.45454545454545453,7,0.6363636363636364,11,1.0,11,1.0
fd,forward,0.05,4,ic1_ic2,2,20,0.0,0.0,0.0,6.0,9.0,11,0.55,12,0.6,12,0.6,13,0.65,14,0.7,20,1.0
fd,forward,0.05,4,ic1_ic2,3,24,0.0,0.0,0.5,7.0,16.0,12,0.5,15,0.625,15,0.625,16,0.6666666666666666,16,0.6666666666666666,19,0.7916666666666666
fd,forward,0.05,4,ic1_ic2,4,4,2.7,6.75,13.0,17.5,18.4,1,0.25,1,0.25,1,0.25,1,0.25,1,0.25,2,0.5
fd,forward,0.05,4,ic2,1,11,0.0,1.0,3.0,4.0,4.0,2,0.18181818181818182,4,0.36363636363636365,5,0.45454545454545453,7,0.6363636363636364,11,1.0,11,1.0
fd,forward,0.05,4,ic2,2,20,0.0,0.0,1.0,3.5,7.200000000000003,8,0.4,11,0.55,12,0.6,15,0.75,17,0.85,20,1.0
fd,forward,0.05,4,ic2,3,24,0.0,0.0,0.5,9.0,16.0,12,0.5,15,0.625,15,0.625,16,0.6666666666666666,16,0.6666666666666666,19,0.7916666666666666
fd,forward,0.05,4,ic2,4,4,12.3,12.75,15.5,18.25,18.7,0,0.0,0,0.0,0,0.0,0,0.0,0,0.0,0,0.0
fd,forward,0.05,5,ic1,1,11,0.0,1.0,2.0,4.0,4.0,3,0.2727272727272727,3,0.2727272727272727,6,0.5454545454545454,7,0.6363636363636364,11,1.0,11,1.0
fd,forward,0.05,5,ic1,2,20,0.0,0.0,0.0,3.25,5.300000000000004,12,0.6,12,0.6,12,0.6,15,0.75,18,0.9,20,1.0
fd,forward,0.05,5,ic1,3,24,0.0,0.0,2.0,10.25,16.0,11,0.4583333333333333,12,0.5,12,0.5,14,0.5833333333333334,14,0.5833333333333334,18,0.75
fd,forward,0.05,5,ic1,4,4,8.9,14.75,19.5,21.5,22.4,0,0.0,0,0.0,0,0.0,0,0.0,1,0.25,1,0.25
fd,forward,0.05,5,ic1_ic2,1,11,0.0,0.5,3.0,4.0,4.0,3,0.2727272727272727,5,0.45454545454545453,5,0.45454545454545453,7,0.6363636363636364,11,1.0,11,1.0
fd,forward,0.05,5,ic1_ic2,2,20,0.0,0.0,0.0,4.0,7.200000000000003,11,0.55,12,0.6,13,0.65,14,0.7,17,0.85,20,1.0
fd,forward,0.05,5,ic1_ic2,3,24,0.0,0.0,0.0,6.0,16.0,13,0.5416666666666666,15,0.625,15,0.625,16,0.6666666666666666,17,0.7083333333333334,19,0.7916666666666666
fd,forward,0.05,5,ic1_ic2,4,4,10.8,13.5,18.5,22.75,24.1,0,0.0,0,0.0,0,0.0,0,0.0,0,0.0,1,0.25
fd,forward,0.05,5,ic2,1,11,1.0,2.0,3.0,4.0,4.0,1,0.09090909090909091,3,0.2727272727272727,3,0.2727272727272727,6,0.5454545454545454,11,1.0,11,1.0
fd,forward,0.05,5,ic2,2,20,0.0,0.0,2.0,5.5,7.100000000000001,7,0.35,9,0.45,11,0.55,14,0.7,15,0.75,20,1.0
fd,forward,0.05,5,ic2,3,24,0.0,0.0,0.0,7.75,16.0,13,0.5416666666666666,15,0.625,16,0.6666666666666666,17,0.7083333333333334,17,0.7083333333333334,19,0.7916666666666666
fd,forward,0.05,5,ic2,4,4,4.2,6.0,9.0,12.5,15.200000000000001,0,0.0,0,0.0,0,0.0,1,0.25,1,0.25,2,0.5
fd,marginal,0.0,0,ic1,1,11,0.0,0.5,2.0,4.0,4.0,3,0.2727272727272727,5,0.45454545454545453,6,0.5454545454545454,7,0.6363636363636364,11,1.0,11,1.0
fd,marginal,0.0,0,ic1,2,20,0.0,0.0,1.5,6.25,9.0,10,0.5,10,0.5,10,0.5,11,0.55,13,0.65,20,1.0
fd,marginal,0.0,0,ic1,3,24,5.6000000000000005,11.75,13.0,15.0,16.0,0,0.0,1,0.041666666666666664,2,0.08333333333333333,2,0.08333333333333333,3,0.125,4,0.16666666666666666
fd,marginal,0.0,0,ic1,4,4,0.0,0.0,9.5,19.5,20.4,2,0.5,2,0.5,2,0.5,2,0.5,2,0.5,2,0.5
fd,marginal,0.0,0,ic1_ic2,1,11,0.0,0.5,2.0,4.0,4.0,3,0.2727272727272727,5,0.45454545454545453,6,0.5454545454545454,7,0.6363636363636364,11,1.0,11,1.0
fd,marginal,0.0,0,ic1_ic2,2,20,0.0,0.0,1.5,6.25,9.0,10,0.5,10,0.5,10,0.5,11,0.55,12,0.6,20,1.0
fd,marginal,0.0,0,ic1_ic2,3,24,3.200000000000001,9.0,11.5,15.0,16.0,0,0.0,1,0.041666666666666664,3,0.125,3,0.125,3,0.125,11,0.4583333333333333
fd,marginal,0.0,0,ic1_ic2,4,4,0.0,0.0,6.0,14.75,19.700000000000003,2,0.5,2,0.5,2,0.5,2,0.5,2,0.5,2,0.5
fd,marginal,0.0,0,ic2,1,11,0.0,1.0,1.0,4.0,4.0,2,0.18181818181818182,6,0.5454545454545454,6,0.5454545454545454,7,0.6363636363636364,11,1.0,11,1.0
fd,marginal,0.0,0,ic2,2,20,0.0,0.0,2.0,5.25,7.100000000000001,10,0.5,10,0.5,10,0.5,10,0.5,15,0.75,20,1.0
fd,marginal,0.0,0,ic2,3,24,5.0,8.0,12.5,15.25,16.0,0,0.0,0,0.0,2,0.08333333333333333,2,0.08333333333333333,4,0.16666666666666666,8,0.3333333333333333
fd,marginal,0.0,0,ic2,4,4,0.0,0.0,7.0,16.0,19.6,2,0.5,2,0.5,2,0.5,2,0.5,2,0.5,2,0.5
fd,marginal,0.01,1,ic1,1,11,0.0,0.5,2.0,4.0,4.0,3,0.2727272727272727,5,0.45454545454545453,6,0.5454545454545454,7,0.6363636363636364,11,1.0,11,1.0
fd,marginal,0.01,1,ic1,2,20,0.0,0.0,2.0,6.25,9.0,9,0.45,10,0.5,10,0.5,11,0.55,14,0.7,20,1.0
fd,marginal,0.01,1,ic1,3,24,5.9,11.75,12.5,15.25,16.0,0,0.0,1,0.041666666666666664,2,0.08333333333333333,2,0.08333333333333333,3,0.125,4,0.16666666666666666
fd,marginal,0.01,1,ic1,4,4,0.9000000000000001,2.25,11.0,19.5,20.4,1,0.25,1,0.25,1,0.25,2,0.5,2,0.5,2,0.5
fd,marginal,0.01,1,ic1_ic2,1,11,0.0,0.5,2.0,4.0,4.0,3,0.2727272727272727,5,0.45454545454545453,6,0.5454545454545454,7,0.6363636363636364,11,1.0,11,1.0
fd,marginal,0.01,1,ic1_ic2,2,20,0.0,0.0,1.5,6.0,9.0,10,0.5,10,0.5,10,0.5,11,0.55,13,0.65,20,1.0
fd,marginal,0.01,1,ic1_ic2,3,24,3.200000000000001,8.75,12.0,14.25,16.0,0,0.0,0,0.0,3,0.125,3,0.125,3,0.125,11,0.4583333333333333
fd,marginal,0.01,1,ic1_ic2,4,4,0.0,0.0,6.0,14.75,19.700000000000003,2,0.5,2,0.5,2,0.5,2,0.5,2,0.5,2,0.5
fd,marginal,0.01,1,ic2,1,11,0.0,1.0,1.0,4.0,4.0,2,0.18181818181818182,6,0.5454545454545454,6,0.5454545454545454,7,0.6363636363636364,11,1.0,11,1.0
fd,marginal,0.01,1,ic2,2,20,0.0,0.0,2.5,6.0,7.100000000000001,9,0.45,10,0.5,10,0.5,10,0.5,14,0.7,20,1.0
fd,marginal,0.01,1,ic2,3,24,5.0,7.75,12.5,16.0,16.0,0,0.0,0,0.0,2,0.08333333333333333,2,0.08333333333333333,4,0.16666666666666666,9,0.375
fd,marginal,0.01,1,ic2,4,4,0.0,0.0,7.0,16.0,19.6,2,0.5,2,0.5,2,0.5,2,0.5,2,0.5,2,0.5
fd,marginal,0.01,2,ic1,1,11,0.0,0.5,2.0,4.0,4.0,3,0.2727272727272727,5,0.45454545454545453,6,0.5454545454545454,7,0.6363636363636364,11,1.0,11,1.0
fd,marginal,0.01,2,ic1,2,20,0.0,0.0,2.0,6.25,9.0,9,0.45,10,0.5,10,0.5,11,0.55,13,0.65,20,1.0
fd,marginal,0.01,2,ic1,3,24,5.9,12.0,13.0,15.0,16.0,0,0.0,1,0.041666666666666664,2,0.08333333333333333,2,0.08333333333333333,3,0.125,5,0.20833333333333334
fd,marginal,0.01,2,ic1,4,4,0.30000000000000004,0.75,10.0,19.5,20.4,1,0.25,2,0.5,2,0.5,2,0.5,2,0.5,2,0.5
fd,marginal,0.01,2,ic1_ic2,1,11,0.0,0.5,2.0,4.0,4.0,3,0.2727272727272727,5,0.45454545454545453,6,0.5454545454545454,7,0.6363636363636364,11,1.0,11,1.0
fd,marginal,0.01,2,ic1_ic2,2,20,0.0,0.0,2.0,6.5,9.0,8,0.4,10,0.5,10,0.5,11,0.55,12,0.6,20,1.0
fd,marginal,0.01,2,ic1_ic2,3,24,6.0,8.75,12.0,14.25,16.0,0,0.0,0,0.0,2,0.08333333333333333,2,0.08333333333333333,2,0.08333333333333333,8,0.3333333333333333
fd,marginal,0.01,2,ic1_ic2,4,4,0.30000000000000004,0.75,6.5,14.75,19.700000000000003,1,0.25,2,0.5,2,0.5,2,0.5,2,0.5,2,0.5
fd,marginal,0.01,2,ic2,1,11,0.0,1.0,1.0,4.0,4.0,2,0.18181818181818182,6,0.5454545454545454,6,0.5454545454545454,7,0.6363636363636364,11,1.0,11,1.0
fd,marginal,0.01,2,ic2,2,20,0.0,0.0,3.0,5.25,7.100000000000001,8,0.4,9,0.45,10,0.5,10,0.5,15,0.75,20,1.0
fd,marginal,0.01,2,ic2,3,24,5.0,7.75,12.0,15.25,16.0,0,0.0,0,0.0,2,0.08333333333333333,2,0.08333333333333333,4,0.16666666666666666,8,0.3333333333333333
fd,marginal,0.01,2,ic2,4,4,0.0,0.0,7.0,16.0,19.6,2,0.5,2,0.5,2,0.5,2,0.5,2,0.5,2,0.5
fd,marginal,0.01,3,ic1,1,11,0.0,0.5,2.0,4.0,4.0,3,0.2727272727272727,5,0.45454545454545453,6,0.5454545454545454,7,0.6363636363636364,11,1.0,11,1.0
fd,marginal,0.01,3,ic1,2,20,0.0,0.0,2.0,6.25,9.0,9,0.45,10,0.5,10,0.5,11,0.55,13,0.65,20,1.0
fd,marginal,0.01,3,ic1,3,24,5.6000000000000005,11.75,13.0,15.25,16.0,0,0.0,1,0.041666666666666664,2,0.08333333333333333,2,0.08333333333333333,3,0.125,5,0.20833333333333334
fd,marginal,0.01,3,ic1,4,4,0.30000000000000004,0.75,10.0,19.5,20.4,1,0.25,2,0.5,2,0.5,2,0.5,2,0.5,2,0.5
fd,marginal,0.01,3,ic1_ic2,1,11,0.0,0.5,2.0,4.0,4.0,3,0.2727272727272727,5,0.45454545454545453,6,0.5454545454545454,7,0.6363636363636364,11,1.0,11,1.0
fd,marginal,0.01,3,ic1_ic2,2,20,0.0,0.0,2.0,6.5,9.0,8,0.4,10,0.5,10,0.5,11,0.55,12,0.6,20,1.0
fd,marginal,0.01,3,ic1_ic2,3,24,5.300000000000001,8.75,12.0,14.25,16.0,0,0.0,0,0.0,2,0.08333333333333333,2,0.08333333333333333,3,0.125,9,0.375
fd,marginal,0.01,3,ic1_ic2,4,4,0.30000000000000004,0.75,6.5,14.75,19.700000000000003,1,0.25,2,0.5,2,0.5,2,0.5,2,0.5,2,0.5
fd,marginal,0.01,3,ic2,1,11,0.0,1.0,1.0,4.0,4.0,2,0.18181818181818182,6,0.5454545454545454,6,0.5454545454545454,7,0.6363636363636364,11,1.0,11,1.0
fd,marginal,0.01,3,ic2,2,20,0.0,0.0,2.5,6.0,7.100000000000001,7,0.35,10,0.5,10,0.5,10,0.5,14,0.7,20,1.0
fd,marginal,0.01,3,ic2,3,24,4.300000000000001,8.0,12.5,15.25,16.0,0,0.0,0,0.0,2,0.08333333333333333,2,0.08333333333333333,4,0.16666666666666666,8,0.3333333333333333
fd,marginal,0.01,3,ic2,4,4,1.5000000000000002,3.75,9.5,16.0,19.6,1,0.25,1,0.25,1,0.25,1,0.25,2,0.5,2,0.5
fd,marginal,0.01,4,ic1,1,11,0.0,0.5,2.0,4.0,4.0,3,0.2727272727272727,5,0.45454545454545453,6,0.5454545454545454,7,0.6363636363636364,11,1.0,11,1.0
fd,marginal,0.01,4,ic1,2,20,0.0,0.0,2.0,6.25,9.0,9,0.45,10,0.5,10,0.5,11,0.55,13,0.65,20,1.0
fd,marginal,0.01,4,ic1,3,24,5.9,12.0,13.0,15.25,16.0,0,0.0,1,0.041666666666666664,2,0.08333333333333333,2,0.08333333333333333,3,0.125,4,0.16666666666666666
fd,marginal,0.01,4,ic1,4,4,0.30000000000000004,0.75,10.0,19.5,20.4,1,0.25,2,0.5,2,0.5,2,0.5,2,0.5,2,0.5
fd,marginal,0.01,4,ic1_ic2,1,11,0.0,0.5,2.0,4.0,4.0,3,0.2727272727272727,5,0.45454545454545453,6,0.5454545454545454,7,0.6363636363636364,11,1.0,11,1.0
fd,marginal,0.01,4,ic1_ic2,2,20,0.0,0.0,1.5,6.5,9.0,10,0.5,10,0.5,10,0.5,11,0.55,13,0.65,20,1.0
fd,marginal,0.01,4,ic1_ic2,3,24,3.200000000000001,8.75,12.0,15.0,16.0,0,0.0,1,0.041666666666666664,3,0.125,3,0.125,3,0.125,9,0.375
fd,marginal,0.01,4,ic1_ic2,4,4,0.30000000000000004,0.75,6.5,14.75,19.700000000000003,1,0.25,2,0.5,2,0.5,2,0.5,2,0.5,2,0.5
fd,marginal,0.01,4,ic2,1,11,0.0,1.0,1.0,4.0,4.0,2,0.18181818181818182,6,0.5454545454545454,6,0.5454545454545454,7,0.6363636363636364,11,1.0,11,1.0
fd,marginal,0.01,4,ic2,2,20,0.0,0.0,2.5,6.0,8.0,9,0.45,10,0.5,10,0.5,10,0.5,14,0.7,20,1.0
fd,marginal,0.01,4,ic2,3,24,5.0,8.0,12.5,15.25,16.0,0,0.0,0,0.0,1,0.041666666666666664,2,0.08333333333333333,4,0.16666666666666666,9,0.375
fd,marginal,0.01,4,ic2,4,4,2.6,3.5,9.0,16.0,19.6,0,0.0,0,0.0,1,0.25,1,0.25,2,0.5,2,0.5
fd,marginal,0.01,5,ic1,1,11,0.0,0.5,2.0,4.0,4.0,3,0.2727272727272727,5,0.45454545454545453,6,0.5454545454545454,7,0.6363636363636364,11,1.0,11,1.0
fd,marginal,0.01,5,ic1,2,20,0.0,0.0,1.5,6.25,9.0,10,0.5,10,0.5,10,0.5,11,0.55,14,0.7,20,1.0
fd,marginal,0.01,5,ic1,3,24,5.6000000000000005,12.0,13.0,15.0,16.0,0,0.0,1,0.041666666666666664,2,0.08333333333333333,2,0.08333333333333333,3,0.125,4,0.16666666666666666
fd,marginal,0.01,5,ic1,4,4,0.0,0.0,9.5,19.5,20.4,2,0.5,2,0.5,2,0.5,2,0.5,2,0.5,2,0.5
fd,marginal,0.01,5,ic1_ic2,1,11,0.0,0.5,2.0,4.0,4.0,3,0.2727272727272727,5,0.45454545454545453,6,0.5454545454545454,7,0.6363636363636364,11,1.0,11,1.0
fd,marginal,0.01,5,ic1_ic2,2,20,0.0,0.0,2.0,6.25,9.0,9,0.45,10,0.5,10,0.5,11,0.55,12,0.6,20,1.0
fd,marginal,0.01,5,ic1_ic2,3,24,4.6000000000000005,8.75,11.5,15.0,16.0,0,0.0,0,0.0,2,0.08333333333333333,2,0.08333333333333333,3,0.125,10,0.4166666666666667
fd,marginal,0.01,5,ic1_ic2,4,4,0.30000000000000004,0.75,6.5,14.75,19.700000000000003,1,0.25,2,0.5,2,0.5,2,0.5,2,0.5,2,0.5
fd,marginal,0.01,5,ic2,1,11,0.0,1.0,1.0,4.0,4.0,2,0.18181818181818182,6,0.5454545454545454,6,0.5454545454545454,7,0.6363636363636364,11,1.0,11,1.0
fd,marginal,0.01,5,ic2,2,20,0.0,0.0,3.5,6.0,7.100000000000001,8,0.4,9,0.45,9,0.45,10,0.5,14,0.7,20,1.0
fd,marginal,0.01,5,ic2,3,24,5.0,8.75,12.5,15.25,16.0,0,0.0,0,0.0,2,0.08333333333333333,2,0.08333333333333333,4,0.16666666666666666,8,0.3333333333333333
fd,marginal,0.01,5,ic2,4,4,1.3,1.75,8.0,16.0,19.6,0,0.0,1,0.25,2,0.5,2,0.5,2,0.5,2,0.5
fd,marginal,0.05,1,ic1,1,11,0.0,0.5,2.0,4.0,4.0,3,0.2727272727272727,5,0.45454545454545453,6,0.5454545454545454,7,0.6363636363636364,11,1.0,11,1.0
fd,marginal,0.05,1,ic1,2,20,0.0,0.0,2.0,6.5,9.0,7,0.35,10,0.5,10,0.5,11,0.55,14,0.7,20,1.0
fd,marginal,0.05,1,ic1,3,24,4.9,11.5,13.0,16.0,16.0,0,0.0,1,0.041666666666666664,2,0.08333333333333333,2,0.08333333333333333,3,0.125,6,0.25
fd,marginal,0.05,1,ic1,4,4,14.8,17.5,19.0,19.5,20.4,0,0.0,0,0.0,0,0.0,0,0.0,0,0.0,0,0.0
fd,marginal,0.05,1,ic1_ic2,1,11,0.0,0.5,2.0,4.0,4.0,3,0.2727272727272727,5,0.45454545454545453,6,0.5454545454545454,7,0.6363636363636364,11,1.0,11,1.0
fd,marginal,0.05,1,ic1_ic2,2,20,0.0,0.0,2.0,7.25,9.0,8,0.4,10,0.5,10,0.5,11,0.55,12,0.6,20,1.0
fd,marginal,0.05,1,ic1_ic2,3,24,5.300000000000001,9.0,12.0,15.0,16.0,0,0.0,0,0.0,2,0.08333333333333333,2,0.08333333333333333,3,0.125,10,0.4166666666666667
fd,marginal,0.05,1,ic1_ic2,4,4,3.0,3.0,7.5,14.75,19.700000000000003,0,0.0,0,0.0,0,0.0,2,0.5,2,0.5,2,0.5
fd,marginal,0.05,1,ic2,1,11,0.0,1.0,1.0,4.0,4.0,2,0.18181818181818182,6,0.5454545454545454,6,0.5454545454545454,7,0.6363636363636364,11,1.0,11,1.0
fd,marginal,0.05,1,ic2,2,20,0.0,0.0,2.5,5.0,7.100000000000001,9,0.45,10,0.5,10,0.5,10,0.5,16,0.8,20,1.0
fd,marginal,0.05,1,ic2,3,24,5.0,8.5,12.5,15.25,16.0,0,0.0,0,0.0,2,0.08333333333333333,2,0.08333333333333333,5,0.20833333333333334,8,0.3333333333333333
fd,marginal,0.05,1,ic2,4,4,3.3,3.75,9.0,15.75,18.900000000000002,0,0.0,0,0.0,0,0.0,1,0.25,2,0.5,2,0.5
fd,marginal,0.05,2,ic1,1,11,0.0,0.5,2.0,4.0,4.0,3,0.2727272727272727,5,0.45454545454545453,6,0.5454545454545454,7,0.6363636363636364,11,1.0,11,1.0
fd,marginal,0.05,2,ic1,2,20,0.0,0.0,2.0,6.25,8.100000000000001,8,0.4,10,0.5,10,0.5,11,0.55,13,0.65,20,1.0
fd,marginal,0.05,2,ic1,3,24,6.0,12.0,13.0,15.25,16.0,0,0.0,0,0.0,2,0.08333333333333333,2,0.08333333333333333,2,0.08333333333333333,4,0.16666666666666666
fd,marginal,0.05,2,ic1,4,4,3.3,3.75,11.5,19.5,20.4,0,0.0,0,0.0,0,0.0,1,0.25,2,0.5,2,0.5
fd,marginal,0.05,2,ic1_ic2,1,11,0.0,0.5,2.0,4.0,4.0,3,0.2727272727272727,5,0.45454545454545453,6,0.5454545454545454,7,0.6363636363636364,11,1.0,11,1.0
fd,marginal,0.05,2,ic1_ic2,2,20,0.0,0.0,2.5,6.5,9.0,7,0.35,9,0.45,10,0.5,12,0.6,13,0.65,20,1.0
fd,marginal,0.05,2,ic1_ic2,3,24,6.300000000000001,8.75,12.5,15.25,16.0,0,0.0,0,0.0,2,0.08333333333333333,2,0.08333333333333333,2,0.08333333333333333,8,0.3333333333333333
fd,marginal,0.05,2,ic1_ic2,4,4,0.30000000000000004,0.75,6.0,13.5,18.0,1,0.25,2,0.5,2,0.5,2,0.5,2,0.5,2,0.5
fd,marginal,0.05,2,ic2,1,11,0.0,1.0,1.0,4.0,4.0,2,0.18181818181818182,6,0.5454545454545454,6,0.5454545454545454,7,0.6363636363636364,11,1.0,11,1.0
fd,marginal,0.05,2,ic2,2,20,0.0,0.0,3.5,5.25,7.100000000000001,7,0.35,9,0.45,9,0.45,10,0.5,15,0.75,20,1.0
fd,marginal,0.05,2,ic2,3,24,4.300000000000001,7.25,12.0,16.0,16.0,0,0.0,0,0.0,2,0.08333333333333333,2,0.08333333333333333,6,0.25,8,0.3333333333333333
fd,marginal,0.05,2,ic2,4,4,2.5,4.75,10.0,15.75,18.900000000000002,0,0.0,1,0.25,1,0.25,1,0.25,1,0.25,2,0.5
fd,marginal,0.05,3,ic1,1,11,0.0,0.5,2.0,4.0,4.0,3,0.2727272727272727,5,0.45454545454545453,6,0.5454545454545454,7,0.6363636363636364,11,1.0,11,1.0
fd,marginal,0.05,3,ic1,2,20,0.0,0.0,3.0,6.25,9.0,8,0.4,9,0.45,9,0.45,11,0.55,13,0.65,20,1.0
fd,marginal,0.05,3,ic1,3,24,7.200000000000001,11.75,13.0,16.0,16.0,0,0.0,1,0.041666666666666664,2,0.08333333333333333,2,0.08333333333333333,2,0.08333333333333333,4,0.16666666666666666
fd,marginal,0.05,3,ic1,4,4,1.0,1.0,10.0,19.5,20.4,0,0.0,2,0.5,2,0.5,2,0.5,2,0.5,2,0.5
fd,marginal,0.05,3,ic1_ic2,1,11,0.0,0.5,2.0,4.0,4.0,3,0.2727272727272727,5,0.45454545454545453,6,0.5454545454545454,7,0.6363636363636364,11,1.0,11,1.0
fd,marginal,0.05,3,ic1_ic2,2,20,0.0,0.0,2.5,8.0,9.0,8,0.4,9,0.45,10,0.5,11,0.55,12,0.6,20,1.0
fd,marginal,0.05,3,ic1_ic2,3,24,6.0,7.75,12.0,14.25,16.0,0,0.0,0,0.0,2,0.08333333333333333,2,0.08333333333333333,2,0.08333333333333333,8,0.3333333333333333
fd,marginal,0.05,3,ic1_ic2,4,4,0.0,0.0,6.0,14.75,19.700000000000003,2,0.5,2,0.5,2,0.5,2,0.5,2,0.5,2,0.5
fd,marginal,0.05,3,ic2,1,11,0.0,1.0,2.0,4.0,4.0,2,0.18181818181818182,5,0.45454545454545453,6,0.5454545454545454,7,0.6363636363636364,11,1.0,11,1.0
fd,marginal,0.05,3,ic2,2,20,0.0,0.75,4.0,6.0,7.100000000000001,5,0.25,9,0.45,9,0.45,9,0.45,14,0.7,20,1.0
fd,marginal,0.05,3,ic2,3,24,2.900000000000001,7.75,13.5,16.0,16.0,0,0.0,0,0.0,3,0.125,3,0.125,5,0.20833333333333334,8,0.3333333333333333
fd,marginal,0.05,3,ic2,4,4,6.9,8.25,12.0,16.75,19.900000000000002,0,0.0,0,0.0,0,0.0,0,0.0,0,0.0,2,0.5
fd,marginal,0.05,4,ic1,1,11,0.0,0.0,2.0,4.0,4.0,4,0.36363636363636365,5,0.45454545454545453,6,0.5454545454545454,7,0.6363636363636364,11,1.0,11,1.0
fd,marginal,0.05,4,ic1,2,20,0.0,0.0,2.0,6.25,9.0,6,0.3,10,0.5,10,0.5,11,0.55,14,0.7,20,1.0
fd,marginal,0.05,4,ic1,3,24,6.300000000000001,12.0,13.0,16.0,16.0,0,0.0,1,0.041666666666666664,2,0.08333333333333333,2,0.08333333333333333,2,0.08333333333333333,4,0.16666666666666666
fd,marginal,0.05,4,ic1,4,4,4.3,4.75,12.0,19.5,20.4,0,0.0,0,0.0,0,0.0,0,0.0,2,0.5,2,0.5
fd,marginal,0.05,4,ic1_ic2,1,11,0.0,0.5,2.0,4.0,4.0,3,0.2727272727272727,5,0.45454545454545453,6,0.5454545454545454,7,0.6363636363636364,11,1.0,11,1.0
fd,marginal,0.05,4,ic1_ic2,2,20,0.0,0.0,2.0,6.0,9.0,7,0.35,10,0.5,10,0.5,11,0.55,14,0.7,20,1.0
fd,marginal,0.05,4,ic1_ic2,3,24,6.0,8.5,12.5,15.0,16.0,0,0.0,0,0.0,1,0.041666666666666664,2,0.08333333333333333,2,0.08333333333333333,8,0.3333333333333333
fd,marginal,0.05,4,ic1_ic2,4,4,0.30000000000000004,0.75,6.5,14.75,19.700000000000003,1,0.25,2,0.5,2,0.5,2,0.5,2,0.5,2,0.5
fd,marginal,0.05,4,ic2,1,11,0.0,0.5,1.0,4.0,4.0,3,0.2727272727272727,6,0.5454545454545454,6,0.5454545454545454,7,0.6363636363636364,11,1.0,11,1.0
fd,marginal,0.05,4,ic2,2,20,0.0,0.0,2.5,6.5,9.0,7,0.35,10,0.5,10,0.5,10,0.5,13,0.65,20,1.0
fd,marginal,0.05,4,ic2,3,24,5.6000000000000005,9.0,12.0,15.0,16.0,0,0.0,0,0.0,1,0.041666666666666664,2,0.08333333333333333,3,0.125,8,0.3333333333333333
fd,marginal,0.05,4,ic2,4,4,8.4,12.0,14.5,16.75,19.900000000000002,0,0.0,0,0.0,0,0.0,0,0.0,0,0.0,1,0.25
fd,marginal,0.05,5,ic1,1,11,0.0,0.5,2.0,4.0,4.0,3,0.2727272727272727,5,0.45454545454545453,6,0.5454545454545454,7,0.6363636363636364,11,1.0,11,1.0
fd,marginal,0.05,5,ic1,2,20,0.0,0.0,2.0,6.25,9.0,8,0.4,10,0.5,10,0.5,11,0.55,13,0.65,20,1.0
fd,marginal,0.05,5,ic1,3,24,4.6000000000000005,12.0,13.0,15.0,16.0,0,0.0,1,0.041666666666666664,2,0.08333333333333333,2,0.08333333333333333,3,0.125,4,0.16666666666666666
fd,marginal,0.05,5,ic1,4,4,9.200000000000001,15.5,19.5,20.25,20.7,0,0.0,0,0.0,0,0.0,0,0.0,1,0.25,1,0.25
fd,marginal,0.05,5,ic1_ic2,1,11,0.0,0.5,2.0,4.0,4.0,3,0.2727272727272727,5,0.45454545454545453,6,0.5454545454545454,7,0.6363636363636364,11,1.0,11,1.0
fd,marginal,0.05,5,ic1_ic2,2,20,0.0,0.0,2.0,6.5,8.100000000000001,7,0.35,10,0.5,10,0.5,11,0.55,14,0.7,20,1.0
fd,marginal,0.05,5,ic1_ic2,3,24,4.300000000000001,8.75,12.0,15.0,16.0,0,0.0,0,0.0,2,0.08333333333333333,2,0.08333333333333333,4,0.16666666666666666,8,0.3333333333333333
fd,marginal,0.05,5,ic1_ic2,4,4,4.0,8.5,11.5,14.75,19.700000000000003,0,0.0,1,0.25,1,0.25,1,0.25,1,0.25,1,0.25
fd,marginal,0.05,5,ic2,1,11,1.0,1.0,2.0,4.0,4.0,1,0.09090909090909091,5,0.45454545454545453,6,0.5454545454545454,7,0.6363636363636364,11,1.0,11,1.0
fd,marginal,0.05,5,ic2,2,20,0.0,0.75,3.5,6.0,9.0,5,0.25,9,0.45,9,0.45,10,0.5,13,0.65,20,1.0
fd,marginal,0.05,5,ic2,3,24,5.6000000000000005,9.0,12.5,15.25,16.0,0,0.0,0,0.0,1,0.041666666666666664,2,0.08333333333333333,3,0.125,9,0.375
fd,marginal,0.05,5,ic2,4,4,4.6000000000000005,10.0,13.5,16.0,19.6,0,0.0,1,0.25,1,0.25,1,0.25,1,0.25,1,0.25
weak,forward,0.0,0,ic1,1,11,0.0,0.0,0.0,1.5,2.0,6,0.5454545454545454,8,0.7272727272727273,10,0.9090909090909091,10,0.9090909090909091,11,1.0,11,1.0
weak,forward,0.0,0,ic1,2,20,0.0,0.0,0.0,1.0,1.2000000000000028,14,0.7,18,0.9,18,0.9,19,0.95,20,1.0,20,1.0
weak,forward,0.0,0,ic1,3,24,0.0,0.0,0.0,3.5,8.399999999999999,13,0.5416666666666666,15,0.625,17,0.7083333333333334,18,0.75,19,0.7916666666666666,22,0.9166666666666666
weak,forward,0.0,0,ic1,4,4,0.0,0.0,1.0,4.0,7.600000000000001,2,0.5,2,0.5,3,0.75,3,0.75,3,0.75,4,1.0
weak,forward,0.0,0,ic1_ic2,1,11,0.0,0.0,0.0,1.5,2.0,6,0.5454545454545454,8,0.7272727272727273,11,1.0,11,1.0,11,1.0,11,1.0
weak,forward,0.0,0,ic1_ic2,2,20,0.0,0.0,0.0,1.0,1.2000000000000028,14,0.7,18,0.9,18,0.9,19,0.95,20,1.0,20,1.0
weak,forward,0.0,0,ic1_ic2,3,24,0.0,0.0,0.5,2.75,8.399999999999999,12,0.5,13,0.5416666666666666,18,0.75,18,0.75,20,0.8333333333333334,22,0.9166666666666666
weak,forward,0.0,0,ic1_ic2,4,4,0.0,0.0,1.0,4.0,7.600000000000001,2,0.5,2,0.5,3,0.75,3,0.75,3,0.75,4,1.0
weak,forward,0.0,0,ic2,1,11,0.0,1.0,2.0,2.0,3.0,2,0.18181818181818182,5,0.45454545454545453,9,0.8181818181818182,10,0.9090909090909091,11,1.0,11,1.0
weak,forward,0.0,0,ic2,2,20,0.0,0.0,0.0,1.25,2.1000000000000014,12,0.6,15,0.75,18,0.9,19,0.95,19,0.95,20,1.0
weak,forward,0.0,0,ic2,3,24,0.0,0.0,0.5,3.0,7.399999999999999,12,0.5,13,0.5416666666666666,17,0.7083333333333334,20,0.8333333333333334,20,0.8333333333333334,24,1.0
weak,forward,0.0,0,ic2,4,4,0.0,0.0,5.0,10.75,12.100000000000001,2,0.5,2,0.5,2,0.5,2,0.5,2,0.5,3,0.75
weak,forward,0.01,1,ic1,1,11,0.0,0.0,0.0,1.5,2.0,6,0.5454545454545454,8,0.7272727272727273,10,0.9090909090909091,10,0.9090909090909091,11,1.0,11,1.0
weak,forward,0.01,1,ic1,2,20,0.0,0.0,0.0,1.0,3.200000000000003,14,0.7,17,0.85,17,0.85,18,0.9,19,0.95,20,1.0
weak,forward,0.01,1,ic1,3,24,0.0,0.0,0.0,4.0,14.399999999999999,13,0.5416666666666666,15,0.625,17,0.7083333333333334,18,0.75,18,0.75,20,0.8333333333333334
weak,forward,0.01,1,ic1,4,4,0.0,0.0,5.0,13.25,19.1,2,0.5,2,0.5,2,0.5,2,0.5,2,0.5,3,0.75
weak,forward,0.01,1,ic1_ic2,1,11,0.0,0.0,0.0,1.5,2.0,6,0.5454545454545454,8,0.7272727272727273,11,1.0,11,1.0,11,1.0,11,1.0
weak,forward,0.01,1,ic1_ic2,2,20,0.0,0.0,0.0,1.0,3.200000000000003,14,0.7,17,0.85,17,0.85,18,0.9,19,0.95,20,1.0
weak,forward,0.01,1,ic1_ic2,3,24,0.0,0.0,0.5,2.75,8.7,12,0.5,13,0.5416666666666666,18,0.75,18,0.75,19,0.7916666666666666,22,0.9166666666666666
weak,forward,0.01,1,ic1_ic2,4,4,0.0,0.0,8.0,17.25,19.5,2,0.5,2,0.5,2,0.5,2,0.5,2,0.5,2,0.5
weak,forward,0.01,1,ic2,1,11,0.0,1.0,2.0,4.0,4.0,2,0.18181818181818182,4,0.36363636363636365,7,0.6363636363636364,7,0.6363636363636364,11,1.0,11,1.0
weak,forward,0.01,1,ic2,2,20,0.0,0.0,0.5,2.0,4.100000000000001,10,0.5,13,0.65,16,0.8,17,0.85,19,0.95,20,1.0
weak,forward,0.01,1,ic2,3,24,0.0,0.0,0.5,3.0,13.399999999999999,12,0.5,13,0.5416666666666666,16,0.6666666666666666,19,0.7916666666666666,19,0.7916666666666666,20,0.8333333333333334
weak,forward,0.01,1,ic2,4,4,0.0,0.0,10.5,22.0,23.8,2,0.5,2,0.5,2,0.5,2,0.5,2,0.5,2,0.5
weak,forward,0.01,2,ic1,1,11,0.0,0.0,0.0,1.5,3.0,6,0.5454545454545454,8,0.7272727272727273,9,0.8181818181818182,10,0.9090909090909091,11,1.0,11,1.0
weak,forward,0.01,2,ic1,2,20,0.0,0.0,0.0,1.0,3.200000000000003,14,0.7,17,0.85,17,0.85,18,0.9,20,1.0,20,1.0
weak,forward,0.01,2,ic1,3,24,0.0,0.0,0.0,4.0,12.099999999999998,13,0.5416666666666666,15,0.625,17,0.7083333333333334,18,0.75,18,0.75,21,0.875
weak,forward,0.01,2,ic1,4,4,0.0,0.0,11.0,22.0,22.0,2,0.5,2,0.5,2,0.5,2,0.5,2,0.5,2,0.5
weak,forward,0.01,2,ic1_ic2,1,11,0.0,0.0,0.0,1.5,2.0,6,0.5454545454545454,8,0.7272727272727273,10,0.9090909090909091,10,0.9090909090909091,11,1.0,11,1.0
weak,forward,0.01,2,ic1_ic2,2,20,0.0,0.0,0.0,1.0,3.200000000000003,14,0.7,17,0.85,17,0.85,18,0.9,19,0.95,20,1.0
weak,forward,0.01,2,ic1_ic2,3,24,0.0,0.0,0.5,2.75,8.399999999999999,12,0.5,13,0.5416666666666666,18,0.75,18,0.75,19,0.7916666666666666,23,0.9583333333333334
weak,forward,0.01,2,ic1_ic2,4,4,0.0,0.0,5.0,11.25,13.5,2,0.5,2,0.5,2,0.5,2,0.5,2,0.5,3,0.75
weak,forward,0.01,2,ic2,1,11,0.0,1.0,2.0,3.0,4.0,2,0.18181818181818182,4,0.36363636363636365,6,0.5454545454545454,9,0.8181818181818182,11,1.0,11,1.0
weak,forward,0.01,2,ic2,2,20,0.0,0.0,0.0,2.25,4.300000000000004,11,0.55,12,0.6,15,0.75,17,0.85,18,0.9,20,1.0
weak,forward,0.01,2,ic2,3,24,0.0,0.0,0.5,3.0,12.799999999999997,12,0.5,13,0.5416666666666666,17,0.7083333333333334,19,0.7916666666666666,19,0.7916666666666666,21,0.875
weak,forward,0.01,2,ic2,4,4,0.0,0.0,3.0,10.0,17.200000000000003,2,0.5,2,0.5,2,0.5,2,0.5,2,0.5,3,0.75
weak,forward,0.01,3,ic1,1,11,0.0,0.0,0.0,1.5,3.0,6,0.5454545454545454,8,0.7272727272727273,9,0.8181818181818182,10,0.9090909090909091,11,1.0,11,1.0
weak,forward,0.01,3,ic1,2,20,0.0,0.0,0.0,1.0,3.0,14,0.7,17,0.85,17,0.85,19,0.95,20,1.0,20,1.0
weak,forward,0.01,3,ic1,3,24,0.0,0.0,0.0,4.0,12.399999999999999,13,0.5416666666666666,15,0.625,17,0.7083333333333334,18,0.75,18,0.75,20,0.8333333333333334
weak,forward,0.01,3,ic1,4,4,4.500000000000001,11.25,17.5,20.75,22.1,1,0.25,1,0.25,1,0.25,1,0.25,1,0.25,1,0.25
weak,forward,0.01,3,ic1_ic2,1,11,0.0,0.0,0.0,1.5,2.0,6,0.5454545454545454,8,0.7272727272727273,10,0.9090909090909091,10,0.9090909090909091,11,1.0,11,1.0
weak,forward,0.01,3,ic1_ic2,2,20,0.0,0.0,0.0,1.0,3.200000000000003,14,0.7,17,0.85,17,0.85,18,0.9,20,1.0,20,1.0
weak,forward,0.01,3,ic1_ic2,3,24,0.0,0.0,0.5,2.75,8.399999999999999,12,0.5,13,0.5416666666666666,18,0.75,18,0.75,20,0.8333333333333334,22,0.9166666666666666
weak,forward,0.01,3,ic1_ic2,4,4,0.0,0.0,5.5,13.5,18.0,2,0.5,2,0.5,2,0.5,2,0.5,2,0.5,2,0.5
weak,forward,0.01,3,ic2,1,11,0.0,1.0,2.0,3.0,3.0,2,0.18181818181818182,4,0.36363636363636365,7,0.6363636363636364,10,0.9090909090909091,11,1.0,11,1.0
weak,forward,0.01,3,ic2,2,20,0.0,0.0,1.5,2.25,8.100000000000001,9,0.45,10,0.5,15,0.75,16,0.8,17,0.85,20,1.0
weak,forward,0.01,3,ic2,3,24,0.0,0.0,0.5,4.25,15.099999999999998,12,0.5,13,0.5416666666666666,16,0.6666666666666666,18,0.75,18,0.75,19,0.7916666666666666
weak,forward,0.01,3,ic2,4,4,0.0,0.0,4.0,8.75,10.100000000000001,2,0.5,2,0.5,2,0.5,2,0.5,2,0.5,3,0.75
weak,forward,0.01,4,ic1,1,11,0.0,0.0,0.0,1.5,2.0,6,0.5454545454545454,8,0.7272727272727273,10,0.9090909090909091,11,1.0,11,1.0,11,1.0
weak,forward,0.01,4,ic1,2,20,0.0,0.0,0.0,1.0,3.200000000000003,14,0.7,16,0.8,17,0.85,18,0.9,19,0.95,20,1.0
weak,forward,0.01,4,ic1,3,24,0.0,0.0,0.5,6.25,11.7,12,0.5,14,0.5833333333333334,16,0.6666666666666666,17,0.7083333333333334,17,0.7083333333333334,20,0.8333333333333334
weak,forward,0.01,4,ic1,4,4,0.0,0.0,9.0,19.25,21.5,2,0.5,2,0.5,2,0.5,2,0.5,2,0.5,2,0.5
weak,forward,0.01,4,ic1_ic2,1,11,0.0,0.0,0.0,1.5,2.0,6,0.5454545454545454,8,0.7272727272727273,11,1.0,11,1.0,11,1.0,11,1.0
weak,forward,0.01,4,ic1_ic2,2,20,0.0,0.0,0.0,1.0,3.1000000000000014,14,0.7,17,0.85,17,0.85,18,0.9,20,1.0,20,1.0
weak,forward,0.01,4,ic1_ic2,3,24,0.0,0.0,0.0,2.75,8.399999999999999,13,0.5416666666666666,14,0.5833333333333334,18,0.75,18,0.75,20,0.8333333333333334,22,0.9166666666666666
weak,forward,0.01,4,ic1_ic2,4,4,0.0,0.0,1.5,6.5,12.800000000000002,2,0.5,2,0.5,2,0.5,3,0.75,3,0.75,3,0.75
weak,forward,0.01,4,ic2,1,11,0.0,1.0,2.0,3.0,4.0,2,0.18181818181818182,4,0.36363636363636365,6,0.5454545454545454,9,0.8181818181818182,11,1.0,11,1.0
weak,forward,0.01,4,ic2,2,20,0.0,0.0,0.0,2.0,2.1000000000000014,11,0.55,14,0.7,18,0.9,19,0.95,19,0.95,20,1.0
weak,forward,0.01,4,ic2,3,24,0.0,0.0,0.5,3.0,15.099999999999998,12,0.5,13,0.5416666666666666,17,0.7083333333333334,19,0.7916666666666666,19,0.7916666666666666,20,0.8333333333333334
weak,forward,0.01,4,ic2,4,4,0.0,0.0,10.5,21.5,22.4,2,0.5,2,0.5,2,0.5,2,0.5,2,0.5,2,0.5
weak,forward,0.01,5,ic1,1,11,0.0,0.0,0.0,1.5,4.0,6,0.5454545454545454,8,0.7272727272727273,9,0.8181818181818182,9,0.8181818181818182,11,1.0,11,1.0
weak,forward,0.01,5,ic1,2,20,0.0,0.0,0.0,1.0,1.2000000000000028,14,0.7,18,0.9,18,0.9,19,0.95,20,1.0,20,1.0
weak,forward,0.01,5,ic1,3,24,0.0,0.0,0.0,8.0,14.099999999999998,13,0.5416666666666666,14,0.5833333333333334,16,0.6666666666666666,17,0.7083333333333334,17,0.7083333333333334,18,0.75
weak,forward,0.01,5,ic1,4,4,0.0,0.0,1.0,6.75,15.300000000000004,2,0.5,2,0.5,3,0.75,3,0.75,3,0.75,3,0.75
weak,forward,0.01,5,ic1_ic2,1,11,0.0,0.0,0.0,1.5,2.0,6,0.5454545454545454,8,0.7272727272727273,10,0.9090909090909091,10,0.9090909090909091,11,1.0,11,1.0
weak,forward,0.01,5,ic1_ic2,2,20,0.0,0.0,0.0,1.0,3.200000000000003,14,0.7,17,0.85,17,0.85,18,0.9,19,0.95,20,1.0
weak,forward,0.01,5,ic1_ic2,3,24,0.0,0.0,0.5,2.75,7.699999999999999,12,0.5,13,0.5416666666666666,18,0.75,18,0.75,19,0.7916666666666666,23,0.9583333333333334
weak,forward,0.01,5,ic1_ic2,4,4,0.0,0.0,2.0,5.75,8.900000000000002,2,0.5,2,0.5,2,0.5,2,0.5,3,0.75,3,0.75
weak,forward,0.01,5,ic2,1,11,0.0,1.0,2.0,3.0,4.0,2,0.18181818181818182,4,0.36363636363636365,8,0.7272727272727273,8,0.7272727272727273,11,1.0,11,1.0
weak,forward,0.01,5,ic2,2,20,0.0,0.0,0.0,2.25,6.100000000000001,11,0.55,13,0.65,15,0.75,17,0.85,17,0.85,20,1.0
weak,forward,0.01,5,ic2,3,24,0.0,0.0,0.5,3.0,10.499999999999996,12,0.5,13,0.5416666666666666,17,0.7083333333333334,19,0.7916666666666666,19,0.7916666666666666,21,0.875
weak,forward,0.01,5,ic2,4,4,0.0,0.0,10.0,20.75,22.1,2,0.5,2,0.5,2,0.5,2,0.5,2,0.5,2,0.5
weak,forward,0.05,1,ic1,1,11,0.0,0.0,0.0,2.0,2.0,6,0.5454545454545454,7,0.6363636363636364,10,0.9090909090909091,10,0.9090909090909091,11,1.0,11,1.0
weak,forward,0.05,1,ic1,2,20,0.0,0.0,0.0,2.0,9.0,12,0.6,15,0.75,15,0.75,15,0.75,16,0.8,20,1.0
weak,forward,0.05,1,ic1,3,24,0.0,0.0,1.5,10.0,14.399999999999999,11,0.4583333333333333,12,0.5,14,0.5833333333333334,15,0.625,15,0.625,19,0.7916666666666666
weak,forward,0.05,1,ic1,4,4,0.0,0.0,9.5,19.5,20.4,2,0.5,2,0.5,2,0.5,2,0.5,2,0.5,2,0.5
weak,forward,0.05,1,ic1_ic2,1,11,0.0,0.0,0.0,2.0,2.0,6,0.5454545454545454,7,0.6363636363636364,11,1.0,11,1.0,11,1.0,11,1.0
weak,forward,0.05,1,ic1_ic2,2,20,0.0,0.0,0.0,1.0,8.100000000000001,14,0.7,17,0.85,17,0.85,17,0.85,17,0.85,20,1.0
weak,forward,0.05,1,ic1_ic2,3,24,0.0,0.0,1.5,5.25,9.0,11,0.4583333333333333,12,0.5,17,0.7083333333333334,17,0.7083333333333334,18,0.75,23,0.9583333333333334
weak,forward,0.05,1,ic1_ic2,4,4,0.0,0.0,7.0,14.5,15.4,2,0.5,2,0.5,2,0.5,2,0.5,2,0.5,2,0.5
weak,forward,0.05,1,ic2,1,11,0.0,1.0,2.0,2.5,4.0,2,0.18181818181818182,4,0.36363636363636365,8,0.7272727272727273,9,0.8181818181818182,11,1.0,11,1.0
weak,forward,0.05,1,ic2,2,20,0.0,0.0,0.5,2.0,3.200000000000003,10,0.5,12,0.6,16,0.8,18,0.9,19,0.95,20,1.0
weak,forward,0.05,1,ic2,3,24,0.0,0.0,1.0,3.25,9.399999999999999,12,0.5,12,0.5,16,0.6666666666666666,18,0.75,19,0.7916666666666666,22,0.9166666666666666
weak,forward,0.05,1,ic2,4,4,0.0,0.0,7.0,16.5,21.0,2,0.5,2,0.5,2,0.5,2,0.5,2,0.5,2,0.5
weak,forward,0.05,2,ic1,1,11,0.0,0.0,0.0,2.0,2.0,6,0.5454545454545454,7,0.6363636363636364,10,0.9090909090909091,10,0.9090909090909091,11,1.0,11,1.0
weak,forward,0.05,2,ic1,2,20,0.0,0.0,0.0,1.5,9.100000000000001,11,0.55,15,0.75,15,0.75,16,0.8,16,0.8,19,0.95
weak,forward,0.05,2,ic1,3,24,0.0,0.0,0.0,8.5,15.0,13,0.5416666666666666,14,0.5833333333333334,15,0.625,16,0.6666666666666666,17,0.7083333333333334,19,0.7916666666666666
weak,forward,0.05,2,ic1,4,4,0.0,0.0,3.5,8.75,11.900000000000002,2,0.5,2,0.5,2,0.5,2,0.5,2,0.5,3,0.75
weak,forward,0.05,2,ic1_ic2,1,11,0.0,0.0,0.0,1.5,2.0,6,0.5454545454545454,8,0.7272727272727273,10,0.9090909090909091,10,0.9090909090909091,11,1.0,11,1.0
weak,forward,0.05,2,ic1_ic2,2,20,0.0,0.0,0.0,1.0,5.400000000000006,12,0.6,16,0.8,17,0.85,17,0.85,18,0.9,20,1.0
weak,forward,0.05,2,ic1_ic2,3,24,0.0,0.0,0.5,4.25,9.099999999999998,12,0.5,13,0.5416666666666666,17,0.7083333333333334,17,0.7083333333333334,19,0.7916666666666666,22,0.9166666666666666
weak,forward,0.05,2,ic1_ic2,4,4,0.0,0.0,8.5,18.0,19.8,2,0.5,2,0.5,2,0.5,2,0.5,2,0.5,2,0.5
weak,forward,0.05,2,ic2,1,11,0.0,1.5,2.0,3.5,4.0,2,0.18181818181818182,3,0.2727272727272727,6,0.5454545454545454,8,0.7272727272727273,11,1.0,11,1.0
weak,forward,0.05,2,ic2,2,20,0.0,0.0,0.5,2.0,5.0,10,0.5,12,0.6,16,0.8,17,0.85,19,0.95,20,1.0
weak,forward,0.05,2,ic2,3,24,0.0,0.0,0.5,4.0,12.899999999999995,12,0.5,13,0.5416666666666666,16,0.6666666666666666,17,0.7083333333333334,19,0.7916666666666666,21,0.875
weak,forward,0.05,2,ic2,4,4,0.0,0.0,3.0,8.0,11.600000000000001,2,0.5,2,0.5,2,0.5,2,0.5,2,0.5,3,0.75
weak,forward,0.05,3,ic1,1,11,0.0,0.0,0.0,2.5,4.0,6,0.5454545454545454,7,0.6363636363636364,8,0.7272727272727273,9,0.8181818181818182,11,1.0,11,1.0
weak,forward,0.05,3,ic1,2,20,0.0,0.0,0.0,1.0,7.100000000000001,14,0.7,17,0.85,17,0.85,17,0.85,17,0.85,20,1.0
weak,forward,0.05,3,ic1,3,24,0.0,0.0,1.0,6.25,12.7,11,0.4583333333333333,13,0.5416666666666666,16,0.6666666666666666,17,0.7083333333333334,18,0.75,19,0.7916666666666666
weak,forward,0.05,3,ic1,4,4,2.7,6.75,14.5,20.25,20.7,1,0.25,1,0.25,1,0.25,1,0.25,1,0.25,2,0.5
weak,forward,0.05,3,ic1_ic2,1,11,0.0,0.0,0.0,2.0,2.0,6,0.5454545454545454,7,0.6363636363636364,10,0.9090909090909091,10,0.9090909090909091,11,1.0,11,1.0
weak,forward,0.05,3,ic1_ic2,2,20,0.0,0.0,0.0,1.0,5.100000000000001,14,0.7,17,0.85,17,0.85,17,0.85,18,0.9,20,1.0
weak,forward,0.05,3,ic1_ic2,3,24,0.0,0.0,0.5,2.75,10.499999999999996,12,0.5,13,0.5416666666666666,18,0.75,18,0.75,19,0.7916666666666666,21,0.875
weak,forward,0.05,3,ic1_ic2,4,4,0.0,0.0,9.0,19.25,21.5,2,0.5,2,0.5,2,0.5,2,0.5,2,0.5,2,0.5
weak,forward,0.05,3,ic2,1,11,0.0,2.0,3.0,3.5,4.0,2,0.18181818181818182,2,0.18181818181818182,4,0.36363636363636365,8,0.7272727272727273,11,1.0,11,1.0
weak,forward,0.05,3,ic2,2,20,0.0,0.0,2.0,3.25,6.100000000000001,8,0.4,8,0.4,13,0.65,15,0.75,17,0.85,20,1.0
weak,forward,0.05,3,ic2,3,24,0.0,0.0,0.5,4.75,8.7,12,0.5,13,0.5416666666666666,15,0.625,17,0.7083333333333334,18,0.75,22,0.9166666666666666
weak,forward,0.05,3,ic2,4,4,0.0,0.0,4.0,11.75,18.500000000000004,2,0.5,2,0.5,2,0.5,2,0.5,2,0.5,3,0.75
weak,forward,0.05,4,ic1,1,11,0.0,0.0,0.0,2.5,4.0,6,0.5454545454545454,6,0.5454545454545454,8,0.7272727272727273,9,0.8181818181818182,11,1.0,11,1.0
weak,forward,0.05,4,ic1,2,20,0.0,0.0,0.5,5.5,9.0,10,0.5,12,0.6,12,0.6,13,0.65,15,0.75,20,1.0
weak,forward,0.05,4,ic1,3,24,0.0,0.0,1.0,10.0,16.0,11,0.4583333333333333,13,0.5416666666666666,14,0.5833333333333334,15,0.625,16,0.6666666666666666,19,0.7916666666666666
weak,forward,0.05,4,ic1,4,4,0.0,0.0,8.0,16.5,17.4,2,0.5,2,0.5,2,0.5,2,0.5,2,0.5,2,0.5
weak,forward,0.05,4,ic1_ic2,1,11,0.0,0.0,0.0,1.5,2.0,6,0.5454545454545454,8,0.7272727272727273,11,1.0,11,1.0,11,1.0,11,1.0
weak,forward,0.05,4,ic1_ic2,2,20,0.0,0.0,0.0,2.0,7.100000000000001,11,0.55,14,0.7,16,0.8,17,0.85,17,0.85,19,0.95
weak,forward,0.05,4,ic1_ic2,3,24,0.0,0.0,0.5,5.0,11.199999999999996,12,0.5,14,0.5833333333333334,17,0.7083333333333334,17,0.7083333333333334,20,0.8333333333333334,21,0.875
weak,forward,0.05,4,ic1_ic2,4,4,0.0,0.0,0.5,5.5,13.600000000000003,2,0.5,3,0.75,3,0.75,3,0.75,3,0.75,3,0.75
weak,forward,0.05,4,ic2,1,11,0.0,1.5,2.0,3.0,3.0,2,0.18181818181818182,3,0.2727272727272727,7,0.6363636363636364,10,0.9090909090909091,11,1.0,11,1.0
weak,forward,0.05,4,ic2,2,20,0.0,0.0,1.0,2.0,8.100000000000001,9,0.45,13,0.65,16,0.8,16,0.8,16,0.8,20,1.0
weak,forward,0.05,4,ic2,3,24,0.0,0.0,1.5,5.75,8.0,11,0.4583333333333333,12,0.5,15,0.625,17,0.7083333333333334,18,0.75,22,0.9166666666666666
weak,forward,0.05,4,ic2,4,4,0.0,0.0,5.0,13.75,20.500000000000004,2,0.5,2,0.5,2,0.5,2,0.5,2,0.5,3,0.75
weak,forward,0.05,5,ic1,1,11,0.0,0.0,0.0,2.0,2.0,6,0.5454545454545454,7,0.6363636363636364,10,0.9090909090909091,10,0.9090909090909091,11,1.0,11,1.0
weak,forward,0.05,5,ic1,2,20,0.0,0.0,0.0,2.0,7.0,13,0.65,15,0.75,15,0.75,15,0.75,16,0.8,20,1.0
weak,forward,0.05,5,ic1,3,24,0.0,0.0,0.0,5.25,14.7,13,0.5416666666666666,13,0.5416666666666666,16,0.6666666666666666,18,0.75,18,0.75,18,0.75
weak,forward,0.05,5,ic1,4,4,0.0,0.0,5.0,13.5,19.800000000000004,2,0.5,2,0.5,2,0.5,2,0.5,2,0.5,3,0.75
weak,forward,0.05,5,ic1_ic2,1,11,0.0,0.0,0.0,2.0,2.0,6,0.5454545454545454,7,0.6363636363636364,11,1.0,11,1.0,11,1.0,11,1.0
weak,forward,0.05,5,ic1_ic2,2,20,0.0,0.0,0.0,1.0,7.200000000000003,13,0.65,16,0.8,16,0.8,16,0.8,17,0.85,20,1.0
weak,forward,0.05,5,ic1_ic2,3,24,0.0,0.0,0.5,2.75,10.0,12,0.5,14,0.5833333333333334,18,0.75,18,0.75,19,0.7916666666666666,22,0.9166666666666666
weak,forward,0.05,5,ic1_ic2,4,4,1.8000000000000003,4.5,9.0,13.0,14.8,1,0.25,1,0.25,1,0.25,1,0.25,1,0.25,2,0.5
weak,forward,0.05,5,ic2,1,11,0.0,1.5,2.0,3.5,4.0,2,0.18181818181818182,3,0.2727272727272727,7,0.6363636363636364,8,0.7272727272727273,11,1.0,11,1.0
weak,forward,0.05,5,ic2,2,20,0.0,0.0,0.5,2.0,9.0,10,0.5,13,0.65,16,0.8,16,0.8,16,0.8,20,1.0
weak,forward,0.05,5,ic2,3,24,0.0,0.0,1.5,8.0,13.0,11,0.4583333333333333,12,0.5,15,0.625,17,0.7083333333333334,17,0.7083333333333334,18,0.75
weak,forward,0.05,5,ic2,4,4,2.7,6.75,12.0,17.5,22.0,1,0.25,1,0.25,1,0.25,1,0.25,1,0.25,2,0.5
weak,marginal,0.0,0,ic1,1,11,0.0,0.0,2.0,3.0,3.0,4,0.36363636363636365,5,0.45454545454545453,7,0.6363636363636364,11,1.0,11,1.0,11,1.0
weak,marginal,0.0,0,ic1,2,20,0.0,0.0,0.5,7.0,9.100000000000001,10,0.5,11,0.55,11,0.55,12,0.6,13,0.65,20,1.0
weak,marginal,0.0,0,ic1,3,24,5.300000000000001,7.75,15.0,16.0,16.0,0,0.0,0,0.0,2,0.08333333333333333,2,0.08333333333333333,3,0.125,7,0.2916666666666667
weak,marginal,0.0,0,ic1,4,4,0.0,0.0,4.5,12.5,18.800000000000004,2,0.5,2,0.5,2,0.5,2,0.5,2,0.5,3,0.75
weak,marginal,0.0,0,ic1_ic2,1,11,0.0,0.0,2.0,3.5,4.0,4,0.36363636363636365,5,0.45454545454545453,7,0.6363636363636364,8,0.7272727272727273,11,1.0,11,1.0
weak,marginal,0.0,0,ic1_ic2,2,20,0.0,0.0,0.5,5.25,7.100000000000001,10,0.5,11,0.55,12,0.6,12,0.6,15,0.75,20,1.0
weak,marginal,0.0,0,ic1_ic2,3,24,7.300000000000001,12.0,15.0,16.0,16.0,0,0.0,0,0.0,2,0.08333333333333333,2,0.08333333333333333,2,0.08333333333333333,4,0.16666666666666666
weak,marginal,0.0,0,ic1_ic2,4,4,0.0,0.0,2.5,8.5,14.800000000000002,2,0.5,2,0.5,2,0.5,2,0.5,3,0.75,3,0.75
weak,marginal,0.0,0,ic2,1,11,0.0,1.0,2.0,3.0,3.0,3,0.2727272727272727,3,0.2727272727272727,6,0.5454545454545454,10,0.9090909090909091,11,1.0,11,1.0
weak,marginal,0.0,0,ic2,2,20,0.0,0.0,0.5,6.0,9.0,10,0.5,11,0.55,11,0.55,12,0.6,14,0.7,20,1.0
weak,marginal,0.0,0,ic2,3,24,7.0,11.5,14.0,16.0,16.0,0,0.0,0,0.0,2,0.08333333333333333,2,0.08333333333333333,2,0.08333333333333333,6,0.25
weak,marginal,0.0,0,ic2,4,4,0.0,0.0,3.0,9.5,15.800000000000002,2,0.5,2,0.5,2,0.5,2,0.5,2,0.5,3,0.75
weak,marginal,0.01,1,ic1,1,11,0.0,0.0,2.0,3.0,3.0,4,0.36363636363636365,5,0.45454545454545453,7,0.6363636363636364,11,1.0,11,1.0,11,1.0
weak,marginal,0.01,1,ic1,2,20,0.0,0.0,0.5,7.0,9.100000000000001,10,0.5,11,0.55,11,0.55,12,0.6,13,0.65,20,1.0
weak,marginal,0.01,1,ic1,3,24,5.300000000000001,7.75,14.5,16.0,16.0,0,0.0,0,0.0,2,0.08333333333333333,2,0.08333333333333333,3,0.125,7,0.2916666666666667
weak,marginal,0.01,1,ic1,4,4,0.0,0.0,4.5,12.5,18.800000000000004,2,0.5,2,0.5,2,0.5,2,0.5,2,0.5,3,0.75
weak,marginal,0.01,1,ic1_ic2,1,11,0.0,0.0,2.0,3.5,4.0,4,0.36363636363636365,5,0.45454545454545453,7,0.6363636363636364,8,0.7272727272727273,11,1.0,11,1.0
weak,marginal,0.01,1,ic1_ic2,2,20,0.0,0.0,0.5,5.25,7.100000000000001,10,0.5,11,0.55,12,0.6,12,0.6,15,0.75,20,1.0
weak,marginal,0.01,1,ic1_ic2,3,24,7.300000000000001,12.75,14.5,16.0,17.0,0,0.0,0,0.0,2,0.08333333333333333,2,0.08333333333333333,2,0.08333333333333333,4,0.16666666666666666
weak,marginal,0.01,1,ic1_ic2,4,4,0.0,0.0,2.5,8.5,14.800000000000002,2,0.5,2,0.5,2,0.5,2,0.5,3,0.75,3,0.75
weak,marginal,0.01,1,ic2,1,11,0.0,1.0,2.0,3.0,3.0,3,0.2727272727272727,3,0.2727272727272727,6,0.5454545454545454,10,0.9090909090909091,11,1.0,11,1.0
weak,marginal,0.01,1,ic2,2,20,0.0,0.0,1.0,5.25,9.0,9,0.45,11,0.55,11,0.55,12,0.6,15,0.75,20,1.0
weak,marginal,0.01,1,ic2,3,24,7.0,11.5,14.0,15.25,16.7,0,0.0,0,0.0,2,0.08333333333333333,2,0.08333333333333333,2,0.08333333333333333,6,0.25
weak,marginal,0.01,1,ic2,4,4,0.0,0.0,3.0,9.5,15.800000000000002,2,0.5,2,0.5,2,0.5,2,0.5,2,0.5,3,0.75
weak,marginal,0.01,2,ic1,1,11,0.0,0.0,2.0,2.5,3.0,4,0.36363636363636365,5,0.45454545454545453,8,0.7272727272727273,10,0.9090909090909091,11,1.0,11,1.0
weak,marginal,0.01,2,ic1,2,20,0.0,0.0,0.5,7.0,9.100000000000001,10,0.5,11,0.55,11,0.55,12,0.6,13,0.65,20,1.0
weak,marginal,0.01,2,ic1,3,24,5.300000000000001,7.75,14.0,16.0,16.0,0,0.0,0,0.0,2,0.08333333333333333,2,0.08333333333333333,3,0.125,7,0.2916666666666667
weak,marginal,0.01,2,ic1,4,4,0.0,0.0,4.5,12.5,18.800000000000004,2,0.5,2,0.5,2,0.5,2,0.5,2,0.5,3,0.75
weak,marginal,0.01,2,ic1_ic2,1,11,0.0,0.0,2.0,3.5,4.0,4,0.36363636363636365,5,0.45454545454545453,7,0.6363636363636364,8,0.7272727272727273,11,1.0,11,1.0
weak,marginal,0.01,2,ic1_ic2,2,20,0.0,0.0,0.5,5.25,7.100000000000001,10,0.5,11,0.55,12,0.6,12,0.6,15,0.75,20,1.0
weak,marginal,0.01,2,ic1_ic2,3,24,7.300000000000001,12.0,15.0,16.0,17.0,0,0.0,0,0.0,2,0.08333333333333333,2,0.08333333333333333,2,0.08333333333333333,4,0.16666666666666666
weak,marginal,0.01,2,ic1_ic2,4,4,0.0,0.0,2.5,8.5,14.800000000000002,2,0.5,2,0.5,2,0.5,2,0.5,3,0.75,3,0.75
weak,marginal,0.01,2,ic2,1,11,0.0,1.0,2.0,3.0,3.0,3,0.2727272727272727,3,0.2727272727272727,6,0.5454545454545454,10,0.9090909090909091,11,1.0,11,1.0
weak,marginal,0.01,2,ic2,2,20,0.0,0.0,0.5,6.0,9.0,10,0.5,11,0.55,11,0.55,12,0.6,13,0.65,20,1.0
weak,marginal,0.01,2,ic2,3,24,6.300000000000001,10.75,14.5,16.0,16.7,0,0.0,0,0.0,2,0.08333333333333333,2,0.08333333333333333,2,0.08333333333333333,6,0.25
weak,marginal,0.01,2,ic2,4,4,0.0,0.0,3.0,9.5,15.800000000000002,2,0.5,2,0.5,2,0.5,2,0.5,2,0.5,3,0.75
weak,marginal,0.01,3,ic1,1,11,0.0,0.0,2.0,3.0,3.0,4,0.36363636363636365,5,0.45454545454545453,7,0.6363636363636364,11,1.0,11,1.0,11,1.0
weak,marginal,0.01,3,ic1,2,20,0.0,0.0,0.5,7.0,9.100000000000001,10,0.5,11,0.55,11,0.55,12,0.6,13,0.65,20,1.0
weak,marginal,0.01,3,ic1,3,24,5.300000000000001,7.75,14.5,16.0,16.0,0,0.0,0,0.0,2,0.08333333333333333,2,0.08333333333333333,3,0.125,7,0.2916666666666667
weak,marginal,0.01,3,ic1,4,4,0.30000000000000004,0.75,5.0,12.5,18.800000000000004,1,0.25,2,0.5,2,0.5,2,0.5,2,0.5,3,0.75
weak,marginal,0.01,3,ic1_ic2,1,11,0.0,0.0,2.0,3.5,4.0,4,0.36363636363636365,5,0.45454545454545453,6,0.5454545454545454,8,0.7272727272727273,11,1.0,11,1.0
weak,marginal,0.01,3,ic1_ic2,2,20,0.0,0.0,0.5,5.25,7.100000000000001,10,0.5,11,0.55,12,0.6,12,0.6,15,0.75,20,1.0
weak,marginal,0.01,3,ic1_ic2,3,24,7.300000000000001,12.0,14.5,16.0,16.0,0,0.0,0,0.0,2,0.08333333333333333,2,0.08333333333333333,2,0.08333333333333333,4,0.16666666666666666
weak,marginal,0.01,3,ic1_ic2,4,4,0.0,0.0,2.5,8.5,14.800000000000002,2,0.5,2,0.5,2,0.5,2,0.5,3,0.75,3,0.75
weak,marginal,0.01,3,ic2,1,11,0.0,1.0,2.0,3.0,3.0,3,0.2727272727272727,3,0.2727272727272727,6,0.5454545454545454,10,0.9090909090909091,11,1.0,11,1.0
weak,marginal,0.01,3,ic2,2,20,0.0,0.0,1.0,6.0,9.0,8,0.4,11,0.55,11,0.55,12,0.6,14,0.7,20,1.0
weak,marginal,0.01,3,ic2,3,24,7.0,12.25,14.5,16.0,17.0,0,0.0,0,0.0,2,0.08333333333333333,2,0.08333333333333333,2,0.08333333333333333,6,0.25
weak,marginal,0.01,3,ic2,4,4,0.0,0.0,3.0,9.5,15.800000000000002,2,0.5,2,0.5,2,0.5,2,0.5,2,0.5,3,0.75
weak,marginal,0.01,4,ic1,1,11,0.0,0.0,2.0,3.0,3.0,4,0.36363636363636365,5,0.45454545454545453,7,0.6363636363636364,11,1.0,11,1.0,11,1.0
weak,marginal,0.01,4,ic1,2,20,0.0,0.0,0.5,7.0,9.100000000000001,10,0.5,11,0.55,11,0.55,12,0.6,13,0.65,20,1.0
weak,marginal,0.01,4,ic1,3,24,5.300000000000001,7.75,14.0,16.0,16.0,0,0.0,0,0.0,2,0.08333333333333333,2,0.08333333333333333,3,0.125,7,0.2916666666666667
weak,marginal,0.01,4,ic1,4,4,0.0,0.0,4.5,12.5,18.800000000000004,2,0.5,2,0.5,2,0.5,2,0.5,2,0.5,3,0.75
weak,marginal,0.01,4,ic1_ic2,1,11,0.0,0.0,2.0,3.5,4.0,4,0.36363636363636365,5,0.45454545454545453,7,0.6363636363636364,8,0.7272727272727273,11,1.0,11,1.0
weak,marginal,0.01,4,ic1_ic2,2,20,0.0,0.0,0.5,5.25,7.100000000000001,10,0.5,11,0.55,12,0.6,12,0.6,15,0.75,20,1.0
weak,marginal,0.01,4,ic1_ic2,3,24,7.300000000000001,12.0,15.0,16.0,17.0,0,0.0,0,0.0,2,0.08333333333333333,2,0.08333333333333333,2,0.08333333333333333,4,0.16666666666666666
weak,marginal,0.01,4,ic1_ic2,4,4,0.0,0.0,2.5,8.5,14.800000000000002,2,0.5,2,0.5,2,0.5,2,0.5,3,0.75,3,0.75
weak,marginal,0.01,4,ic2,1,11,0.0,1.0,2.0,3.0,3.0,3,0.2727272727272727,3,0.2727272727272727,6,0.5454545454545454,10,0.9090909090909091,11,1.0,11,1.0
weak,marginal,0.01,4,ic2,2,20,0.0,0.0,0.5,6.0,9.0,10,0.5,11,0.55,11,0.55,12,0.6,14,0.7,20,1.0
weak,marginal,0.01,4,ic2,3,24,7.0,12.25,14.5,16.0,16.7,0,0.0,0,0.0,2,0.08333333333333333,2,0.08333333333333333,2,0.08333333333333333,6,0.25
weak,marginal,0.01,4,ic2,4,4,0.0,0.0,3.0,9.5,15.800000000000002,2,0.5,2,0.5,2,0.5,2,0.5,2,0.5,3,0.75
weak,marginal,0.01,5,ic1,1,11,0.0,0.0,2.0,3.0,3.0,4,0.36363636363636365,5,0.45454545454545453,7,0.6363636363636364,11,1.0,11,1.0,11,1.0
weak,marginal,0.01,5,ic1,2,20,0.0,0.0,0.5,7.0,9.100000000000001,10,0.5,11,0.55,11,0.55,12,0.6,13,0.65,20,1.0
weak,marginal,0.01,5,ic1,3,24,5.300000000000001,7.75,14.5,16.0,16.0,0,0.0,0,0.0,2,0.08333333333333333,2,0.08333333333333333,3,0.125,7,0.2916666666666667
weak,marginal,0.01,5,ic1,4,4,0.0,0.0,4.5,12.5,18.800000000000004,2,0.5,2,0.5,2,0.5,2,0.5,2,0.5,3,0.75
weak,marginal,0.01,5,ic1_ic2,1,11,0.0,0.0,2.0,3.5,4.0,4,0.36363636363636365,5,0.45454545454545453,6,0.5454545454545454,8,0.7272727272727273,11,1.0,11,1.0
weak,marginal,0.01,5,ic1_ic2,2,20,0.0,0.0,0.5,5.25,7.100000000000001,10,0.5,11,0.55,12,0.6,12,0.6,15,0.75,20,1.0
weak,marginal,0.01,5,ic1_ic2,3,24,7.300000000000001,12.0,15.0,16.0,16.7,0,0.0,0,0.0,2,0.08333333333333333,2,0.08333333333333333,2,0.08333333333333333,4,0.16666666666666666
weak,marginal,0.01,5,ic1_ic2,4,4,0.0,0.0,2.5,8.5,14.800000000000002,2,0.5,2,0.5,2,0.5,2,0.5,3,0.75,3,0.75
weak,marginal,0.01,5,ic2,1,11,0.0,1.0,2.0,3.0,3.0,3,0.2727272727272727,3,0.2727272727272727,6,0.5454545454545454,10,0.9090909090909091,11,1.0,11,1.0
weak,marginal,0.01,5,ic2,2,20,0.0,0.0,1.0,6.0,9.0,9,0.45,11,0.55,11,0.55,12,0.6,14,0.7,20,1.0
weak,marginal,0.01,5,ic2,3,24,7.0,12.25,14.5,16.0,16.7,0,0.0,0,0.0,2,0.08333333333333333,2,0.08333333333333333,2,0.08333333333333333,6,0.25
weak,marginal,0.01,5,ic2,4,4,0.0,0.0,3.0,9.5,15.800000000000002,2,0.5,2,0.5,2,0.5,2,0.5,2,0.5,3,0.75
weak,marginal,0.05,1,ic1,1,11,0.0,0.0,2.0,2.5,3.0,4,0.36363636363636365,5,0.45454545454545453,8,0.7272727272727273,11,1.0,11,1.0,11,1.0
weak,marginal,0.05,1,ic1,2,20,0.0,0.0,1.0,7.0,9.100000000000001,8,0.4,11,0.55,11,0.55,12,0.6,13,0.65,20,1.0
weak,marginal,0.05,1,ic1,3,24,5.6000000000000005,8.0,14.5,16.0,16.0,0,0.0,0,0.0,2,0.08333333333333333,2,0.08333333333333333,3,0.125,7,0.2916666666666667
weak,marginal,0.05,1,ic1,4,4,0.0,0.0,4.5,12.5,18.800000000000004,2,0.5,2,0.5,2,0.5,2,0.5,2,0.5,3,0.75
weak,marginal,0.05,1,ic1_ic2,1,11,0.0,0.0,2.0,3.5,4.0,4,0.36363636363636365,5,0.45454545454545453,7,0.6363636363636364,8,0.7272727272727273,11,1.0,11,1.0
weak,marginal,0.05,1,ic1_ic2,2,20,0.0,0.0,0.5,5.25,7.100000000000001,10,0.5,11,0.55,12,0.6,12,0.6,15,0.75,20,1.0
weak,marginal,0.05,1,ic1_ic2,3,24,7.300000000000001,12.75,14.5,16.0,17.0,0,0.0,0,0.0,2,0.08333333333333333,2,0.08333333333333333,2,0.08333333333333333,5,0.20833333333333334
weak,marginal,0.05,1,ic1_ic2,4,4,0.0,0.0,2.5,8.5,14.800000000000002,2,0.5,2,0.5,2,0.5,2,0.5,3,0.75,3,0.75
weak,marginal,0.05,1,ic2,1,11,0.0,1.0,2.0,3.0,3.0,3,0.2727272727272727,3,0.2727272727272727,6,0.5454545454545454,10,0.9090909090909091,11,1.0,11,1.0
weak,marginal,0.05,1,ic2,2,20,0.0,0.0,1.0,6.0,9.100000000000001,9,0.45,11,0.55,12,0.6,12,0.6,14,0.7,20,1.0
weak,marginal,0.05,1,ic2,3,24,5.6000000000000005,12.25,15.0,16.0,16.7,0,0.0,0,0.0,2,0.08333333333333333,2,0.08333333333333333,3,0.125,6,0.25
weak,marginal,0.05,1,ic2,4,4,0.0,0.0,3.0,9.25,15.100000000000001,2,0.5,2,0.5,2,0.5,2,0.5,2,0.5,3,0.75
weak,marginal,0.05,2,ic1,1,11,0.0,0.0,1.0,2.5,3.0,4,0.36363636363636365,6,0.5454545454545454,8,0.7272727272727273,10,0.9090909090909091,11,1.0,11,1.0
weak,marginal,0.05,2,ic1,2,20,0.0,0.0,1.0,7.0,9.100000000000001,8,0.4,11,0.55,11,0.55,12,0.6,14,0.7,20,1.0
weak,marginal,0.05,2,ic1,3,24,5.6000000000000005,7.75,15.0,15.25,16.0,0,0.0,0,0.0,2,0.08333333333333333,2,0.08333333333333333,3,0.125,7,0.2916666666666667
weak,marginal,0.05,2,ic1,4,4,0.0,0.0,4.5,12.5,18.800000000000004,2,0.5,2,0.5,2,0.5,2,0.5,2,0.5,3,0.75
weak,marginal,0.05,2,ic1_ic2,1,11,0.0,0.0,2.0,3.5,4.0,4,0.36363636363636365,5,0.45454545454545453,6,0.5454545454545454,8,0.7272727272727273,11,1.0,11,1.0
weak,marginal,0.05,2,ic1_ic2,2,20,0.0,0.0,1.0,6.25,8.0,8,0.4,11,0.55,12,0.6,12,0.6,14,0.7,20,1.0
weak,marginal,0.05,2,ic1_ic2,3,24,7.300000000000001,12.5,15.0,16.0,17.0,0,0.0,0,0.0,2,0.08333333333333333,2,0.08333333333333333,2,0.08333333333333333,4,0.16666666666666666
weak,marginal,0.05,2,ic1_ic2,4,4,0.0,0.0,2.5,8.5,14.800000000000002,2,0.5,2,0.5,2,0.5,2,0.5,3,0.75,3,0.75
weak,marginal,0.05,2,ic2,1,11,0.0,1.0,2.0,3.0,3.0,3,0.2727272727272727,3,0.2727272727272727,6,0.5454545454545454,10,0.9090909090909091,11,1.0,11,1.0
weak,marginal,0.05,2,ic2,2,20,0.0,0.0,1.0,6.25,9.100000000000001,9,0.45,11,0.55,12,0.6,12,0.6,13,0.65,20,1.0
weak,marginal,0.05,2,ic2,3,24,7.300000000000001,12.5,15.0,16.0,16.0,0,0.0,0,0.0,2,0.08333333333333333,2,0.08333333333333333,2,0.08333333333333333,5,0.20833333333333334
weak,marginal,0.05,2,ic2,4,4,0.0,0.0,3.5,10.25,16.1,2,0.5,2,0.5,2,0.5,2,0.5,2,0.5,3,0.75
weak,marginal,0.05,3,ic1,1,11,0.0,0.0,2.0,3.0,3.0,4,0.36363636363636365,5,0.45454545454545453,7,0.6363636363636364,11,1.0,11,1.0,11,1.0
weak,marginal,0.05,3,ic1,2,20,0.0,0.0,0.5,7.0,9.100000000000001,10,0.5,11,0.55,11,0.55,12,0.6,13,0.65,20,1.0
weak,marginal,0.05,3,ic1,3,24,5.6000000000000005,7.75,14.0,16.0,16.0,0,0.0,0,0.0,2,0.08333333333333333,2,0.08333333333333333,3,0.125,7,0.2916666666666667
weak,marginal,0.05,3,ic1,4,4,0.30000000000000004,0.75,5.0,12.5,18.800000000000004,1,0.25,2,0.5,2,0.5,2,0.5,2,0.5,3,0.75
weak,marginal,0.05,3,ic1_ic2,1,11,0.0,0.0,2.0,3.5,4.0,4,0.36363636363636365,5,0.45454545454545453,6,0.5454545454545454,8,0.7272727272727273,11,1.0,11,1.0
weak,marginal,0.05,3,ic1_ic2,2,20,0.0,0.0,0.5,6.0,7.100000000000001,10,0.5,11,0.55,12,0.6,12,0.6,14,0.7,20,1.0
weak,marginal,0.05,3,ic1_ic2,3,24,7.300000000000001,12.5,15.0,16.0,16.7,0,0.0,0,0.0,2,0.08333333333333333,2,0.08333333333333333,2,0.08333333333333333,4,0.16666666666666666
weak,marginal,0.05,3,ic1_ic2,4,4,0.0,0.0,2.5,8.5,14.800000000000002,2,0.5,2,0.5,2,0.5,2,0.5,3,0.75,3,0.75
weak,marginal,0.05,3,ic2,1,11,0.0,1.0,2.0,3.0,3.0,3,0.2727272727272727,3,0.2727272727272727,6,0.5454545454545454,10,0.9090909090909091,11,1.0,11,1.0
weak,marginal,0.05,3,ic2,2,20,0.0,0.0,1.0,6.25,9.100000000000001,7,0.35,11,0.55,11,0.55,12,0.6,14,0.7,20,1.0
weak,marginal,0.05,3,ic2,3,24,7.300000000000001,11.5,14.0,16.0,16.7,0,0.0,0,0.0,2,0.08333333333333333,2,0.08333333333333333,2,0.08333333333333333,6,0.25
weak,marginal,0.05,3,ic2,4,4,0.0,0.0,3.0,10.0,17.200000000000003,2,0.5,2,0.5,2,0.5,2,0.5,2,0.5,3,0.75
weak,marginal,0.05,4,ic1,1,11,0.0,0.0,2.0,3.0,3.0,4,0.36363636363636365,5,0.45454545454545453,7,0.6363636363636364,10,0.9090909090909091,11,1.0,11,1.0
weak,marginal,0.05,4,ic1,2,20,0.0,0.0,1.0,7.0,10.0,7,0.35,11,0.55,12,0.6,12,0.6,13,0.65,20,1.0
weak,marginal,0.05,4,ic1,3,24,5.6000000000000005,7.75,14.0,16.0,16.7,0,0.0,0,0.0,2,0.08333333333333333,2,0.08333333333333333,3,0.125,7,0.2916666666666667
weak,marginal,0.05,4,ic1,4,4,0.0,0.0,4.5,12.5,18.800000000000004,2,0.5,2,0.5,2,0.5,2,0.5,2,0.5,3,0.75
weak,marginal,0.05,4,ic1_ic2,1,11,0.0,0.0,2.0,3.5,4.0,4,0.36363636363636365,5,0.45454545454545453,6,0.5454545454545454,8,0.7272727272727273,11,1.0,11,1.0
weak,marginal,0.05,4,ic1_ic2,2,20,0.0,0.0,1.0,6.25,7.100000000000001,8,0.4,11,0.55,12,0.6,12,0.6,14,0.7,20,1.0
weak,marginal,0.05,4,ic1_ic2,3,24,7.300000000000001,12.25,14.5,16.0,17.0,0,0.0,0,0.0,2,0.08333333333333333,2,0.08333333333333333,2,0.08333333333333333,6,0.25
weak,marginal,0.05,4,ic1_ic2,4,4,0.0,0.0,2.5,8.5,14.800000000000002,2,0.5,2,0.5,2,0.5,2,0.5,3,0.75,3,0.75
weak,marginal,0.05,4,ic2,1,11,0.0,1.0,2.0,3.0,3.0,3,0.2727272727272727,3,0.2727272727272727,6,0.5454545454545454,10,0.9090909090909091,11,1.0,11,1.0
weak,marginal,0.05,4,ic2,2,20,0.0,0.0,1.0,6.25,9.0,9,0.45,11,0.55,11,0.55,12,0.6,14,0.7,20,1.0
weak,marginal,0.05,4,ic2,3,24,8.0,13.0,14.5,16.0,16.7,0,0.0,0,0.0,2,0.08333333333333333,2,0.08333333333333333,2,0.08333333333333333,6,0.25
weak,marginal,0.05,4,ic2,4,4,0.0,0.0,3.0,9.5,15.800000000000002,2,0.5,2,0.5,2,0.5,2,0.5,2,0.5,3,0.75
weak,marginal,0.05,5,ic1,1,11,0.0,0.0,2.0,3.0,3.0,4,0.36363636363636365,5,0.45454545454545453,7,0.6363636363636364,11,1.0,11,1.0,11,1.0
weak,marginal,0.05,5,ic1,2,20,0.0,0.0,1.0,7.0,9.100000000000001,9,0.45,11,0.55,11,0.55,12,0.6,13,0.65,20,1.0
weak,marginal,0.05,5,ic1,3,24,5.6000000000000005,8.0,14.0,15.0,16.0,0,0.0,0,0.0,2,0.08333333333333333,2,0.08333333333333333,3,0.125,7,0.2916666666666667
weak,marginal,0.05,5,ic1,4,4,0.0,0.0,4.5,12.5,18.800000000000004,2,0.5,2,0.5,2,0.5,2,0.5,2,0.5,3,0.75
weak,marginal,0.05,5,ic1_ic2,1,11,0.0,0.0,2.0,3.5,4.0,4,0.36363636363636365,5,0.45454545454545453,7,0.6363636363636364,8,0.7272727272727273,11,1.0,11,1.0
weak,marginal,0.05,5,ic1_ic2,2,20,0.0,0.0,1.0,6.0,7.100000000000001,9,0.45,11,0.55,12,0.6,12,0.6,14,0.7,20,1.0
weak,marginal,0.05,5,ic1_ic2,3,24,7.300000000000001,12.0,14.0,16.0,17.0,0,0.0,0,0.0,2,0.08333333333333333,2,0.08333333333333333,2,0.08333333333333333,4,0.16666666666666666
weak,marginal,0.05,5,ic1_ic2,4,4,0.30000000000000004,0.75,3.0,8.5,14.800000000000002,1,0.25,2,0.5,2,0.5,2,0.5,3,0.75,3,0.75
weak,marginal,0.05,5,ic2,1,11,0.0,1.0,2.0,3.0,3.0,3,0.2727272727272727,3,0.2727272727272727,6,0.5454545454545454,10,0.9090909090909091,11,1.0,11,1.0
weak,marginal,0.05,5,ic2,2,20,0.0,0.0,1.0,6.0,9.0,8,0.4,11,0.55,11,0.55,12,0.6,14,0.7,20,1.0
weak,marginal,0.05,5,ic2,3,24,5.6000000000000005,12.25,14.5,16.0,16.7,0,0.0,0,0.0,1,0.041666666666666664,2,0.08333333333333333,3,0.125,6,0.25
weak,marginal,0.05,5,ic2,4,4,0.30000000000000004,0.75,4.0,10.75,17.500000000000004,1,0.25,2,0.5,2,0.5,2,0.5,2,0.5,3,0.75
