library_id,polynomial_degree,include_sin_cos,stlsq_threshold,direction,regime,dimension,phasec_representability_threeway,aggregation_scope,n_cells,structure_hit_raw_count,structure_hit_raw_rate,structure_hit_pruned_count,structure_hit_pruned_rate,diverged_or_nonfinite_count,r2_finite_nondiverged_count,r2_gt_0_9_count,r2_gt_0_9_rate_over_cells,r2_median_valid,r2_q000_finite_nondiverged,r2_q025_finite_nondiverged,r2_q075_finite_nondiverged,r2_q100_finite_nondiverged
poly_deg2_stlsq_0.01,2,False,0.01,IC1_to_IC2,generalization,1,exact,dimension_by_phasec_representability_threeway,11,5,0.45454545454545453,5,0.45454545454545453,0,11,7,0.6363636363636364,0.9999391263464953,-4253810781.670593,-0.024438580629159934,0.9999596550795313,0.9999974906522026
poly_deg2_stlsq_0.01,2,False,0.01,IC1_to_IC2,generalization,1,surrogate:eq1_not_representable,dimension_by_phasec_representability_threeway,11,0,0.0,0,0.0,1,10,7,0.6363636363636364,0.9762310689800835,-9.32326137535975,0.6582676898307798,0.9970130729675262,0.9999565103938404
poly_deg2_stlsq_0.01,2,False,0.01,IC1_to_IC2,generalization,2,exact,dimension_by_phasec_representability_threeway,10,3,0.3,3,0.3,1,9,4,0.4,0.5949219237731984,-0.5068284920722503,-0.12340022261471595,0.9833242357053472,0.999563999834538
poly_deg2_stlsq_0.01,2,False,0.01,IC1_to_IC2,generalization,2,surrogate:eq1_not_representable,dimension_by_phasec_representability_threeway,11,0,0.0,0,0.0,4,7,1,0.09090909090909091,0.6827185325915941,0.5147825914055324,0.595534219702363,0.7920270517428536,0.9826549094055991
poly_deg2_stlsq_0.01,2,False,0.01,IC1_to_IC2,generalization,2,surrogate:eq2_not_representable,dimension_by_phasec_representability_threeway,6,0,0.0,0,0.0,1,5,1,0.16666666666666666,0.028655939127069374,-1.1976966239711175,-0.9636974074558058,0.35093108829867614,0.9967545966076568
poly_deg2_stlsq_0.01,2,False,0.01,IC1_to_IC2,generalization,3,exact,dimension_by_phasec_representability_threeway,8,0,0.0,0,0.0,2,6,1,0.125,-0.7245543634954159,-7.5123870144882465,-2.5184014848711707,0.4295868491622109,0.9999128815167078
poly_deg2_stlsq_0.01,2,False,0.01,IC1_to_IC2,generalization,3,surrogate:eq1_not_representable,dimension_by_phasec_representability_threeway,1,0,0.0,0,0.0,0,1,0,0.0,-371.0253527532488,-371.0253527532488,-371.0253527532488,-371.0253527532488,-371.0253527532488
poly_deg2_stlsq_0.01,2,False,0.01,IC1_to_IC2,generalization,3,surrogate:eq3_not_representable,dimension_by_phasec_representability_threeway,1,0,0.0,0,0.0,1,0,0,0.0,,,,,
poly_deg2_stlsq_0.01,2,False,0.01,IC1_to_IC2,generalization,4,exact,dimension_by_phasec_representability_threeway,1,0,0.0,0,0.0,1,0,0,0.0,,,,,
poly_deg2_stlsq_0.01,2,False,0.01,IC1_to_IC2,generalization,4,surrogate:eq1_not_representable,dimension_by_phasec_representability_threeway,1,0,0.0,0,0.0,1,0,0,0.0,,,,,
poly_deg2_stlsq_0.01,2,False,0.01,IC1_to_IC2,reconstruction,1,exact,dimension_by_phasec_representability_threeway,11,5,0.45454545454545453,5,0.45454545454545453,0,11,8,0.7272727272727273,0.9998711801479369,-205965.51650031435,0.8858747109559707,0.9999566563198878,0.9999903393498715
poly_deg2_stlsq_0.01,2,False,0.01,IC1_to_IC2,reconstruction,1,surrogate:eq1_not_representable,dimension_by_phasec_representability_threeway,11,0,0.0,0,0.0,0,11,11,1.0,0.9998351357417594,0.9318715639155434,0.9974319183105431,0.9999761234499938,0.9999959937027724
poly_deg2_stlsq_0.01,2,False,0.01,IC1_to_IC2,reconstruction,2,exact,dimension_by_phasec_representability_threeway,10,3,0.3,3,0.3,0,10,7,0.7,0.9785223596306646,-0.4711850732625572,0.6094151892152305,0.9874199451011728,0.999951170789946
poly_deg2_stlsq_0.01,2,False,0.01,IC1_to_IC2,reconstruction,2,surrogate:eq1_not_representable,dimension_by_phasec_representability_threeway,11,0,0.0,0,0.0,0,11,7,0.6363636363636364,0.9916343276274131,-2.2432085703930644,0.515317676975299,0.9988422679253006,0.9999751452512328
poly_deg2_stlsq_0.01,2,False,0.01,IC1_to_IC2,reconstruction,2,surrogate:eq2_not_representable,dimension_by_phasec_representability_threeway,6,0,0.0,0,0.0,0,6,4,0.6666666666666666,0.9304235709434939,0.7851206066612848,0.8684566917027716,0.9850110069429399,0.9997450874820659
poly_deg2_stlsq_0.01,2,False,0.01,IC1_to_IC2,reconstruction,3,exact,dimension_by_phasec_representability_threeway,8,0,0.0,0,0.0,1,7,1,0.125,-0.8732122555415467,-12.077658964378182,-5.440561005761336,0.3108623679865653,0.9999053065531145
poly_deg2_stlsq_0.01,2,False,0.01,IC1_to_IC2,reconstruction,3,surrogate:eq1_not_representable,dimension_by_phasec_representability_threeway,1,0,0.0,0,0.0,1,0,0,0.0,,,,,
poly_deg2_stlsq_0.01,2,False,0.01,IC1_to_IC2,reconstruction,3,surrogate:eq3_not_representable,dimension_by_phasec_representability_threeway,1,0,0.0,0,0.0,1,0,0,0.0,,,,,
poly_deg2_stlsq_0.01,2,False,0.01,IC1_to_IC2,reconstruction,4,exact,dimension_by_phasec_representability_threeway,1,0,0.0,0,0.0,1,0,0,0.0,,,,,
poly_deg2_stlsq_0.01,2,False,0.01,IC1_to_IC2,reconstruction,4,surrogate:eq1_not_representable,dimension_by_phasec_representability_threeway,1,0,0.0,0,0.0,1,0,0,0.0,,,,,
poly_deg2_stlsq_0.01,2,False,0.01,IC2_to_IC1,generalization,1,exact,dimension_by_phasec_representability_threeway,11,6,0.5454545454545454,6,0.5454545454545454,1,10,7,0.6363636363636364,0.9998990583971786,-5.174167228149249,0.8486307089226509,0.9999644217756796,0.9999903264483245
poly_deg2_stlsq_0.01,2,False,0.01,IC2_to_IC1,generalization,1,surrogate:eq1_not_representable,dimension_by_phasec_representability_threeway,11,0,0.0,0,0.0,1,10,4,0.36363636363636365,0.771190279865667,-128.82001593235773,-5.395844461726484,0.9579253250324216,0.9999973735339998
poly_deg2_stlsq_0.01,2,False,0.01,IC2_to_IC1,generalization,2,exact,dimension_by_phasec_representability_threeway,9,3,0.3333333333333333,3,0.3333333333333333,0,9,3,0.3333333333333333,0.5571676998119458,-19.068410511434756,-0.4994580847169551,0.977953966478692,0.9993295291104325
poly_deg2_stlsq_0.01,2,False,0.01,IC2_to_IC1,generalization,2,surrogate:eq1_not_representable,dimension_by_phasec_representability_threeway,10,0,0.0,0,0.0,5,5,3,0.3,0.9543799135528301,-338.2129331088357,0.347538251059398,0.9884784209885897,0.9948646421786165
poly_deg2_stlsq_0.01,2,False,0.01,IC2_to_IC1,generalization,2,surrogate:eq2_not_representable,dimension_by_phasec_representability_threeway,6,0,0.0,0,0.0,1,5,0,0.0,0.45277613924654087,0.2208699951322618,0.2611637161642336,0.7478947604846825,0.8498064536464245
poly_deg2_stlsq_0.01,2,False,0.01,IC2_to_IC1,generalization,3,exact,dimension_by_phasec_representability_threeway,7,0,0.0,0,0.0,0,7,1,0.14285714285714285,-1.0803169884180066,-11.48403586899961,-5.508017758018244,0.23529189870309153,0.99240981542528
poly_deg2_stlsq_0.01,2,False,0.01,IC2_to_IC1,generalization,3,surrogate:eq1_not_representable,dimension_by_phasec_representability_threeway,1,0,0.0,0,0.0,1,0,0,0.0,,,,,
poly_deg2_stlsq_0.01,2,False,0.01,IC2_to_IC1,generalization,4,exact,dimension_by_phasec_representability_threeway,1,0,0.0,0,0.0,1,0,0,0.0,,,,,
poly_deg2_stlsq_0.01,2,False,0.01,IC2_to_IC1,generalization,4,surrogate:eq1_not_representable,dimension_by_phasec_representability_threeway,1,0,0.0,0,0.0,1,0,0,0.0,,,,,
poly_deg2_stlsq_0.01,2,False,0.01,IC2_to_IC1,reconstruction,1,exact,dimension_by_phasec_representability_threeway,11,6,0.5454545454545454,6,0.5454545454545454,0,11,10,0.9090909090909091,0.999944796808113,0.22634586799006973,0.9961846301609864,0.999980689028813,0.9999994502460838
poly_deg2_stlsq_0.01,2,False,0.01,IC2_to_IC1,reconstruction,1,surrogate:eq1_not_representable,dimension_by_phasec_representability_threeway,11,0,0.0,0,0.0,0,11,11,1.0,0.9998530866278542,0.9674052257696196,0.9974366977906042,0.9999732491187201,0.9999957436804398
poly_deg2_stlsq_0.01,2,False,0.01,IC2_to_IC1,reconstruction,2,exact,dimension_by_phasec_representability_threeway,9,3,0.3333333333333333,3,0.3333333333333333,0,9,5,0.5555555555555556,0.9776403003215399,-2.47606650558248,0.4584264317275859,0.9972837527053503,0.9998281573237942
poly_deg2_stlsq_0.01,2,False,0.01,IC2_to_IC1,reconstruction,2,surrogate:eq1_not_representable,dimension_by_phasec_representability_threeway,10,0,0.0,0,0.0,1,9,6,0.6,0.997815648191495,-6.957531228261708,0.8538826337763009,0.9993842645372621,0.9999519405328083
poly_deg2_stlsq_0.01,2,False,0.01,IC2_to_IC1,reconstruction,2,surrogate:eq2_not_representable,dimension_by_phasec_representability_threeway,6,0,0.0,0,0.0,0,6,3,0.5,0.8239896581526839,-1.183949491629575,0.43480625607146756,0.9731343991296653,0.9998899455008796
poly_deg2_stlsq_0.01,2,False,0.01,IC2_to_IC1,reconstruction,3,exact,dimension_by_phasec_representability_threeway,7,0,0.0,0,0.0,1,6,1,0.14285714285714285,-0.16442653930014856,-7.642478507357704,-2.419467387061604,0.7773631354058749,0.9999413467421364
poly_deg2_stlsq_0.01,2,False,0.01,IC2_to_IC1,reconstruction,3,surrogate:eq1_not_representable,dimension_by_phasec_representability_threeway,1,0,0.0,0,0.0,0,1,1,1.0,0.9999045459390709,0.9999045459390709,0.9999045459390709,0.9999045459390709,0.9999045459390709
poly_deg2_stlsq_0.01,2,False,0.01,IC2_to_IC1,reconstruction,4,exact,dimension_by_phasec_representability_threeway,1,0,0.0,0,0.0,0,1,1,1.0,0.999958654065581,0.999958654065581,0.999958654065581,0.999958654065581,0.999958654065581
poly_deg2_stlsq_0.01,2,False,0.01,IC2_to_IC1,reconstruction,4,surrogate:eq1_not_representable,dimension_by_phasec_representability_threeway,1,0,0.0,0,0.0,1,0,0,0.0,,,,,
poly_deg2_stlsq_0.1,2,False,0.1,IC1_to_IC2,generalization,1,exact,dimension_by_phasec_representability_threeway,11,5,0.45454545454545453,5,0.45454545454545453,0,11,6,0.5454545454545454,0.9127686233938931,-4253810781.670593,-3.932969489657118,0.9999513483047525,0.9999871945148785
poly_deg2_stlsq_0.1,2,False,0.1,IC1_to_IC2,generalization,1,surrogate:eq1_not_representable,dimension_by_phasec_representability_threeway,11,2,0.18181818181818182,2,0.18181818181818182,0,11,5,0.45454545454545453,0.09466988481741423,-9.32326137535975,-1.8438825291243817,0.9977953061147078,0.9999565103938404
poly_deg2_stlsq_0.1,2,False,0.1,IC1_to_IC2,generalization,2,exact,dimension_by_phasec_representability_threeway,10,5,0.5,5,0.5,1,9,4,0.4,0.5949219237731984,-1.1583469904404458,-0.5171665902265742,0.9833242357053472,0.9998390314135828
poly_deg2_stlsq_0.1,2,False,0.1,IC1_to_IC2,generalization,2,surrogate:eq1_not_representable,dimension_by_phasec_representability_threeway,12,0,0.0,0,0.0,4,8,1,0.08333333333333333,0.6135945470252013,-1.7241024157947278,-0.5138881839494018,0.8440236934994434,0.9778415054038276
poly_deg2_stlsq_0.1,2,False,0.1,IC1_to_IC2,generalization,2,surrogate:eq2_not_representable,dimension_by_phasec_representability_threeway,6,0,0.0,0,0.0,0,6,1,0.16666666666666666,0.282350312991863,-3.088191111996702,0.011760394692422294,0.747590540667464,0.9991488624357336
poly_deg2_stlsq_0.1,2,False,0.1,IC1_to_IC2,generalization,3,exact,dimension_by_phasec_representability_threeway,8,2,0.25,2,0.25,3,5,0,0.0,-1.4200080539155875,-10.543718109978816,-7.525452355908423,0.6463216604520006,0.7984481569617744
poly_deg2_stlsq_0.1,2,False,0.1,IC1_to_IC2,generalization,3,surrogate:eq1_not_representable,dimension_by_phasec_representability_threeway,1,0,0.0,0,0.0,0,1,0,0.0,-236.10685436065717,-236.10685436065717,-236.10685436065717,-236.10685436065717,-236.10685436065717
poly_deg2_stlsq_0.1,2,False,0.1,IC1_to_IC2,generalization,4,exact,dimension_by_phasec_representability_threeway,1,0,0.0,0,0.0,0,1,0,0.0,-0.444370781616046,-0.444370781616046,-0.444370781616046,-0.444370781616046,-0.444370781616046
poly_deg2_stlsq_0.1,2,False,0.1,IC1_to_IC2,generalization,4,surrogate:eq1_not_representable,dimension_by_phasec_representability_threeway,1,0,0.0,0,0.0,0,1,0,0.0,-10.322244463731108,-10.322244463731108,-10.322244463731108,-10.322244463731108,-10.322244463731108
poly_deg2_stlsq_0.1,2,False,0.1,IC1_to_IC2,reconstruction,1,exact,dimension_by_phasec_representability_threeway,11,5,0.45454545454545453,5,0.45454545454545453,0,11,7,0.6363636363636364,0.9996489307118607,-205965.51650031435,0.49922913381162126,0.9999324529384572,0.9999871986621937
poly_deg2_stlsq_0.1,2,False,0.1,IC1_to_IC2,reconstruction,1,surrogate:eq1_not_representable,dimension_by_phasec_representability_threeway,11,2,0.18181818181818182,2,0.18181818181818182,0,11,7,0.6363636363636364,0.9928846871764553,-3.28040688117461,-2.0914659049797826,0.999602176705416,0.9999959937027724
poly_deg2_stlsq_0.1,2,False,0.1,IC1_to_IC2,reconstruction,2,exact,dimension_by_phasec_representability_threeway,10,5,0.5,5,0.5,0,10,6,0.6,0.9785223596306646,-0.5496382387942155,0.4224838721531796,0.9874199451011728,0.999951170789946
poly_deg2_stlsq_0.1,2,False,0.1,IC1_to_IC2,reconstruction,2,surrogate:eq1_not_representable,dimension_by_phasec_representability_threeway,12,0,0.0,0,0.0,1,11,8,0.6666666666666666,0.9771974387936792,-0.09660319943228135,0.8700487762925793,0.9951496579628647,0.999979538310384
poly_deg2_stlsq_0.1,2,False,0.1,IC1_to_IC2,reconstruction,2,surrogate:eq2_not_representable,dimension_by_phasec_representability_threeway,6,0,0.0,0,0.0,0,6,4,0.6666666666666666,0.920944677126841,-1.092321124115479,0.6400686983634437,0.9802061704659388,0.9997179222942978
poly_deg2_stlsq_0.1,2,False,0.1,IC1_to_IC2,reconstruction,3,exact,dimension_by_phasec_representability_threeway,8,2,0.25,2,0.25,1,7,0,0.0,-2.967896959118137,-11.55630669253704,-8.45753486318717,-0.5565434384978134,0.8150928079242962
poly_deg2_stlsq_0.1,2,False,0.1,IC1_to_IC2,reconstruction,3,surrogate:eq1_not_representable,dimension_by_phasec_representability_threeway,1,0,0.0,0,0.0,0,1,1,1.0,0.9185104466117492,0.9185104466117492,0.9185104466117492,0.9185104466117492,0.9185104466117492
poly_deg2_stlsq_0.1,2,False,0.1,IC1_to_IC2,reconstruction,4,exact,dimension_by_phasec_representability_threeway,1,0,0.0,0,0.0,0,1,0,0.0,-0.1529975210037689,-0.1529975210037689,-0.1529975210037689,-0.1529975210037689,-0.1529975210037689
poly_deg2_stlsq_0.1,2,False,0.1,IC1_to_IC2,reconstruction,4,surrogate:eq1_not_representable,dimension_by_phasec_representability_threeway,1,0,0.0,0,0.0,0,1,1,1.0,0.9990876896453114,0.9990876896453114,0.9990876896453114,0.9990876896453114,0.9990876896453114
poly_deg2_stlsq_0.1,2,False,0.1,IC2_to_IC1,generalization,1,exact,dimension_by_phasec_representability_threeway,11,5,0.45454545454545453,5,0.45454545454545453,0,11,6,0.5454545454545454,0.9814594634519099,-5.174167228149249,0.07691743736231893,0.999932797933087,0.9999871998843637
poly_deg2_stlsq_0.1,2,False,0.1,IC2_to_IC1,generalization,1,surrogate:eq1_not_representable,dimension_by_phasec_representability_threeway,11,1,0.09090909090909091,1,0.09090909090909091,1,10,3,0.2727272727272727,-1.3695136266626484,-128.82001593235773,-5.852263199430209,0.8418065522525854,0.9999973735339998
poly_deg2_stlsq_0.1,2,False,0.1,IC2_to_IC1,generalization,2,exact,dimension_by_phasec_representability_threeway,9,4,0.4444444444444444,4,0.4444444444444444,0,9,3,0.3333333333333333,0.6352651773260254,-18.916424084611506,-0.4994580847169551,0.977953966478692,0.9992068978106685
poly_deg2_stlsq_0.1,2,False,0.1,IC2_to_IC1,generalization,2,surrogate:eq1_not_representable,dimension_by_phasec_representability_threeway,10,0,0.0,0,0.0,3,7,3,0.3,-1.3991831102026835,-6587.563461186401,-85.67803025982387,0.9351548772049231,0.9973678792157171
poly_deg2_stlsq_0.1,2,False,0.1,IC2_to_IC1,generalization,2,surrogate:eq2_not_representable,dimension_by_phasec_representability_threeway,6,0,0.0,0,0.0,0,6,0,0.0,0.6403323685910407,0.23499773029121573,0.3207259993817099,0.7639596873911673,0.8498064536464245
poly_deg2_stlsq_0.1,2,False,0.1,IC2_to_IC1,generalization,3,exact,dimension_by_phasec_representability_threeway,5,2,0.4,2,0.4,0,5,0,0.0,-7.860811384079217,-19.58075602918287,-11.508125435458554,-0.8370381243668291,0.8131320355037955
poly_deg2_stlsq_0.1,2,False,0.1,IC2_to_IC1,generalization,3,surrogate:eq1_not_representable,dimension_by_phasec_representability_threeway,1,0,0.0,0,0.0,1,0,0,0.0,,,,,
poly_deg2_stlsq_0.1,2,False,0.1,IC2_to_IC1,generalization,4,exact,dimension_by_phasec_representability_threeway,1,0,0.0,0,0.0,0,1,0,0.0,-0.15300360034477303,-0.15300360034477303,-0.15300360034477303,-0.15300360034477303,-0.15300360034477303
poly_deg2_stlsq_0.1,2,False,0.1,IC2_to_IC1,generalization,4,surrogate:eq1_not_representable,dimension_by_phasec_representability_threeway,1,0,0.0,0,0.0,0,1,0,0.0,0.4141189739684068,0.4141189739684068,0.4141189739684068,0.4141189739684068,0.4141189739684068
poly_deg2_stlsq_0.1,2,False,0.1,IC2_to_IC1,reconstruction,1,exact,dimension_by_phasec_representability_threeway,11,5,0.45454545454545453,5,0.45454545454545453,0,11,8,0.7272727272727273,0.9999185196572631,-7.080370345019695,0.5978901245410632,0.9999509272778652,0.9999871986622227
poly_deg2_stlsq_0.1,2,False,0.1,IC2_to_IC1,reconstruction,1,surrogate:eq1_not_representable,dimension_by_phasec_representability_threeway,11,1,0.09090909090909091,1,0.09090909090909091,0,11,9,0.8181818181818182,0.9978417415779203,-5.082280612419129,0.9734817272831526,0.9997794279663137,0.9999740571664104
poly_deg2_stlsq_0.1,2,False,0.1,IC2_to_IC1,reconstruction,2,exact,dimension_by_phasec_representability_threeway,9,4,0.4444444444444444,4,0.4444444444444444,0,9,5,0.5555555555555556,0.9776403003215399,-2.5395992224297403,0.4584264317275859,0.9972837527053503,0.999827667241373
poly_deg2_stlsq_0.1,2,False,0.1,IC2_to_IC1,reconstruction,2,surrogate:eq1_not_representable,dimension_by_phasec_representability_threeway,10,0,0.0,0,0.0,1,9,5,0.5,0.9748664996650028,-39.08960737456737,-0.33966301646760166,0.9985962724921493,0.9999188408130177
poly_deg2_stlsq_0.1,2,False,0.1,IC2_to_IC1,reconstruction,2,surrogate:eq2_not_representable,dimension_by_phasec_representability_threeway,6,0,0.0,0,0.0,0,6,3,0.5,0.7855463596665035,-0.4493858334682329,0.48878043508555796,0.978063073980402,0.9998899455008796
poly_deg2_stlsq_0.1,2,False,0.1,IC2_to_IC1,reconstruction,3,exact,dimension_by_phasec_representability_threeway,5,2,0.4,2,0.4,0,5,0,0.0,-0.9970631482123542,-10.543807679055078,-7.479376750587067,0.6717917530920108,0.8087043878887981
poly_deg2_stlsq_0.1,2,False,0.1,IC2_to_IC1,reconstruction,3,surrogate:eq1_not_representable,dimension_by_phasec_representability_threeway,1,0,0.0,0,0.0,0,1,1,1.0,0.99456448291973,0.99456448291973,0.99456448291973,0.99456448291973,0.99456448291973
poly_deg2_stlsq_0.1,2,False,0.1,IC2_to_IC1,reconstruction,4,exact,dimension_by_phasec_representability_threeway,1,0,0.0,0,0.0,0,1,0,0.0,-0.44437341086779936,-0.44437341086779936,-0.44437341086779936,-0.44437341086779936,-0.44437341086779936
poly_deg2_stlsq_0.1,2,False,0.1,IC2_to_IC1,reconstruction,4,surrogate:eq1_not_representable,dimension_by_phasec_representability_threeway,1,0,0.0,0,0.0,0,1,1,1.0,0.9998988453739539,0.9998988453739539,0.9998988453739539,0.9998988453739539,0.9998988453739539
poly_deg3_sin_cos_stlsq_0.01,3,True,0.01,IC1_to_IC2,generalization,1,exact,dimension_by_phasec_representability_threeway,11,4,0.36363636363636365,4,0.36363636363636365,0,11,9,0.8181818181818182,0.9999403328941893,-7430633.838744931,0.9583875987144368,0.9999799695570954,0.9999974906522026
poly_deg3_sin_cos_stlsq_0.01,3,True,0.01,IC1_to_IC2,generalization,1,surrogate:eq1_not_representable,dimension_by_phasec_representability_threeway,12,0,0.0,0,0.0,1,11,7,0.5833333333333334,0.9999517452013703,-9.32326137535975,0.6887053456452269,0.9999818270737062,0.9999996293361822
poly_deg3_sin_cos_stlsq_0.01,3,True,0.01,IC1_to_IC2,generalization,2,exact,dimension_by_phasec_representability_threeway,9,1,0.1111111111111111,1,0.1111111111111111,3,6,5,0.5555555555555556,0.9985653995717901,-0.09205793672322593,0.9826614976773994,0.9995400740195661,0.9997229860210355
poly_deg3_sin_cos_stlsq_0.01,3,True,0.01,IC1_to_IC2,generalization,2,surrogate:eq1_not_representable,dimension_by_phasec_representability_threeway,9,0,0.0,0,0.0,3,6,5,0.5555555555555556,0.994680874417218,-341.8566922614819,0.9909196663258734,0.9983502532947798,0.99998050912391
poly_deg3_sin_cos_stlsq_0.01,3,True,0.01,IC1_to_IC2,generalization,2,surrogate:eq2_not_representable,dimension_by_phasec_representability_threeway,6,2,0.3333333333333333,2,0.3333333333333333,0,6,4,0.6666666666666666,0.9962750479825216,-52.61121678403619,-0.8540884287777519,0.9995518329765212,0.9999138918679552
poly_deg3_sin_cos_stlsq_0.01,3,True,0.01,IC1_to_IC2,generalization,3,exact,dimension_by_phasec_representability_threeway,6,0,0.0,0,0.0,4,2,0,0.0,-3.033192804777972,-4.825508030051588,-3.92935041741478,-2.1370351921411643,-1.2408775795043563
poly_deg3_sin_cos_stlsq_0.01,3,True,0.01,IC1_to_IC2,generalization,3,surrogate:eq1_not_representable,dimension_by_phasec_representability_threeway,1,0,0.0,0,0.0,1,0,0,0.0,,,,,
poly_deg3_sin_cos_stlsq_0.01,3,True,0.01,IC1_to_IC2,generalization,3,surrogate:eq3_not_representable,dimension_by_phasec_representability_threeway,1,0,0.0,0,0.0,1,0,0,0.0,,,,,
poly_deg3_sin_cos_stlsq_0.01,3,True,0.01,IC1_to_IC2,generalization,4,exact,dimension_by_phasec_representability_threeway,1,0,0.0,0,0.0,1,0,0,0.0,,,,,
poly_deg3_sin_cos_stlsq_0.01,3,True,0.01,IC1_to_IC2,generalization,4,surrogate:eq1_not_representable,dimension_by_phasec_representability_threeway,1,0,0.0,0,0.0,1,0,0,0.0,,,,,
poly_deg3_sin_cos_stlsq_0.01,3,True,0.01,IC1_to_IC2,reconstruction,1,exact,dimension_by_phasec_representability_threeway,11,4,0.36363636363636365,4,0.36363636363636365,0,11,9,0.8181818181818182,0.9999255904379042,-29901.106704993286,0.9886682479505062,0.99998068997521,0.9999903393498715
poly_deg3_sin_cos_stlsq_0.01,3,True,0.01,IC1_to_IC2,reconstruction,1,surrogate:eq1_not_representable,dimension_by_phasec_representability_threeway,12,0,0.0,0,0.0,0,12,12,1.0,0.9999687721034758,0.9318715639155434,0.9989102022491566,0.9999873831912984,0.9999940647306503
poly_deg3_sin_cos_stlsq_0.01,3,True,0.01,IC1_to_IC2,reconstruction,2,exact,dimension_by_phasec_representability_threeway,9,1,0.1111111111111111,1,0.1111111111111111,2,7,5,0.5555555555555556,0.9931857106095088,0.3610695406388888,0.8346255890126713,0.9995615750299222,0.999951170789946
poly_deg3_sin_cos_stlsq_0.01,3,True,0.01,IC1_to_IC2,reconstruction,2,surrogate:eq1_not_representable,dimension_by_phasec_representability_threeway,9,0,0.0,0,0.0,2,7,7,0.7777777777777778,0.9981288573138221,0.9653223601840297,0.9791004008635245,0.9998562703328518,0.9999641228140541
poly_deg3_sin_cos_stlsq_0.01,3,True,0.01,IC1_to_IC2,reconstruction,2,surrogate:eq2_not_representable,dimension_by_phasec_representability_threeway,6,2,0.3333333333333333,2,0.3333333333333333,0,6,5,0.8333333333333334,0.9971320489849638,0.38170392298931827,0.9825222291877489,0.9995845832237075,0.9999263873591882
poly_deg3_sin_cos_stlsq_0.01,3,True,0.01,IC1_to_IC2,reconstruction,3,exact,dimension_by_phasec_representability_threeway,6,0,0.0,0,0.0,0,6,0,0.0,-1.7022928166318119,-6.173656452904296,-4.87555768701263,-0.34891842024774755,0.8131663314265533
poly_deg3_sin_cos_stlsq_0.01,3,True,0.01,IC1_to_IC2,reconstruction,3,surrogate:eq1_not_representable,dimension_by_phasec_representability_threeway,1,0,0.0,0,0.0,0,1,1,1.0,0.9999772002021898,0.9999772002021898,0.9999772002021898,0.9999772002021898,0.9999772002021898
poly_deg3_sin_cos_stlsq_0.01,3,True,0.01,IC1_to_IC2,reconstruction,3,surrogate:eq3_not_representable,dimension_by_phasec_representability_threeway,1,0,0.0,0,0.0,1,0,0,0.0,,,,,
poly_deg3_sin_cos_stlsq_0.01,3,True,0.01,IC1_to_IC2,reconstruction,4,exact,dimension_by_phasec_representability_threeway,1,0,0.0,0,0.0,1,0,0,0.0,,,,,
poly_deg3_sin_cos_stlsq_0.01,3,True,0.01,IC1_to_IC2,reconstruction,4,surrogate:eq1_not_representable,dimension_by_phasec_representability_threeway,1,0,0.0,0,0.0,1,0,0,0.0,,,,,
poly_deg3_sin_cos_stlsq_0.01,3,True,0.01,IC2_to_IC1,generalization,1,exact,dimension_by_phasec_representability_threeway,11,4,0.36363636363636365,4,0.36363636363636365,2,9,7,0.6363636363636364,0.9987020260087022,0.7516444558168571,0.9802195476250042,0.9999391263467772,0.9999903264483245
poly_deg3_sin_cos_stlsq_0.01,3,True,0.01,IC2_to_IC1,generalization,1,surrogate:eq1_not_representable,dimension_by_phasec_representability_threeway,12,0,0.0,0,0.0,0,12,5,0.4166666666666667,0.866416928098041,-128.82001593235773,-1.2776335992549384,0.9978944024496598,0.9999928515058665
poly_deg3_sin_cos_stlsq_0.01,3,True,0.01,IC2_to_IC1,generalization,2,exact,dimension_by_phasec_representability_threeway,9,1,0.1111111111111111,1,0.1111111111111111,2,7,3,0.3333333333333333,0.8876188273663734,-12.79349983860823,0.018543711693771003,0.9885184783813463,0.9999269233726283
poly_deg3_sin_cos_stlsq_0.01,3,True,0.01,IC2_to_IC1,generalization,2,surrogate:eq1_not_representable,dimension_by_phasec_representability_threeway,8,1,0.125,1,0.125,3,5,2,0.25,-1.8428005204552356,-187.81580965889896,-3.6252989296514517,0.9918232709245132,0.9999100435111181
poly_deg3_sin_cos_stlsq_0.01,3,True,0.01,IC2_to_IC1,generalization,2,surrogate:eq2_not_representable,dimension_by_phasec_representability_threeway,6,2,0.3333333333333333,2,0.3333333333333333,0,6,4,0.6666666666666666,0.9971476404999778,-2.677402473768809,0.7071761594001273,0.999371667703423,0.9998141072755088
poly_deg3_sin_cos_stlsq_0.01,3,True,0.01,IC2_to_IC1,generalization,3,exact,dimension_by_phasec_representability_threeway,4,0,0.0,0,0.0,1,3,0,0.0,-1.0914443077589218,-9.369951785849738,-5.23069804680433,-0.1485066596798431,0.7944309883992355
poly_deg3_sin_cos_stlsq_0.01,3,True,0.01,IC2_to_IC1,generalization,3,surrogate:eq1_not_representable,dimension_by_phasec_representability_threeway,1,0,0.0,0,0.0,1,0,0,0.0,,,,,
poly_deg3_sin_cos_stlsq_0.01,3,True,0.01,IC2_to_IC1,generalization,3,surrogate:eq3_not_representable,dimension_by_phasec_representability_threeway,1,0,0.0,0,0.0,0,1,1,1.0,0.9423883902738982,0.9423883902738982,0.9423883902738982,0.9423883902738982,0.9423883902738982
poly_deg3_sin_cos_stlsq_0.01,3,True,0.01,IC2_to_IC1,generalization,4,exact,dimension_by_phasec_representability_threeway,1,0,0.0,0,0.0,1,0,0,0.0,,,,,
poly_deg3_sin_cos_stlsq_0.01,3,True,0.01,IC2_to_IC1,generalization,4,surrogate:eq1_not_representable,dimension_by_phasec_representability_threeway,1,0,0.0,0,0.0,1,0,0,0.0,,,,,
poly_deg3_sin_cos_stlsq_0.01,3,True,0.01,IC2_to_IC1,reconstruction,1,exact,dimension_by_phasec_representability_threeway,11,4,0.36363636363636365,4,0.36363636363636365,0,11,11,1.0,0.9999710516630795,0.9924507406647096,0.9999418236855169,0.9999860184139202,0.9999994502460838
poly_deg3_sin_cos_stlsq_0.01,3,True,0.01,IC2_to_IC1,reconstruction,1,surrogate:eq1_not_representable,dimension_by_phasec_representability_threeway,12,0,0.0,0,0.0,0,12,12,1.0,0.9999581478530406,0.9674052257696196,0.998606952080231,0.9999849181287301,0.9999995726650349
poly_deg3_sin_cos_stlsq_0.01,3,True,0.01,IC2_to_IC1,reconstruction,2,exact,dimension_by_phasec_representability_threeway,9,1,0.1111111111111111,1,0.1111111111111111,3,6,4,0.4444444444444444,0.9875953610979779,-15.33009986430597,-0.18797298220866687,0.9989621221011616,0.9997174704908367
poly_deg3_sin_cos_stlsq_0.01,3,True,0.01,IC2_to_IC1,reconstruction,2,surrogate:eq1_not_representable,dimension_by_phasec_representability_threeway,8,1,0.125,1,0.125,0,8,8,1.0,0.9955077767087328,0.9324933440969532,0.9875035446228904,0.9995344531357593,0.999986820170683
poly_deg3_sin_cos_stlsq_0.01,3,True,0.01,IC2_to_IC1,reconstruction,2,surrogate:eq2_not_representable,dimension_by_phasec_representability_threeway,6,2,0.3333333333333333,2,0.3333333333333333,0,6,6,1.0,0.9991189539650007,0.994060106550957,0.9968212549148229,0.9998553171551815,0.9999155012268094
poly_deg3_sin_cos_stlsq_0.01,3,True,0.01,IC2_to_IC1,reconstruction,3,exact,dimension_by_phasec_representability_threeway,4,0,0.0,0,0.0,1,3,0,0.0,0.2703781482661736,-0.7666266250739509,-0.2481242384038886,0.5386615597699117,0.8069449712736497
poly_deg3_sin_cos_stlsq_0.01,3,True,0.01,IC2_to_IC1,reconstruction,3,surrogate:eq1_not_representable,dimension_by_phasec_representability_threeway,1,0,0.0,0,0.0,0,1,1,1.0,0.9998490771015961,0.9998490771015961,0.9998490771015961,0.9998490771015961,0.9998490771015961
poly_deg3_sin_cos_stlsq_0.01,3,True,0.01,IC2_to_IC1,reconstruction,3,surrogate:eq3_not_representable,dimension_by_phasec_representability_threeway,1,0,0.0,0,0.0,0,1,1,1.0,0.9346956460615458,0.9346956460615458,0.9346956460615458,0.9346956460615458,0.9346956460615458
poly_deg3_sin_cos_stlsq_0.01,3,True,0.01,IC2_to_IC1,reconstruction,4,exact,dimension_by_phasec_representability_threeway,1,0,0.0,0,0.0,1,0,0,0.0,,,,,
poly_deg3_sin_cos_stlsq_0.01,3,True,0.01,IC2_to_IC1,reconstruction,4,surrogate:eq1_not_representable,dimension_by_phasec_representability_threeway,1,0,0.0,0,0.0,1,0,0,0.0,,,,,
poly_deg3_sin_cos_stlsq_0.1,3,True,0.1,IC1_to_IC2,generalization,1,exact,dimension_by_phasec_representability_threeway,11,5,0.45454545454545453,5,0.45454545454545453,0,11,8,0.7272727272727273,0.9999391263464953,-7430633.838744931,-3.0838008608129006,0.9999660028445791,0.9999871945148785
poly_deg3_sin_cos_stlsq_0.1,3,True,0.1,IC1_to_IC2,generalization,1,surrogate:eq1_not_representable,dimension_by_phasec_representability_threeway,12,2,0.16666666666666666,2,0.16666666666666666,0,12,7,0.5833333333333334,0.968987773226641,-9.32326137535975,-0.6327461074060574,0.9999798747976301,0.9999996293361822
poly_deg3_sin_cos_stlsq_0.1,3,True,0.1,IC1_to_IC2,generalization,2,exact,dimension_by_phasec_representability_threeway,9,4,0.4444444444444444,4,0.4444444444444444,2,7,6,0.6666666666666666,0.9972598018207643,-0.6186968039821694,0.9804844808272268,0.9995028887559002,0.9997229860210355
poly_deg3_sin_cos_stlsq_0.1,3,True,0.1,IC1_to_IC2,generalization,2,surrogate:eq1_not_representable,dimension_by_phasec_representability_threeway,10,1,0.1,1,0.1,2,8,4,0.4,0.9067478530564039,-4.000858057543944,0.11239651303032709,0.9985808609693375,0.9994555490242544
poly_deg3_sin_cos_stlsq_0.1,3,True,0.1,IC1_to_IC2,generalization,2,surrogate:eq2_not_representable,dimension_by_phasec_representability_threeway,6,2,0.3333333333333333,2,0.3333333333333333,1,5,4,0.6666666666666666,0.9985406353545805,-1.4701210585738236,0.9940094606104628,0.9999138918679552,0.9999211363964711
poly_deg3_sin_cos_stlsq_0.1,3,True,0.1,IC1_to_IC2,generalization,3,exact,dimension_by_phasec_representability_threeway,7,1,0.14285714285714285,1,0.14285714285714285,3,4,0,0.0,-5.13846380011212,-17.25358787329449,-9.95748623525494,-2.4186084467157603,-1.4200080539155875
poly_deg3_sin_cos_stlsq_0.1,3,True,0.1,IC1_to_IC2,generalization,3,surrogate:eq1_not_representable,dimension_by_phasec_representability_threeway,1,0,0.0,0,0.0,1,0,0,0.0,,,,,
poly_deg3_sin_cos_stlsq_0.1,3,True,0.1,IC1_to_IC2,generalization,4,exact,dimension_by_phasec_representability_threeway,1,0,0.0,0,0.0,0,1,0,0.0,-1.666276831858804,-1.666276831858804,-1.666276831858804,-1.666276831858804,-1.666276831858804
poly_deg3_sin_cos_stlsq_0.1,3,True,0.1,IC1_to_IC2,generalization,4,surrogate:eq1_not_representable,dimension_by_phasec_representability_threeway,1,0,0.0,0,0.0,0,1,0,0.0,-15.241361984703083,-15.241361984703083,-15.241361984703083,-15.241361984703083,-15.241361984703083
poly_deg3_sin_cos_stlsq_0.1,3,True,0.1,IC1_to_IC2,reconstruction,1,exact,dimension_by_phasec_representability_threeway,11,5,0.45454545454545453,5,0.45454545454545453,0,11,8,0.7272727272727273,0.9998711801479369,-29901.106704993286,0.8844888083877188,0.9999566563198878,0.999988512777978
poly_deg3_sin_cos_stlsq_0.1,3,True,0.1,IC1_to_IC2,reconstruction,1,surrogate:eq1_not_representable,dimension_by_phasec_representability_threeway,12,2,0.16666666666666666,2,0.16666666666666666,0,12,10,0.8333333333333334,0.9999223847745873,-3.28040688117461,0.9654259811048145,0.9999681808088688,0.9999940647306503
poly_deg3_sin_cos_stlsq_0.1,3,True,0.1,IC1_to_IC2,reconstruction,2,exact,dimension_by_phasec_representability_threeway,9,4,0.4444444444444444,4,0.4444444444444444,0,9,6,0.6666666666666666,0.9833299435318882,-0.5496382387942155,0.6912485467598696,0.9991658067715237,0.999951170789946
poly_deg3_sin_cos_stlsq_0.1,3,True,0.1,IC1_to_IC2,reconstruction,2,surrogate:eq1_not_representable,dimension_by_phasec_representability_threeway,10,1,0.1,1,0.1,0,10,8,0.8,0.9811031759500765,0.14537692766967453,0.9194946305866992,0.9992810937160804,0.9999765499524842
poly_deg3_sin_cos_stlsq_0.1,3,True,0.1,IC1_to_IC2,reconstruction,2,surrogate:eq2_not_representable,dimension_by_phasec_representability_threeway,6,2,0.3333333333333333,2,0.3333333333333333,0,6,5,0.8333333333333334,0.9971320489849638,-17037.75742287448,0.9825222291877489,0.9995740849659245,0.9999263873591882
poly_deg3_sin_cos_stlsq_0.1,3,True,0.1,IC1_to_IC2,reconstruction,3,exact,dimension_by_phasec_representability_threeway,7,1,0.14285714285714285,1,0.14285714285714285,0,7,0,0.0,-3.0031973965509295,-44.800800217845534,-25.569059149762083,-0.7225749775191075,0.8144583770319729
poly_deg3_sin_cos_stlsq_0.1,3,True,0.1,IC1_to_IC2,reconstruction,3,surrogate:eq1_not_representable,dimension_by_phasec_representability_threeway,1,0,0.0,0,0.0,0,1,0,0.0,-0.4343254578250644,-0.4343254578250644,-0.4343254578250644,-0.4343254578250644,-0.4343254578250644
poly_deg3_sin_cos_stlsq_0.1,3,True,0.1,IC1_to_IC2,reconstruction,4,exact,dimension_by_phasec_representability_threeway,1,0,0.0,0,0.0,0,1,0,0.0,-1.1316837732079665,-1.1316837732079665,-1.1316837732079665,-1.1316837732079665,-1.1316837732079665
poly_deg3_sin_cos_stlsq_0.1,3,True,0.1,IC1_to_IC2,reconstruction,4,surrogate:eq1_not_representable,dimension_by_phasec_representability_threeway,1,0,0.0,0,0.0,1,0,0,0.0,,,,,
poly_deg3_sin_cos_stlsq_0.1,3,True,0.1,IC2_to_IC1,generalization,1,exact,dimension_by_phasec_representability_threeway,11,3,0.2727272727272727,3,0.2727272727272727,0,11,6,0.5454545454545454,0.9802195476250042,-4.451146585214033,0.029246269479533182,0.9999483947251079,0.9999885352156951
poly_deg3_sin_cos_stlsq_0.1,3,True,0.1,IC2_to_IC1,generalization,1,surrogate:eq1_not_representable,dimension_by_phasec_representability_threeway,12,2,0.16666666666666666,2,0.16666666666666666,0,12,5,0.4166666666666667,0.6527157049912523,-128.82001593235773,-2.5299257077595203,0.967837443184303,0.9999928923366785
poly_deg3_sin_cos_stlsq_0.1,3,True,0.1,IC2_to_IC1,generalization,2,exact,dimension_by_phasec_representability_threeway,8,4,0.5,4,0.5,0,8,6,0.75,0.9883271139797172,-0.5581350046684321,0.7579894387121268,0.9991848699657043,0.9999269233726283
poly_deg3_sin_cos_stlsq_0.1,3,True,0.1,IC2_to_IC1,generalization,2,surrogate:eq1_not_representable,dimension_by_phasec_representability_threeway,11,0,0.0,0,0.0,2,9,2,0.18181818181818182,-1.9439208212873043,-8127.46723646968,-12.17060790369215,0.6203884184115573,0.9900462590641184
poly_deg3_sin_cos_stlsq_0.1,3,True,0.1,IC2_to_IC1,generalization,2,surrogate:eq2_not_representable,dimension_by_phasec_representability_threeway,6,2,0.3333333333333333,2,0.3333333333333333,0,6,4,0.6666666666666666,0.9971476404999778,-3.3506326706779985,0.8371142671795896,0.9995110485530649,0.9997980980406085
poly_deg3_sin_cos_stlsq_0.1,3,True,0.1,IC2_to_IC1,generalization,3,exact,dimension_by_phasec_representability_threeway,6,1,0.16666666666666666,1,0.16666666666666666,0,6,0,0.0,-1.9439205296855033,-19.58075602918287,-11.074785155464662,-0.5289958185750692,0.792199880235121
poly_deg3_sin_cos_stlsq_0.1,3,True,0.1,IC2_to_IC1,generalization,3,surrogate:eq1_not_representable,dimension_by_phasec_representability_threeway,1,0,0.0,0,0.0,1,0,0,0.0,,,,,
poly_deg3_sin_cos_stlsq_0.1,3,True,0.1,IC2_to_IC1,generalization,3,surrogate:eq3_not_representable,dimension_by_phasec_representability_threeway,1,0,0.0,0,0.0,0,1,0,0.0,-0.31078566772647825,-0.31078566772647825,-0.31078566772647825,-0.31078566772647825,-0.31078566772647825
poly_deg3_sin_cos_stlsq_0.1,3,True,0.1,IC2_to_IC1,generalization,4,exact,dimension_by_phasec_representability_threeway,1,0,0.0,0,0.0,0,1,0,0.0,-1.1541085149624368,-1.1541085149624368,-1.1541085149624368,-1.1541085149624368,-1.1541085149624368
poly_deg3_sin_cos_stlsq_0.1,3,True,0.1,IC2_to_IC1,generalization,4,surrogate:eq1_not_representable,dimension_by_phasec_representability_threeway,1,0,0.0,0,0.0,1,0,0,0.0,,,,,
poly_deg3_sin_cos_stlsq_0.1,3,True,0.1,IC2_to_IC1,reconstruction,1,exact,dimension_by_phasec_representability_threeway,11,3,0.2727272727272727,3,0.2727272727272727,0,11,8,0.7272727272727273,0.9995918363656084,-7.080370345019695,-1.2061043851806448,0.9999656197616402,0.9999871986622227
poly_deg3_sin_cos_stlsq_0.1,3,True,0.1,IC2_to_IC1,reconstruction,1,surrogate:eq1_not_representable,dimension_by_phasec_representability_threeway,12,2,0.16666666666666666,2,0.16666666666666666,0,12,8,0.6666666666666666,0.9995928829376308,-6.897940876033407,0.11815625330277446,0.9999652898667564,0.9999995726650349
poly_deg3_sin_cos_stlsq_0.1,3,True,0.1,IC2_to_IC1,reconstruction,2,exact,dimension_by_phasec_representability_threeway,8,4,0.5,4,0.5,0,8,7,0.875,0.9983540208931976,-0.5765093282634436,0.9819031540161968,0.9996899362562894,0.999827667241373
poly_deg3_sin_cos_stlsq_0.1,3,True,0.1,IC2_to_IC1,reconstruction,2,surrogate:eq1_not_representable,dimension_by_phasec_representability_threeway,11,0,0.0,0,0.0,1,10,9,0.8181818181818182,0.998834744588933,-10.065226890383416,0.9859900966993882,0.999591641623638,0.9999868005841956
poly_deg3_sin_cos_stlsq_0.1,3,True,0.1,IC2_to_IC1,reconstruction,2,surrogate:eq2_not_representable,dimension_by_phasec_representability_threeway,6,2,0.3333333333333333,2,0.3333333333333333,0,6,6,1.0,0.9964116145951565,0.9619339597022525,0.9941163717471925,0.9995634953164728,0.999915508869397
poly_deg3_sin_cos_stlsq_0.1,3,True,0.1,IC2_to_IC1,reconstruction,3,exact,dimension_by_phasec_representability_threeway,6,1,0.16666666666666666,1,0.16666666666666666,2,4,0,0.0,-0.1626356975601717,-12.356367868257463,-3.8368893282236316,0.7057362478476027,0.8075697321143785
poly_deg3_sin_cos_stlsq_0.1,3,True,0.1,IC2_to_IC1,reconstruction,3,surrogate:eq1_not_representable,dimension_by_phasec_representability_threeway,1,0,0.0,0,0.0,0,1,0,0.0,-0.4453635304905175,-0.4453635304905175,-0.4453635304905175,-0.4453635304905175,-0.4453635304905175
poly_deg3_sin_cos_stlsq_0.1,3,True,0.1,IC2_to_IC1,reconstruction,3,surrogate:eq3_not_representable,dimension_by_phasec_representability_threeway,1,0,0.0,0,0.0,0,1,0,0.0,-0.7341718033992349,-0.7341718033992349,-0.7341718033992349,-0.7341718033992349,-0.7341718033992349
poly_deg3_sin_cos_stlsq_0.1,3,True,0.1,IC2_to_IC1,reconstruction,4,exact,dimension_by_phasec_representability_threeway,1,0,0.0,0,0.0,0,1,0,0.0,-1.6622879427517,-1.6622879427517,-1.6622879427517,-1.6622879427517,-1.6622879427517
poly_deg3_sin_cos_stlsq_0.1,3,True,0.1,IC2_to_IC1,reconstruction,4,surrogate:eq1_not_representable,dimension_by_phasec_representability_threeway,1,0,0.0,0,0.0,0,1,1,1.0,0.9997843093655803,0.9997843093655803,0.9997843093655803,0.9997843093655803,0.9997843093655803
poly_deg3_stlsq_0.01,3,False,0.01,IC1_to_IC2,generalization,1,exact,dimension_by_phasec_representability_threeway,11,5,0.45454545454545453,5,0.45454545454545453,0,11,7,0.6363636363636364,0.9999391263464953,-7430633.838744931,0.8964966425539815,0.9999596550795313,0.9999974906522026
poly_deg3_stlsq_0.01,3,False,0.01,IC1_to_IC2,generalization,1,surrogate:eq1_not_representable,dimension_by_phasec_representability_threeway,12,0,0.0,0,0.0,1,11,8,0.6666666666666666,0.9880727489839658,-9.32326137535975,0.7516708464551058,0.9996149851719689,0.9999884621764371
poly_deg3_stlsq_0.01,3,False,0.01,IC1_to_IC2,generalization,2,exact,dimension_by_phasec_representability_threeway,9,3,0.3333333333333333,3,0.3333333333333333,2,7,3,0.3333333333333333,0.4939745825148215,-2.0584675698550536,0.3607799866695045,0.9885456553839111,0.999563999834538
poly_deg3_stlsq_0.01,3,False,0.01,IC1_to_IC2,generalization,2,surrogate:eq1_not_representable,dimension_by_phasec_representability_threeway,12,4,0.3333333333333333,4,0.3333333333333333,4,8,4,0.3333333333333333,0.8722782459711242,-19.101457922060394,0.6553330958676186,0.9993412678009875,0.9999804089617533
poly_deg3_stlsq_0.01,3,False,0.01,IC1_to_IC2,generalization,2,surrogate:eq2_not_representable,dimension_by_phasec_representability_threeway,6,2,0.3333333333333333,2,0.3333333333333333,0,6,3,0.5,0.7032232333154629,-4.931241440860093,-3.1692021857974546,0.997407841668551,0.9999347664704437
poly_deg3_stlsq_0.01,3,False,0.01,IC1_to_IC2,generalization,3,exact,dimension_by_phasec_representability_threeway,8,0,0.0,0,0.0,5,3,0,0.0,-6.2383640463843735,-7.733893524469308,-6.986128785426841,-3.5549564098545052,-0.8715487733246375
poly_deg3_stlsq_0.01,3,False,0.01,IC1_to_IC2,generalization,3,surrogate:eq1_not_representable,dimension_by_phasec_representability_threeway,1,0,0.0,0,0.0,0,1,0,0.0,-93.35083547476195,-93.35083547476195,-93.35083547476195,-93.35083547476195,-93.35083547476195
poly_deg3_stlsq_0.01,3,False,0.01,IC1_to_IC2,generalization,3,surrogate:eq3_not_representable,dimension_by_phasec_representability_threeway,1,0,0.0,0,0.0,0,1,0,0.0,-1.2012739609915517,-1.2012739609915517,-1.2012739609915517,-1.2012739609915517,-1.2012739609915517
poly_deg3_stlsq_0.01,3,False,0.01,IC1_to_IC2,generalization,4,exact,dimension_by_phasec_representability_threeway,1,0,0.0,0,0.0,1,0,0,0.0,,,,,
poly_deg3_stlsq_0.01,3,False,0.01,IC1_to_IC2,reconstruction,1,exact,dimension_by_phasec_representability_threeway,11,5,0.45454545454545453,5,0.45454545454545453,0,11,9,0.8181818181818182,0.9999255904379042,-29901.106704993286,0.9681858657503948,0.9999601356435837,0.9999903393498715
poly_deg3_stlsq_0.01,3,False,0.01,IC1_to_IC2,reconstruction,1,surrogate:eq1_not_representable,dimension_by_phasec_representability_threeway,12,0,0.0,0,0.0,0,12,12,1.0,0.9999577548173189,0.9318715639155434,0.9940755627827875,0.9999835014354034,0.9999943701321016
poly_deg3_stlsq_0.01,3,False,0.01,IC1_to_IC2,reconstruction,2,exact,dimension_by_phasec_representability_threeway,9,3,0.3333333333333333,3,0.3333333333333333,0,9,5,0.5555555555555556,0.9563254141189041,-204.0049633466229,0.3272907698345037,0.9984346071164119,0.999951170789946
poly_deg3_stlsq_0.01,3,False,0.01,IC1_to_IC2,reconstruction,2,surrogate:eq1_not_representable,dimension_by_phasec_representability_threeway,12,4,0.3333333333333333,4,0.3333333333333333,1,11,10,0.8333333333333334,0.9977844278098552,-0.4359140945631891,0.9828266358313202,0.9998686797947679,0.9999765136079128
poly_deg3_stlsq_0.01,3,False,0.01,IC1_to_IC2,reconstruction,2,surrogate:eq2_not_representable,dimension_by_phasec_representability_threeway,6,2,0.3333333333333333,2,0.3333333333333333,0,6,3,0.5,0.416927104711533,-3.7458313507201297,-1.7683883248213608,0.9980847736699139,0.9997678374431374
poly_deg3_stlsq_0.01,3,False,0.01,IC1_to_IC2,reconstruction,3,exact,dimension_by_phasec_representability_threeway,8,0,0.0,0,0.0,2,6,0,0.0,-1.962115910875449,-9.337361275752384,-7.321535480676996,-0.42846774186715697,0.813827345998499
poly_deg3_stlsq_0.01,3,False,0.01,IC1_to_IC2,reconstruction,3,surrogate:eq1_not_representable,dimension_by_phasec_representability_threeway,1,0,0.0,0,0.0,0,1,0,0.0,0.8362571887756326,0.8362571887756326,0.8362571887756326,0.8362571887756326,0.8362571887756326
poly_deg3_stlsq_0.01,3,False,0.01,IC1_to_IC2,reconstruction,3,surrogate:eq3_not_representable,dimension_by_phasec_representability_threeway,1,0,0.0,0,0.0,0,1,0,0.0,-0.7204653496922364,-0.7204653496922364,-0.7204653496922364,-0.7204653496922364,-0.7204653496922364
poly_deg3_stlsq_0.01,3,False,0.01,IC1_to_IC2,reconstruction,4,exact,dimension_by_phasec_representability_threeway,1,0,0.0,0,0.0,1,0,0,0.0,,,,,
poly_deg3_stlsq_0.01,3,False,0.01,IC2_to_IC1,generalization,1,exact,dimension_by_phasec_representability_threeway,11,6,0.5454545454545454,6,0.5454545454545454,1,10,7,0.6363636363636364,0.9998990583971786,0.7516444558168571,0.9066756765823697,0.9999529293962919,0.9999903264483245
poly_deg3_stlsq_0.01,3,False,0.01,IC2_to_IC1,generalization,1,surrogate:eq1_not_representable,dimension_by_phasec_representability_threeway,12,0,0.0,0,0.0,1,11,4,0.3333333333333333,0.8548214246565641,-128.82001593235773,-3.501962630554064,0.9873980935228601,0.9999925944211995
poly_deg3_stlsq_0.01,3,False,0.01,IC2_to_IC1,generalization,2,exact,dimension_by_phasec_representability_threeway,8,3,0.375,3,0.375,3,5,3,0.375,0.977953966478692,-0.5581350046684321,0.5016525695064218,0.9876311696789527,0.9991775273507163
poly_deg3_stlsq_0.01,3,False,0.01,IC2_to_IC1,generalization,2,surrogate:eq1_not_representable,dimension_by_phasec_representability_threeway,12,2,0.16666666666666666,2,0.16666666666666666,2,10,3,0.25,0.4954977380261075,-13.065060280447431,-1.0303313009210078,0.9250709124712233,0.9999100435111181
poly_deg3_stlsq_0.01,3,False,0.01,IC2_to_IC1,generalization,2,surrogate:eq2_not_representable,dimension_by_phasec_representability_threeway,6,2,0.3333333333333333,2,0.3333333333333333,0,6,3,0.5,0.6813089149626601,-7.488429548307852,-1.8922930338218085,0.9978651300162066,0.9990354219457027
poly_deg3_stlsq_0.01,3,False,0.01,IC2_to_IC1,generalization,3,exact,dimension_by_phasec_representability_threeway,5,0,0.0,0,0.0,1,4,0,0.0,-0.6499233643165592,-8.435634522616725,-2.8273875503778036,-0.09944745069724686,0.6278347042158783
poly_deg3_stlsq_0.01,3,False,0.01,IC2_to_IC1,generalization,3,surrogate:eq1_not_representable,dimension_by_phasec_representability_threeway,1,0,0.0,0,0.0,1,0,0,0.0,,,,,
poly_deg3_stlsq_0.01,3,False,0.01,IC2_to_IC1,generalization,3,surrogate:eq3_not_representable,dimension_by_phasec_representability_threeway,1,0,0.0,0,0.0,0,1,0,0.0,0.6592851526450644,0.6592851526450644,0.6592851526450644,0.6592851526450644,0.6592851526450644
poly_deg3_stlsq_0.01,3,False,0.01,IC2_to_IC1,generalization,4,exact,dimension_by_phasec_representability_threeway,1,0,0.0,0,0.0,1,0,0,0.0,,,,,
poly_deg3_stlsq_0.01,3,False,0.01,IC2_to_IC1,reconstruction,1,exact,dimension_by_phasec_representability_threeway,11,6,0.5454545454545454,6,0.5454545454545454,0,11,11,1.0,0.9999710516630795,0.9924507406647096,0.9999419615773333,0.999985477845006,0.9999994502460838
poly_deg3_stlsq_0.01,3,False,0.01,IC2_to_IC1,reconstruction,1,surrogate:eq1_not_representable,dimension_by_phasec_representability_threeway,12,0,0.0,0,0.0,0,12,12,1.0,0.9998872472199324,0.9674052257696196,0.9983304669318906,0.9999860918101536,0.9999995726163764
poly_deg3_stlsq_0.01,3,False,0.01,IC2_to_IC1,reconstruction,2,exact,dimension_by_phasec_representability_threeway,8,3,0.375,3,0.375,1,7,4,0.5,0.9776403003215399,-0.5765093282634436,0.7285791051364233,0.9985710143182938,0.9998162020081551
poly_deg3_stlsq_0.01,3,False,0.01,IC2_to_IC1,reconstruction,2,surrogate:eq1_not_representable,dimension_by_phasec_representability_threeway,12,2,0.16666666666666666,2,0.16666666666666666,1,11,8,0.6666666666666666,0.9918017219111758,-1.0089664591754943,0.8167714958910233,0.999651580219235,0.9999868196410916
poly_deg3_stlsq_0.01,3,False,0.01,IC2_to_IC1,reconstruction,2,surrogate:eq2_not_representable,dimension_by_phasec_representability_threeway,6,2,0.3333333333333333,2,0.3333333333333333,0,6,5,0.8333333333333334,0.9930530095565326,0.6439365332662061,0.96598058530981,0.9974185730285499,0.9999062774369526
poly_deg3_stlsq_0.01,3,False,0.01,IC2_to_IC1,reconstruction,3,exact,dimension_by_phasec_representability_threeway,5,0,0.0,0,0.0,2,3,0,0.0,0.7023194254833673,-1.177543848252385,-0.23761221138450883,0.7537587145305944,0.8051980035778213
poly_deg3_stlsq_0.01,3,False,0.01,IC2_to_IC1,reconstruction,3,surrogate:eq1_not_representable,dimension_by_phasec_representability_threeway,1,0,0.0,0,0.0,0,1,1,1.0,0.9998594030251353,0.9998594030251353,0.9998594030251353,0.9998594030251353,0.9998594030251353
poly_deg3_stlsq_0.01,3,False,0.01,IC2_to_IC1,reconstruction,3,surrogate:eq3_not_representable,dimension_by_phasec_representability_threeway,1,0,0.0,0,0.0,0,1,0,0.0,0.5352408418425534,0.5352408418425534,0.5352408418425534,0.5352408418425534,0.5352408418425534
poly_deg3_stlsq_0.01,3,False,0.01,IC2_to_IC1,reconstruction,4,exact,dimension_by_phasec_representability_threeway,1,0,0.0,0,0.0,1,0,0,0.0,,,,,
poly_deg3_stlsq_0.1,3,False,0.1,IC1_to_IC2,generalization,1,exact,dimension_by_phasec_representability_threeway,11,5,0.45454545454545453,5,0.45454545454545453,0,11,6,0.5454545454545454,0.9127686233938931,-7430633.838744931,-3.1718394359917372,0.9999513483047525,0.9999871945148785
poly_deg3_stlsq_0.1,3,False,0.1,IC1_to_IC2,generalization,1,surrogate:eq1_not_representable,dimension_by_phasec_representability_threeway,12,2,0.16666666666666666,2,0.16666666666666666,0,12,7,0.5833333333333334,0.9454456373061001,-9.32326137535975,-1.8259951542999162,0.998820786372534,0.9999778972319607
poly_deg3_stlsq_0.1,3,False,0.1,IC1_to_IC2,generalization,2,exact,dimension_by_phasec_representability_threeway,9,6,0.6666666666666666,6,0.6666666666666666,2,7,4,0.4444444444444444,0.9776447806859583,-0.6186968039821694,0.1022635680048346,0.9995028887559002,0.9998390314135828
poly_deg3_stlsq_0.1,3,False,0.1,IC1_to_IC2,generalization,2,surrogate:eq1_not_representable,dimension_by_phasec_representability_threeway,11,2,0.18181818181818182,2,0.18181818181818182,2,9,5,0.45454545454545453,0.9483704176147433,-186.27508092275767,-1.7241024157947278,0.9988811108803641,0.9994555490242544
poly_deg3_stlsq_0.1,3,False,0.1,IC1_to_IC2,generalization,2,surrogate:eq2_not_representable,dimension_by_phasec_representability_threeway,6,2,0.3333333333333333,2,0.3333333333333333,1,5,3,0.5,0.9940094606104628,-4.931241440860093,0.5260761606456288,0.9985406353545805,0.9999204484238751
poly_deg3_stlsq_0.1,3,False,0.1,IC1_to_IC2,generalization,3,exact,dimension_by_phasec_representability_threeway,7,2,0.2857142857142857,2,0.2857142857142857,3,4,0,0.0,-4.472730204912005,-48.61985649626539,-17.799053390997667,-0.9034256253236905,0.6463216604520006
poly_deg3_stlsq_0.1,3,False,0.1,IC1_to_IC2,generalization,3,surrogate:eq1_not_representable,dimension_by_phasec_representability_threeway,1,0,0.0,0,0.0,1,0,0,0.0,,,,,
poly_deg3_stlsq_0.1,3,False,0.1,IC1_to_IC2,generalization,3,surrogate:eq3_not_representable,dimension_by_phasec_representability_threeway,1,0,0.0,0,0.0,0,1,0,0.0,0.2071284122271051,0.2071284122271051,0.2071284122271051,0.2071284122271051,0.2071284122271051
poly_deg3_stlsq_0.1,3,False,0.1,IC1_to_IC2,generalization,4,exact,dimension_by_phasec_representability_threeway,1,0,0.0,0,0.0,0,1,0,0.0,-0.444370781616046,-0.444370781616046,-0.444370781616046,-0.444370781616046,-0.444370781616046
poly_deg3_stlsq_0.1,3,False,0.1,IC1_to_IC2,generalization,4,surrogate:eq1_not_representable,dimension_by_phasec_representability_threeway,1,0,0.0,0,0.0,0,1,0,0.0,-439.5972734409207,-439.5972734409207,-439.5972734409207,-439.5972734409207,-439.5972734409207
poly_deg3_stlsq_0.1,3,False,0.1,IC1_to_IC2,reconstruction,1,exact,dimension_by_phasec_representability_threeway,11,5,0.45454545454545453,5,0.45454545454545453,0,11,8,0.7272727272727273,0.9996489307118607,-29901.106704993286,0.8677787505169643,0.9999324529384572,0.9999871986621937
poly_deg3_stlsq_0.1,3,False,0.1,IC1_to_IC2,reconstruction,1,surrogate:eq1_not_representable,dimension_by_phasec_representability_threeway,12,2,0.16666666666666666,2,0.16666666666666666,0,12,10,0.8333333333333334,0.9943984755689557,-3.28040688117461,0.9510821487660555,0.9999037324501132,0.9999959937027724
poly_deg3_stlsq_0.1,3,False,0.1,IC1_to_IC2,reconstruction,2,exact,dimension_by_phasec_representability_threeway,9,6,0.6666666666666666,6,0.6666666666666666,0,9,6,0.6666666666666666,0.9779531390560534,-0.5496382387942155,0.6912485467598696,0.9991658067715237,0.999951170789946
poly_deg3_stlsq_0.1,3,False,0.1,IC1_to_IC2,reconstruction,2,surrogate:eq1_not_representable,dimension_by_phasec_representability_threeway,11,2,0.18181818181818182,2,0.18181818181818182,0,11,9,0.8181818181818182,0.9765599572972301,0.5315012801184126,0.9287120238059293,0.998789914787301,0.999974609842901
poly_deg3_stlsq_0.1,3,False,0.1,IC1_to_IC2,reconstruction,2,surrogate:eq2_not_representable,dimension_by_phasec_representability_threeway,6,2,0.3333333333333333,2,0.3333333333333333,0,6,4,0.6666666666666666,0.9526773678121547,-0.16137239019199745,0.8600027776563138,0.9980847736699139,0.9997599645118445
poly_deg3_stlsq_0.1,3,False,0.1,IC1_to_IC2,reconstruction,3,exact,dimension_by_phasec_representability_threeway,7,2,0.2857142857142857,2,0.2857142857142857,0,7,0,0.0,-2.9678969591181334,-1543162.700786764,-10.305286629770874,-0.7225749775191075,0.8128199816306041
poly_deg3_stlsq_0.1,3,False,0.1,IC1_to_IC2,reconstruction,3,surrogate:eq1_not_representable,dimension_by_phasec_representability_threeway,1,0,0.0,0,0.0,0,1,1,1.0,0.9695525640995166,0.9695525640995166,0.9695525640995166,0.9695525640995166,0.9695525640995166
poly_deg3_stlsq_0.1,3,False,0.1,IC1_to_IC2,reconstruction,3,surrogate:eq3_not_representable,dimension_by_phasec_representability_threeway,1,0,0.0,0,0.0,0,1,0,0.0,0.36897683279412963,0.36897683279412963,0.36897683279412963,0.36897683279412963,0.36897683279412963
poly_deg3_stlsq_0.1,3,False,0.1,IC1_to_IC2,reconstruction,4,exact,dimension_by_phasec_representability_threeway,1,0,0.0,0,0.0,0,1,0,0.0,-0.1529975210037689,-0.1529975210037689,-0.1529975210037689,-0.1529975210037689,-0.1529975210037689
poly_deg3_stlsq_0.1,3,False,0.1,IC1_to_IC2,reconstruction,4,surrogate:eq1_not_representable,dimension_by_phasec_representability_threeway,1,0,0.0,0,0.0,1,0,0,0.0,,,,,
poly_deg3_stlsq_0.1,3,False,0.1,IC2_to_IC1,generalization,1,exact,dimension_by_phasec_representability_threeway,11,5,0.45454545454545453,5,0.45454545454545453,1,10,6,0.5454545454545454,0.9975152005074284,-3.942820462206978,0.7648219562158673,0.9999359621399321,0.9999871998843637
poly_deg3_stlsq_0.1,3,False,0.1,IC2_to_IC1,generalization,1,surrogate:eq1_not_representable,dimension_by_phasec_representability_threeway,12,2,0.16666666666666666,2,0.16666666666666666,1,11,3,0.25,-2.279765316621157,-128.82001593235773,-5.290443100467143,0.8784557918782576,0.9999973735339998
poly_deg3_stlsq_0.1,3,False,0.1,IC2_to_IC1,generalization,2,exact,dimension_by_phasec_representability_threeway,8,5,0.625,5,0.625,2,6,4,0.5,0.9806419578276181,-0.6435604311067583,-0.1741127618816511,0.9952156328071733,0.9992068978106685
poly_deg3_stlsq_0.1,3,False,0.1,IC2_to_IC1,generalization,2,surrogate:eq1_not_representable,dimension_by_phasec_representability_threeway,12,1,0.08333333333333333,1,0.08333333333333333,3,9,4,0.3333333333333333,0.6203884184115571,-6587.563461186401,0.027538631057267948,0.9770954006705239,0.9973543245365559
poly_deg3_stlsq_0.1,3,False,0.1,IC2_to_IC1,generalization,2,surrogate:eq2_not_representable,dimension_by_phasec_representability_threeway,6,2,0.3333333333333333,2,0.3333333333333333,0,6,3,0.5,0.8861646964020593,-7.488429548307852,0.726477319864145,0.9980915312228402,0.9993047274428928
poly_deg3_stlsq_0.1,3,False,0.1,IC2_to_IC1,generalization,3,exact,dimension_by_phasec_representability_threeway,5,2,0.4,2,0.4,1,4,0,0.0,-6.172581779912692,-40.364740792833494,-18.72227927480229,-0.4331447090717057,0.7785355368136645
poly_deg3_stlsq_0.1,3,False,0.1,IC2_to_IC1,generalization,3,surrogate:eq1_not_representable,dimension_by_phasec_representability_threeway,1,0,0.0,0,0.0,1,0,0,0.0,,,,,
poly_deg3_stlsq_0.1,3,False,0.1,IC2_to_IC1,generalization,3,surrogate:eq3_not_representable,dimension_by_phasec_representability_threeway,1,0,0.0,0,0.0,0,1,0,0.0,0.3949892220347189,0.3949892220347189,0.3949892220347189,0.3949892220347189,0.3949892220347189
poly_deg3_stlsq_0.1,3,False,0.1,IC2_to_IC1,generalization,4,exact,dimension_by_phasec_representability_threeway,1,0,0.0,0,0.0,0,1,0,0.0,-0.13825579544094524,-0.13825579544094524,-0.13825579544094524,-0.13825579544094524,-0.13825579544094524
poly_deg3_stlsq_0.1,3,False,0.1,IC2_to_IC1,generalization,4,surrogate:eq1_not_representable,dimension_by_phasec_representability_threeway,1,0,0.0,0,0.0,0,1,0,0.0,0.3336799026916332,0.3336799026916332,0.3336799026916332,0.3336799026916332,0.3336799026916332
poly_deg3_stlsq_0.1,3,False,0.1,IC2_to_IC1,reconstruction,1,exact,dimension_by_phasec_representability_threeway,11,5,0.45454545454545453,5,0.45454545454545453,0,11,9,0.8181818181818182,0.999944796808113,-7.080370345019695,0.9960248525950326,0.9999726167202081,0.9999874322818294
poly_deg3_stlsq_0.1,3,False,0.1,IC2_to_IC1,reconstruction,1,surrogate:eq1_not_representable,dimension_by_phasec_representability_threeway,12,2,0.16666666666666666,2,0.16666666666666666,0,12,9,0.75,0.9995928829376308,-6.897940876033407,0.9297027509274848,0.9999638012566417,0.9999898751801799
poly_deg3_stlsq_0.1,3,False,0.1,IC2_to_IC1,reconstruction,2,exact,dimension_by_phasec_representability_threeway,8,5,0.625,5,0.625,0,8,5,0.625,0.980482235320233,-0.5765093282634436,0.7970762458296718,0.9981054106391976,0.999827667241373
poly_deg3_stlsq_0.1,3,False,0.1,IC2_to_IC1,reconstruction,2,surrogate:eq1_not_representable,dimension_by_phasec_representability_threeway,12,1,0.08333333333333333,1,0.08333333333333333,1,11,7,0.5833333333333334,0.9792873288006199,-39.08960737456737,0.606351911661739,0.9993043590321723,0.9999868005841956
poly_deg3_stlsq_0.1,3,False,0.1,IC2_to_IC1,reconstruction,2,surrogate:eq2_not_representable,dimension_by_phasec_representability_threeway,6,2,0.3333333333333333,2,0.3333333333333333,0,6,5,0.8333333333333334,0.9930530095565326,0.5698949736677765,0.9803104745269366,0.9974185730285499,0.9999017306652422
poly_deg3_stlsq_0.1,3,False,0.1,IC2_to_IC1,reconstruction,3,exact,dimension_by_phasec_representability_threeway,5,2,0.4,2,0.4,0,5,0,0.0,-1.4751573534533806,-14.085027365805665,-7.479376750587067,-0.9970631482123542,0.8070444249869516
poly_deg3_stlsq_0.1,3,False,0.1,IC2_to_IC1,reconstruction,3,surrogate:eq1_not_representable,dimension_by_phasec_representability_threeway,1,0,0.0,0,0.0,0,1,1,1.0,0.9946608814734886,0.9946608814734886,0.9946608814734886,0.9946608814734886,0.9946608814734886
poly_deg3_stlsq_0.1,3,False,0.1,IC2_to_IC1,reconstruction,3,surrogate:eq3_not_representable,dimension_by_phasec_representability_threeway,1,0,0.0,0,0.0,0,1,0,0.0,0.235103287628867,0.235103287628867,0.235103287628867,0.235103287628867,0.235103287628867
poly_deg3_stlsq_0.1,3,False,0.1,IC2_to_IC1,reconstruction,4,exact,dimension_by_phasec_representability_threeway,1,0,0.0,0,0.0,0,1,0,0.0,-0.42864702099131924,-0.42864702099131924,-0.42864702099131924,-0.42864702099131924,-0.42864702099131924
poly_deg3_stlsq_0.1,3,False,0.1,IC2_to_IC1,reconstruction,4,surrogate:eq1_not_representable,dimension_by_phasec_representability_threeway,1,0,0.0,0,0.0,0,1,1,1.0,0.9995117388809348,0.9995117388809348,0.9995117388809348,0.9995117388809348,0.9995117388809348
poly_deg4_stlsq_0.01,4,False,0.01,IC1_to_IC2,generalization,1,exact,dimension_by_phasec_representability_threeway,11,4,0.36363636363636365,4,0.36363636363636365,0,11,8,0.7272727272727273,0.9999391263464953,-7430633.838744931,0.8063581841854024,0.9999593694308058,0.9999974906522026
poly_deg4_stlsq_0.01,4,False,0.01,IC1_to_IC2,generalization,1,surrogate:eq1_not_representable,dimension_by_phasec_representability_threeway,12,0,0.0,0,0.0,0,12,7,0.5833333333333334,0.9933919259024652,-9.32326137535975,0.557807204294865,0.9999675877809515,0.9999824129224312
poly_deg4_stlsq_0.01,4,False,0.01,IC1_to_IC2,generalization,2,exact,dimension_by_phasec_representability_threeway,9,3,0.3333333333333333,3,0.3333333333333333,3,6,3,0.3333333333333333,0.8027096532881088,0.41791911639495594,0.5274225329356109,0.9939945638525063,0.999563999834538
poly_deg4_stlsq_0.01,4,False,0.01,IC1_to_IC2,generalization,2,surrogate:eq1_not_representable,dimension_by_phasec_representability_threeway,10,1,0.1,1,0.1,3,7,4,0.4,0.9913005427394366,-0.4247125471131399,0.7429754144658698,0.9966180750103026,0.9999804089617533
poly_deg4_stlsq_0.01,4,False,0.01,IC1_to_IC2,generalization,2,surrogate:eq2_not_representable,dimension_by_phasec_representability_threeway,6,2,0.3333333333333333,2,0.3333333333333333,1,5,3,0.5,0.9940094606104628,-4.750682013697432,-0.6910288013870425,0.9985406353545805,0.9999347664704437
poly_deg4_stlsq_0.01,4,False,0.01,IC1_to_IC2,generalization,3,exact,dimension_by_phasec_representability_threeway,8,0,0.0,0,0.0,6,2,0,0.0,-3.7808579398941156,-6.690167106463593,-5.235512523178855,-2.3262033566093763,-0.8715487733246375
poly_deg4_stlsq_0.01,4,False,0.01,IC1_to_IC2,generalization,3,surrogate:eq1_not_representable,dimension_by_phasec_representability_threeway,1,0,0.0,0,0.0,0,1,0,0.0,-113.21074471771773,-113.21074471771773,-113.21074471771773,-113.21074471771773,-113.21074471771773
poly_deg4_stlsq_0.01,4,False,0.01,IC1_to_IC2,generalization,3,surrogate:eq3_not_representable,dimension_by_phasec_representability_threeway,1,1,1.0,1,1.0,0,1,0,0.0,0.1769515276297514,0.1769515276297514,0.1769515276297514,0.1769515276297514,0.1769515276297514
poly_deg4_stlsq_0.01,4,False,0.01,IC1_to_IC2,generalization,4,exact,dimension_by_phasec_representability_threeway,1,0,0.0,0,0.0,1,0,0,0.0,,,,,
poly_deg4_stlsq_0.01,4,False,0.01,IC1_to_IC2,generalization,4,surrogate:eq1_not_representable,dimension_by_phasec_representability_threeway,1,0,0.0,0,0.0,1,0,0,0.0,,,,,
poly_deg4_stlsq_0.01,4,False,0.01,IC1_to_IC2,reconstruction,1,exact,dimension_by_phasec_representability_threeway,11,4,0.36363636363636365,4,0.36363636363636365,0,11,9,0.8181818181818182,0.9999255904379042,-29901.106704993286,0.9887694686526542,0.9999806896313641,0.9999903393498715
poly_deg4_stlsq_0.01,4,False,0.01,IC1_to_IC2,reconstruction,1,surrogate:eq1_not_representable,dimension_by_phasec_representability_threeway,12,0,0.0,0,0.0,0,12,11,0.9166666666666666,0.9999350073582981,-0.8331907614242005,0.9951553697652059,0.9999833214901906,0.9999931257329168
poly_deg4_stlsq_0.01,4,False,0.01,IC1_to_IC2,reconstruction,2,exact,dimension_by_phasec_representability_threeway,9,3,0.3333333333333333,3,0.3333333333333333,2,7,5,0.5555555555555556,0.9779558061800884,-0.8833712027961437,0.8249536950693854,0.9988002069439678,0.999951170789946
poly_deg4_stlsq_0.01,4,False,0.01,IC1_to_IC2,reconstruction,2,surrogate:eq1_not_representable,dimension_by_phasec_representability_threeway,10,1,0.1,1,0.1,2,8,7,0.7,0.9991494718475955,0.7828047293760573,0.9903489316748866,0.9998392021068137,0.9999641227375657
poly_deg4_stlsq_0.01,4,False,0.01,IC1_to_IC2,reconstruction,2,surrogate:eq2_not_representable,dimension_by_phasec_representability_threeway,6,2,0.3333333333333333,2,0.3333333333333333,1,5,3,0.5,0.9952265996150634,0.3498139776275778,0.8241858330703129,0.999037498354864,0.9997678374431374
poly_deg4_stlsq_0.01,4,False,0.01,IC1_to_IC2,reconstruction,3,exact,dimension_by_phasec_representability_threeway,8,0,0.0,0,0.0,2,6,0,0.0,-1.962115910875449,-6.451678154921176,-4.459474745136361,-0.40899944304576596,0.8145670358602729
poly_deg4_stlsq_0.01,4,False,0.01,IC1_to_IC2,reconstruction,3,surrogate:eq1_not_representable,dimension_by_phasec_representability_threeway,1,0,0.0,0,0.0,0,1,1,1.0,0.9988684183878345,0.9988684183878345,0.9988684183878345,0.9988684183878345,0.9988684183878345
poly_deg4_stlsq_0.01,4,False,0.01,IC1_to_IC2,reconstruction,3,surrogate:eq3_not_representable,dimension_by_phasec_representability_threeway,1,1,1.0,1,1.0,0,1,0,0.0,0.1813241316140839,0.1813241316140839,0.1813241316140839,0.1813241316140839,0.1813241316140839
poly_deg4_stlsq_0.01,4,False,0.01,IC1_to_IC2,reconstruction,4,exact,dimension_by_phasec_representability_threeway,1,0,0.0,0,0.0,1,0,0,0.0,,,,,
poly_deg4_stlsq_0.01,4,False,0.01,IC1_to_IC2,reconstruction,4,surrogate:eq1_not_representable,dimension_by_phasec_representability_threeway,1,0,0.0,0,0.0,1,0,0,0.0,,,,,
poly_deg4_stlsq_0.01,4,False,0.01,IC2_to_IC1,generalization,1,exact,dimension_by_phasec_representability_threeway,11,5,0.45454545454545453,5,0.45454545454545453,2,9,6,0.5454545454545454,0.9998716472749604,-5.174167228149249,0.8595779334709988,0.9999391263467772,0.9999903264483245
poly_deg4_stlsq_0.01,4,False,0.01,IC2_to_IC1,generalization,1,surrogate:eq1_not_representable,dimension_by_phasec_representability_threeway,12,0,0.0,0,0.0,1,11,4,0.3333333333333333,0.5413796278493133,-128.82001593235773,-14.671526726679698,0.9873980935228601,0.9999925630380462
poly_deg4_stlsq_0.01,4,False,0.01,IC2_to_IC1,generalization,2,exact,dimension_by_phasec_representability_threeway,5,2,0.4,2,0.4,0,5,2,0.4,0.5016525695064218,-0.5581350046684321,0.37509840129815963,0.9779554390655394,0.9991775273507163
poly_deg4_stlsq_0.01,4,False,0.01,IC2_to_IC1,generalization,2,surrogate:eq1_not_representable,dimension_by_phasec_representability_threeway,10,1,0.1,1,0.1,4,6,2,0.2,-0.38358589315186553,-4.029014291815116,-2.5188912099937486,0.8878133244713837,0.9997873017722398
poly_deg4_stlsq_0.01,4,False,0.01,IC2_to_IC1,generalization,2,surrogate:eq2_not_representable,dimension_by_phasec_representability_threeway,6,2,0.3333333333333333,2,0.3333333333333333,0,6,4,0.6666666666666666,0.955453204281673,-1.7336953487810365,0.5044301155305767,0.9979533134246467,0.9990354219457027
poly_deg4_stlsq_0.01,4,False,0.01,IC2_to_IC1,generalization,3,exact,dimension_by_phasec_representability_threeway,5,0,0.0,0,0.0,2,3,0,0.0,-3.9579394127558998,-5.685047522239807,-4.821493467497853,-2.519128200586862,-1.0803169884178236
poly_deg4_stlsq_0.01,4,False,0.01,IC2_to_IC1,generalization,3,surrogate:eq3_not_representable,dimension_by_phasec_representability_threeway,1,1,1.0,1,1.0,0,1,0,0.0,0.18147040346099788,0.18147040346099788,0.18147040346099788,0.18147040346099788,0.18147040346099788
poly_deg4_stlsq_0.01,4,False,0.01,IC2_to_IC1,generalization,4,exact,dimension_by_phasec_representability_threeway,1,0,0.0,0,0.0,1,0,0,0.0,,,,,
poly_deg4_stlsq_0.01,4,False,0.01,IC2_to_IC1,generalization,4,surrogate:eq1_not_representable,dimension_by_phasec_representability_threeway,1,0,0.0,0,0.0,1,0,0,0.0,,,,,
poly_deg4_stlsq_0.01,4,False,0.01,IC2_to_IC1,reconstruction,1,exact,dimension_by_phasec_representability_threeway,11,5,0.45454545454545453,5,0.45454545454545453,0,11,10,0.9090909090909091,0.9999570577476173,0.22634586799006973,0.999761133379335,0.9999860318976073,0.9999994502460838
poly_deg4_stlsq_0.01,4,False,0.01,IC2_to_IC1,reconstruction,1,surrogate:eq1_not_representable,dimension_by_phasec_representability_threeway,12,0,0.0,0,0.0,0,12,12,1.0,0.9999517681824786,0.9674052257696196,0.9983304669318906,0.999986312198501,0.9999995725994476
poly_deg4_stlsq_0.01,4,False,0.01,IC2_to_IC1,reconstruction,2,exact,dimension_by_phasec_representability_threeway,5,2,0.4,2,0.4,0,5,3,0.6,0.9776327978865038,-0.5765093282634436,0.7759497316960586,0.9976915291251747,0.9994504995114128
poly_deg4_stlsq_0.01,4,False,0.01,IC2_to_IC1,reconstruction,2,surrogate:eq1_not_representable,dimension_by_phasec_representability_threeway,10,1,0.1,1,0.1,0,10,7,0.7,0.9856619972699625,-0.5771002138810982,0.16257908143739142,0.9993183360142492,0.9999868200627402
poly_deg4_stlsq_0.01,4,False,0.01,IC2_to_IC1,reconstruction,2,surrogate:eq2_not_representable,dimension_by_phasec_representability_threeway,6,2,0.3333333333333333,2,0.3333333333333333,0,6,5,0.8333333333333334,0.9756761247216668,0.5845455041692376,0.9374962743298243,0.9974185730285499,0.9999075888346455
poly_deg4_stlsq_0.01,4,False,0.01,IC2_to_IC1,reconstruction,3,exact,dimension_by_phasec_representability_threeway,5,0,0.0,0,0.0,1,4,0,0.0,-0.15012193312116084,-6.124460297579636,-2.2999813252090653,0.7265974272248257,0.7316563043696419
poly_deg4_stlsq_0.01,4,False,0.01,IC2_to_IC1,reconstruction,3,surrogate:eq3_not_representable,dimension_by_phasec_representability_threeway,1,1,1.0,1,1.0,0,1,0,0.0,0.17721104490286374,0.17721104490286374,0.17721104490286374,0.17721104490286374,0.17721104490286374
poly_deg4_stlsq_0.01,4,False,0.01,IC2_to_IC1,reconstruction,4,exact,dimension_by_phasec_representability_threeway,1,0,0.0,0,0.0,1,0,0,0.0,,,,,
poly_deg4_stlsq_0.01,4,False,0.01,IC2_to_IC1,reconstruction,4,surrogate:eq1_not_representable,dimension_by_phasec_representability_threeway,1,0,0.0,0,0.0,1,0,0,0.0,,,,,
poly_deg4_stlsq_0.1,4,False,0.1,IC1_to_IC2,generalization,1,exact,dimension_by_phasec_representability_threeway,11,4,0.36363636363636365,4,0.36363636363636365,0,11,7,0.6363636363636364,0.9894546831990099,-7430633.838744931,-3.2081497236126104,0.9999420634431,0.9999871945148785
poly_deg4_stlsq_0.1,4,False,0.1,IC1_to_IC2,generalization,1,surrogate:eq1_not_representable,dimension_by_phasec_representability_threeway,12,2,0.16666666666666666,2,0.16666666666666666,0,12,7,0.5833333333333334,0.9454456373061001,-9.32326137535975,-1.8259951542999162,0.9999591380005897,0.9999824129224312
poly_deg4_stlsq_0.1,4,False,0.1,IC1_to_IC2,generalization,2,exact,dimension_by_phasec_representability_threeway,9,5,0.5555555555555556,5,0.5555555555555556,2,7,4,0.4444444444444444,0.969246305570344,-0.6186968039821694,0.09917673322258136,0.9885432791816103,0.999563999834538
poly_deg4_stlsq_0.1,4,False,0.1,IC1_to_IC2,generalization,2,surrogate:eq1_not_representable,dimension_by_phasec_representability_threeway,11,1,0.09090909090909091,1,0.09090909090909091,2,9,4,0.36363636363636365,0.7869166340739249,-2.1102567407798904,-0.6560685478757597,0.9452178886370608,0.9993031740598985
poly_deg4_stlsq_0.1,4,False,0.1,IC1_to_IC2,generalization,2,surrogate:eq2_not_representable,dimension_by_phasec_representability_threeway,6,2,0.3333333333333333,2,0.3333333333333333,1,5,3,0.5,0.9940094606104628,-1563.5276253138354,-4.931241440860002,0.9985406353545805,0.9999204484238751
poly_deg4_stlsq_0.1,4,False,0.1,IC1_to_IC2,generalization,3,exact,dimension_by_phasec_representability_threeway,7,1,0.14285714285714285,1,0.14285714285714285,3,4,0,0.0,-5.001882726252463,-31.38889713040092,-13.491313549531547,-2.2137368359262735,-1.4200080539155875
poly_deg4_stlsq_0.1,4,False,0.1,IC1_to_IC2,generalization,3,surrogate:eq1_not_representable,dimension_by_phasec_representability_threeway,1,0,0.0,0,0.0,0,1,0,0.0,-383.4110455191173,-383.4110455191173,-383.4110455191173,-383.4110455191173,-383.4110455191173
poly_deg4_stlsq_0.1,4,False,0.1,IC1_to_IC2,generalization,3,surrogate:eq3_not_representable,dimension_by_phasec_representability_threeway,1,0,0.0,0,0.0,0,1,0,0.0,0.2071284122271051,0.2071284122271051,0.2071284122271051,0.2071284122271051,0.2071284122271051
poly_deg4_stlsq_0.1,4,False,0.1,IC1_to_IC2,generalization,4,exact,dimension_by_phasec_representability_threeway,1,0,0.0,0,0.0,0,1,0,0.0,-1.689871760506667,-1.689871760506667,-1.689871760506667,-1.689871760506667,-1.689871760506667
poly_deg4_stlsq_0.1,4,False,0.1,IC1_to_IC2,generalization,4,surrogate:eq1_not_representable,dimension_by_phasec_representability_threeway,1,0,0.0,0,0.0,0,1,0,0.0,-19.380819290343215,-19.380819290343215,-19.380819290343215,-19.380819290343215,-19.380819290343215
poly_deg4_stlsq_0.1,4,False,0.1,IC1_to_IC2,reconstruction,1,exact,dimension_by_phasec_representability_threeway,11,4,0.36363636363636365,4,0.36363636363636365,0,11,8,0.7272727272727273,0.9975189155237246,-29901.106704993286,0.8844888083877188,0.9999051532473279,0.9999871986621937
poly_deg4_stlsq_0.1,4,False,0.1,IC1_to_IC2,reconstruction,1,surrogate:eq1_not_representable,dimension_by_phasec_representability_threeway,12,2,0.16666666666666666,2,0.16666666666666666,0,12,9,0.75,0.9943984755689557,-3.28040688117461,0.24268599585786887,0.999936491196955,0.9999959937027724
poly_deg4_stlsq_0.1,4,False,0.1,IC1_to_IC2,reconstruction,2,exact,dimension_by_phasec_representability_threeway,9,5,0.5555555555555556,5,0.5555555555555556,1,8,6,0.6666666666666666,0.9884125946589368,-0.5496382387942155,0.8867079958046579,0.9990334405292944,0.999951170789946
poly_deg4_stlsq_0.1,4,False,0.1,IC1_to_IC2,reconstruction,2,surrogate:eq1_not_representable,dimension_by_phasec_representability_threeway,11,1,0.09090909090909091,1,0.09090909090909091,0,11,9,0.8181818181818182,0.9990720049838963,0.6280257111842759,0.9578180082435109,0.9998155210293398,0.9999789624753934
poly_deg4_stlsq_0.1,4,False,0.1,IC1_to_IC2,reconstruction,2,surrogate:eq2_not_representable,dimension_by_phasec_representability_threeway,6,2,0.3333333333333333,2,0.3333333333333333,0,6,3,0.5,0.9404650206341902,-0.16137239019203148,0.8487835968917123,0.9980847736699139,0.9997599645118445
poly_deg4_stlsq_0.1,4,False,0.1,IC1_to_IC2,reconstruction,3,exact,dimension_by_phasec_representability_threeway,7,1,0.14285714285714285,1,0.14285714285714285,1,6,0,0.0,-2.0356394132375377,-267526346.41724753,-9.485804935584078,-0.6853728854037187,0.6057473730564477
poly_deg4_stlsq_0.1,4,False,0.1,IC1_to_IC2,reconstruction,3,surrogate:eq1_not_representable,dimension_by_phasec_representability_threeway,1,0,0.0,0,0.0,0,1,0,0.0,-0.7000691776080611,-0.7000691776080611,-0.7000691776080611,-0.7000691776080611,-0.7000691776080611
poly_deg4_stlsq_0.1,4,False,0.1,IC1_to_IC2,reconstruction,3,surrogate:eq3_not_representable,dimension_by_phasec_representability_threeway,1,0,0.0,0,0.0,0,1,0,0.0,0.36897683279412963,0.36897683279412963,0.36897683279412963,0.36897683279412963,0.36897683279412963
poly_deg4_stlsq_0.1,4,False,0.1,IC1_to_IC2,reconstruction,4,exact,dimension_by_phasec_representability_threeway,1,0,0.0,0,0.0,0,1,0,0.0,-1.4046409929943742,-1.4046409929943742,-1.4046409929943742,-1.4046409929943742,-1.4046409929943742
poly_deg4_stlsq_0.1,4,False,0.1,IC1_to_IC2,reconstruction,4,surrogate:eq1_not_representable,dimension_by_phasec_representability_threeway,1,0,0.0,0,0.0,0,1,0,0.0,-16.47706360791592,-16.47706360791592,-16.47706360791592,-16.47706360791592,-16.47706360791592
poly_deg4_stlsq_0.1,4,False,0.1,IC2_to_IC1,generalization,1,exact,dimension_by_phasec_representability_threeway,11,5,0.45454545454545453,5,0.45454545454545453,1,10,6,0.5454545454545454,0.9975152005074284,-4.451146585214033,-0.09215430384012024,0.9999359621399321,0.9999871998843637
poly_deg4_stlsq_0.1,4,False,0.1,IC2_to_IC1,generalization,1,surrogate:eq1_not_representable,dimension_by_phasec_representability_threeway,12,1,0.08333333333333333,1,0.08333333333333333,1,11,3,0.25,-3.28040688117461,-1146.8289458263966,-13.771394962756322,0.7217348934746322,0.9999973735339998
poly_deg4_stlsq_0.1,4,False,0.1,IC2_to_IC1,generalization,2,exact,dimension_by_phasec_representability_threeway,10,5,0.5,5,0.5,2,8,3,0.3,0.6555304130802386,-0.6435604311067583,0.29511032759864597,0.979297962153155,0.9991775273507163
poly_deg4_stlsq_0.1,4,False,0.1,IC2_to_IC1,generalization,2,surrogate:eq1_not_representable,dimension_by_phasec_representability_threeway,12,1,0.08333333333333333,1,0.08333333333333333,5,7,2,0.16666666666666666,0.6203884184115573,-6587.563461186401,-0.49162754508314666,0.9150582183048394,0.9973543245365559
poly_deg4_stlsq_0.1,4,False,0.1,IC2_to_IC1,generalization,2,surrogate:eq2_not_representable,dimension_by_phasec_representability_threeway,6,2,0.3333333333333333,2,0.3333333333333333,0,6,3,0.5,0.883566880755212,-7.488429548307801,0.7377399946737702,0.9939609512308292,0.9990354219457027
poly_deg4_stlsq_0.1,4,False,0.1,IC2_to_IC1,generalization,3,exact,dimension_by_phasec_representability_threeway,5,2,0.4,2,0.4,2,3,0,0.0,-11.508125435458554,-19.58075602918287,-15.544440732320712,-6.172581779912692,-0.8370381243668291
poly_deg4_stlsq_0.1,4,False,0.1,IC2_to_IC1,generalization,3,surrogate:eq1_not_representable,dimension_by_phasec_representability_threeway,1,0,0.0,0,0.0,1,0,0,0.0,,,,,
poly_deg4_stlsq_0.1,4,False,0.1,IC2_to_IC1,generalization,3,surrogate:eq3_not_representable,dimension_by_phasec_representability_threeway,1,0,0.0,0,0.0,0,1,0,0.0,0.3949892220347189,0.3949892220347189,0.3949892220347189,0.3949892220347189,0.3949892220347189
poly_deg4_stlsq_0.1,4,False,0.1,IC2_to_IC1,generalization,4,exact,dimension_by_phasec_representability_threeway,1,0,0.0,0,0.0,0,1,0,0.0,-0.13825579544094524,-0.13825579544094524,-0.13825579544094524,-0.13825579544094524,-0.13825579544094524
poly_deg4_stlsq_0.1,4,False,0.1,IC2_to_IC1,generalization,4,surrogate:eq1_not_representable,dimension_by_phasec_representability_threeway,1,0,0.0,0,0.0,0,1,0,0.0,-6.161043416509607,-6.161043416509607,-6.161043416509607,-6.161043416509607,-6.161043416509607
poly_deg4_stlsq_0.1,4,False,0.1,IC2_to_IC1,reconstruction,1,exact,dimension_by_phasec_representability_threeway,11,5,0.45454545454545453,5,0.45454545454545453,0,11,8,0.7272727272727273,0.9999391263465535,-7.080370345019695,-1.2061043851806448,0.9999656197624769,0.9999874322818294
poly_deg4_stlsq_0.1,4,False,0.1,IC2_to_IC1,reconstruction,1,surrogate:eq1_not_representable,dimension_by_phasec_representability_threeway,12,1,0.08333333333333333,1,0.08333333333333333,0,12,9,0.75,0.9977310737083046,-5.082280612419129,0.9297027509274848,0.9999498196031316,0.9999907567335692
poly_deg4_stlsq_0.1,4,False,0.1,IC2_to_IC1,reconstruction,2,exact,dimension_by_phasec_representability_threeway,10,5,0.5,5,0.5,2,8,6,0.6,0.9904906090003593,-0.5765093282634436,0.9395570163204936,0.9995020375372388,0.9998771124967882
poly_deg4_stlsq_0.1,4,False,0.1,IC2_to_IC1,reconstruction,2,surrogate:eq1_not_representable,dimension_by_phasec_representability_threeway,12,1,0.08333333333333333,1,0.08333333333333333,0,12,8,0.6666666666666666,0.98415817582138,-39.08960737456737,-0.22411910825046275,0.9995174143756986,0.9999868005841956
poly_deg4_stlsq_0.1,4,False,0.1,IC2_to_IC1,reconstruction,2,surrogate:eq2_not_representable,dimension_by_phasec_representability_threeway,6,2,0.3333333333333333,2,0.3333333333333333,0,6,5,0.8333333333333334,0.9930530095565326,0.594694057484461,0.9803104745269366,0.9972725025440817,0.9985380618544142
poly_deg4_stlsq_0.1,4,False,0.1,IC2_to_IC1,reconstruction,3,exact,dimension_by_phasec_representability_threeway,5,2,0.4,2,0.4,1,4,0,0.0,-4.238219949399711,-15.77540053902743,-9.553382697697158,-0.579849422886263,0.6717917530920108
poly_deg4_stlsq_0.1,4,False,0.1,IC2_to_IC1,reconstruction,3,surrogate:eq1_not_representable,dimension_by_phasec_representability_threeway,1,0,0.0,0,0.0,1,0,0,0.0,,,,,
poly_deg4_stlsq_0.1,4,False,0.1,IC2_to_IC1,reconstruction,3,surrogate:eq3_not_representable,dimension_by_phasec_representability_threeway,1,0,0.0,0,0.0,0,1,0,0.0,0.235103287628867,0.235103287628867,0.235103287628867,0.235103287628867,0.235103287628867
poly_deg4_stlsq_0.1,4,False,0.1,IC2_to_IC1,reconstruction,4,exact,dimension_by_phasec_representability_threeway,1,0,0.0,0,0.0,0,1,0,0.0,-0.42864702099131924,-0.42864702099131924,-0.42864702099131924,-0.42864702099131924,-0.42864702099131924
poly_deg4_stlsq_0.1,4,False,0.1,IC2_to_IC1,reconstruction,4,surrogate:eq1_not_representable,dimension_by_phasec_representability_threeway,1,0,0.0,0,0.0,0,1,1,1.0,0.9994617263455619,0.9994617263455619,0.9994617263455619,0.9994617263455619,0.9994617263455619
poly_deg5_stlsq_0.01,5,False,0.01,IC1_to_IC2,generalization,1,exact,dimension_by_phasec_representability_threeway,11,5,0.45454545454545453,5,0.45454545454545453,0,11,9,0.8181818181818182,0.9999391263464953,-7430633.838744931,0.9282372470438442,0.9999596550795313,0.9999974906522026
poly_deg5_stlsq_0.01,5,False,0.01,IC1_to_IC2,generalization,1,surrogate:eq1_not_representable,dimension_by_phasec_representability_threeway,12,0,0.0,0,0.0,1,11,5,0.4166666666666667,0.5648645332064537,-9.32326137535975,0.07974500751955099,0.9999731802402834,0.9999996357122146
poly_deg5_stlsq_0.01,5,False,0.01,IC1_to_IC2,generalization,2,exact,dimension_by_phasec_representability_threeway,8,4,0.5,4,0.5,2,6,3,0.375,0.7358503258610656,-0.6186968039821694,0.34446074428621676,0.9939945638525063,0.999563999834538
poly_deg5_stlsq_0.01,5,False,0.01,IC1_to_IC2,generalization,2,surrogate:eq1_not_representable,dimension_by_phasec_representability_threeway,9,0,0.0,0,0.0,2,7,5,0.5555555555555556,0.9815209689279352,-0.5413499459008653,0.7959387686837452,0.9910866306671343,0.9958595398136945
poly_deg5_stlsq_0.01,5,False,0.01,IC1_to_IC2,generalization,2,surrogate:eq2_not_representable,dimension_by_phasec_representability_threeway,6,2,0.3333333333333333,2,0.3333333333333333,1,5,3,0.5,0.9940094606104628,-12.709237246348112,-1.8368452744150385,0.9980057711045043,0.9985406353545805
poly_deg5_stlsq_0.01,5,False,0.01,IC1_to_IC2,generalization,3,exact,dimension_by_phasec_representability_threeway,6,0,0.0,0,0.0,5,1,0,0.0,-0.8481270255856513,-0.8481270255856513,-0.8481270255856513,-0.8481270255856513,-0.8481270255856513
poly_deg5_stlsq_0.01,5,False,0.01,IC1_to_IC2,generalization,3,surrogate:eq1_not_representable,dimension_by_phasec_representability_threeway,1,0,0.0,0,0.0,1,0,0,0.0,,,,,
poly_deg5_stlsq_0.01,5,False,0.01,IC1_to_IC2,generalization,3,surrogate:eq3_not_representable,dimension_by_phasec_representability_threeway,1,0,0.0,0,0.0,0,1,0,0.0,-3.657283005182324,-3.657283005182324,-3.657283005182324,-3.657283005182324,-3.657283005182324
poly_deg5_stlsq_0.01,5,False,0.01,IC1_to_IC2,generalization,4,surrogate:eq1_not_representable,dimension_by_phasec_representability_threeway,1,0,0.0,0,0.0,1,0,0,0.0,,,,,
poly_deg5_stlsq_0.01,5,False,0.01,IC1_to_IC2,reconstruction,1,exact,dimension_by_phasec_representability_threeway,11,5,0.45454545454545453,5,0.45454545454545453,0,11,9,0.8181818181818182,0.9999255904379042,-29901.106704993286,0.9890654742197912,0.9999802760686142,0.9999903393498715
poly_deg5_stlsq_0.01,5,False,0.01,IC1_to_IC2,reconstruction,1,surrogate:eq1_not_representable,dimension_by_phasec_representability_threeway,12,0,0.0,0,0.0,0,12,10,0.8333333333333334,0.9999418646472156,-0.8331907614242005,0.9776314063612273,0.9999833201309853,0.9999940484160251
poly_deg5_stlsq_0.01,5,False,0.01,IC1_to_IC2,reconstruction,2,exact,dimension_by_phasec_representability_threeway,8,4,0.5,4,0.5,1,7,4,0.5,0.9779558061800884,-0.5496382387942155,0.7896484094158565,0.9988003536162411,0.999951170789946
poly_deg5_stlsq_0.01,5,False,0.01,IC1_to_IC2,reconstruction,2,surrogate:eq1_not_representable,dimension_by_phasec_representability_threeway,9,0,0.0,0,0.0,1,8,8,0.8888888888888888,0.9967478361820029,0.9917842855745406,0.9959349495797787,0.9998138019421743,0.9999641225977954
poly_deg5_stlsq_0.01,5,False,0.01,IC1_to_IC2,reconstruction,2,surrogate:eq2_not_representable,dimension_by_phasec_representability_threeway,6,2,0.3333333333333333,2,0.3333333333333333,0,6,4,0.6666666666666666,0.9769431131044708,-3.008386665917622,0.9080819301866471,0.9980847736699139,0.9997719992988918
poly_deg5_stlsq_0.01,5,False,0.01,IC1_to_IC2,reconstruction,3,exact,dimension_by_phasec_representability_threeway,6,0,0.0,0,0.0,3,3,0,0.0,-0.9831271217701693,-2.9992203665679136,-1.9911737441690414,-0.5431109317564019,-0.10309474174263451
poly_deg5_stlsq_0.01,5,False,0.01,IC1_to_IC2,reconstruction,3,surrogate:eq1_not_representable,dimension_by_phasec_representability_threeway,1,0,0.0,0,0.0,1,0,0,0.0,,,,,
poly_deg5_stlsq_0.01,5,False,0.01,IC1_to_IC2,reconstruction,3,surrogate:eq3_not_representable,dimension_by_phasec_representability_threeway,1,0,0.0,0,0.0,0,1,0,0.0,0.8731005135925317,0.8731005135925317,0.8731005135925317,0.8731005135925317,0.8731005135925317
poly_deg5_stlsq_0.01,5,False,0.01,IC1_to_IC2,reconstruction,4,surrogate:eq1_not_representable,dimension_by_phasec_representability_threeway,1,0,0.0,0,0.0,1,0,0,0.0,,,,,
poly_deg5_stlsq_0.01,5,False,0.01,IC2_to_IC1,generalization,1,exact,dimension_by_phasec_representability_threeway,11,5,0.45454545454545453,5,0.45454545454545453,2,9,6,0.5454545454545454,0.9998716472749604,-4.451146585214033,0.8595779334709988,0.9999391263467772,0.9999903264483245
poly_deg5_stlsq_0.01,5,False,0.01,IC2_to_IC1,generalization,1,surrogate:eq1_not_representable,dimension_by_phasec_representability_threeway,12,0,0.0,0,0.0,0,12,5,0.4166666666666667,0.45618676249646767,-128.82001593235773,-3.238995793987176,0.9822790827381289,0.9999928029423207
poly_deg5_stlsq_0.01,5,False,0.01,IC2_to_IC1,generalization,2,exact,dimension_by_phasec_representability_threeway,4,2,0.5,2,0.5,1,3,2,0.5,0.9779602483289964,-0.5581350046684321,0.20991262183028214,0.9885688878398564,0.9991775273507163
poly_deg5_stlsq_0.01,5,False,0.01,IC2_to_IC1,generalization,2,surrogate:eq1_not_representable,dimension_by_phasec_representability_threeway,9,0,0.0,0,0.0,4,5,2,0.2222222222222222,0.4767096702231183,-2.9406779265289043,-0.2361795785646449,0.97117317939144,0.9917806177517592
poly_deg5_stlsq_0.01,5,False,0.01,IC2_to_IC1,generalization,2,surrogate:eq2_not_representable,dimension_by_phasec_representability_threeway,5,2,0.4,2,0.4,1,4,3,0.6,0.9971476404999778,-2.322161060480588,0.16590462917054272,0.9990987524218939,0.9992887438504678
poly_deg5_stlsq_0.01,5,False,0.01,IC2_to_IC1,generalization,3,exact,dimension_by_phasec_representability_threeway,4,0,0.0,0,0.0,1,3,0,0.0,-0.9579718929648298,-3.6861157188013784,-2.322043805883104,-0.6499233643165592,-0.3418748356682886
poly_deg5_stlsq_0.01,5,False,0.01,IC2_to_IC1,generalization,3,surrogate:eq3_not_representable,dimension_by_phasec_representability_threeway,1,0,0.0,0,0.0,1,0,0,0.0,,,,,
poly_deg5_stlsq_0.01,5,False,0.01,IC2_to_IC1,generalization,4,surrogate:eq1_not_representable,dimension_by_phasec_representability_threeway,1,0,0.0,0,0.0,1,0,0,0.0,,,,,
poly_deg5_stlsq_0.01,5,False,0.01,IC2_to_IC1,reconstruction,1,exact,dimension_by_phasec_representability_threeway,11,5,0.45454545454545453,5,0.45454545454545453,0,11,10,0.9090909090909091,0.9999570577476173,-7.002067148492424,0.9997654803969038,0.999987315472026,0.9999994502460838
poly_deg5_stlsq_0.01,5,False,0.01,IC2_to_IC1,reconstruction,1,surrogate:eq1_not_representable,dimension_by_phasec_representability_threeway,12,0,0.0,0,0.0,0,12,11,0.9166666666666666,0.9998773882944735,-0.879886666762508,0.9944459768282243,0.9999863497961329,0.9999995726650385
poly_deg5_stlsq_0.01,5,False,0.01,IC2_to_IC1,reconstruction,2,exact,dimension_by_phasec_representability_threeway,4,2,0.5,2,0.5,1,3,2,0.5,0.9776294468629845,-0.5765093282634436,0.2005600592997705,0.9885399731871987,0.9994504995114128
poly_deg5_stlsq_0.01,5,False,0.01,IC2_to_IC1,reconstruction,2,surrogate:eq1_not_representable,dimension_by_phasec_representability_threeway,9,0,0.0,0,0.0,0,9,9,1.0,0.9990946959242093,0.9712649417166592,0.9962124372696927,0.9999134835206882,0.9999868201960235
poly_deg5_stlsq_0.01,5,False,0.01,IC2_to_IC1,reconstruction,2,surrogate:eq2_not_representable,dimension_by_phasec_representability_threeway,5,2,0.4,2,0.4,0,5,4,0.8,0.9953472511845822,0.24117131557334448,0.994060106550957,0.9985380618544142,0.9999082558420935
poly_deg5_stlsq_0.01,5,False,0.01,IC2_to_IC1,reconstruction,3,exact,dimension_by_phasec_representability_threeway,4,0,0.0,0,0.0,2,2,0,0.0,-0.37601216308656404,-1.177543848252385,-0.7767780056694745,0.024753679496346492,0.425519522079257
poly_deg5_stlsq_0.01,5,False,0.01,IC2_to_IC1,reconstruction,3,surrogate:eq3_not_representable,dimension_by_phasec_representability_threeway,1,0,0.0,0,0.0,0,1,0,0.0,-0.12027240162198656,-0.12027240162198656,-0.12027240162198656,-0.12027240162198656,-0.12027240162198656
poly_deg5_stlsq_0.01,5,False,0.01,IC2_to_IC1,reconstruction,4,surrogate:eq1_not_representable,dimension_by_phasec_representability_threeway,1,0,0.0,0,0.0,1,0,0,0.0,,,,,
poly_deg5_stlsq_0.1,5,False,0.1,IC1_to_IC2,generalization,1,exact,dimension_by_phasec_representability_threeway,11,4,0.36363636363636365,4,0.36363636363636365,0,11,7,0.6363636363636364,0.9905211994358073,-7430633.838744931,-3.2081497236126104,0.9999420634431,0.9999871945148785
poly_deg5_stlsq_0.1,5,False,0.1,IC1_to_IC2,generalization,1,surrogate:eq1_not_representable,dimension_by_phasec_representability_threeway,12,2,0.16666666666666666,2,0.16666666666666666,0,12,6,0.5,-0.2740575571908762,-9.32326137535975,-2.355421159977089,0.9989102657241871,0.9999996357122146
poly_deg5_stlsq_0.1,5,False,0.1,IC1_to_IC2,generalization,2,exact,dimension_by_phasec_representability_threeway,9,4,0.4444444444444444,4,0.4444444444444444,2,7,2,0.2222222222222222,0.14475065487591993,-61.89742130914899,-0.5409030129124821,0.8741560599519447,0.9994417776772624
poly_deg5_stlsq_0.1,5,False,0.1,IC1_to_IC2,generalization,2,surrogate:eq1_not_representable,dimension_by_phasec_representability_threeway,11,2,0.18181818181818182,2,0.18181818181818182,2,9,4,0.36363636363636365,0.7559423945198277,-1.7241024157947278,-0.6323426366823776,0.9988811108803641,0.9994555490242544
poly_deg5_stlsq_0.1,5,False,0.1,IC1_to_IC2,generalization,2,surrogate:eq2_not_representable,dimension_by_phasec_representability_threeway,5,2,0.4,2,0.4,1,4,3,0.6,0.9962750479825216,-4.931241440860002,-0.48730326475715335,0.9988855886219041,0.9999204484238751
poly_deg5_stlsq_0.1,5,False,0.1,IC1_to_IC2,generalization,3,exact,dimension_by_phasec_representability_threeway,6,1,0.16666666666666666,1,0.16666666666666666,2,4,0,0.0,-5.822750777196854,-200.3227668290468,-55.72478097419302,-3.4450389123428606,-1.4200080539155875
poly_deg5_stlsq_0.1,5,False,0.1,IC1_to_IC2,generalization,3,surrogate:eq1_not_representable,dimension_by_phasec_representability_threeway,1,0,0.0,0,0.0,0,1,0,0.0,-30.65421985075344,-30.65421985075344,-30.65421985075344,-30.65421985075344,-30.65421985075344
poly_deg5_stlsq_0.1,5,False,0.1,IC1_to_IC2,generalization,3,surrogate:eq3_not_representable,dimension_by_phasec_representability_threeway,1,0,0.0,0,0.0,0,1,0,0.0,-0.28752872343668295,-0.28752872343668295,-0.28752872343668295,-0.28752872343668295,-0.28752872343668295
poly_deg5_stlsq_0.1,5,False,0.1,IC1_to_IC2,generalization,4,exact,dimension_by_phasec_representability_threeway,1,0,0.0,0,0.0,0,1,0,0.0,-1.689871760506667,-1.689871760506667,-1.689871760506667,-1.689871760506667,-1.689871760506667
poly_deg5_stlsq_0.1,5,False,0.1,IC1_to_IC2,generalization,4,surrogate:eq1_not_representable,dimension_by_phasec_representability_threeway,1,0,0.0,0,0.0,0,1,0,0.0,-19.380819290343215,-19.380819290343215,-19.380819290343215,-19.380819290343215,-19.380819290343215
poly_deg5_stlsq_0.1,5,False,0.1,IC1_to_IC2,reconstruction,1,exact,dimension_by_phasec_representability_threeway,11,4,0.36363636363636365,4,0.36363636363636365,0,11,8,0.7272727272727273,0.9975189155237246,-29901.106704993286,0.8844888083877188,0.9999051532473279,0.9999871986621937
poly_deg5_stlsq_0.1,5,False,0.1,IC1_to_IC2,reconstruction,1,surrogate:eq1_not_representable,dimension_by_phasec_representability_threeway,12,2,0.16666666666666666,2,0.16666666666666666,0,12,8,0.6666666666666666,0.9943984755689557,-3.28040688117461,-1.386448123994654,0.9999037557817044,0.9999959937027724
poly_deg5_stlsq_0.1,5,False,0.1,IC1_to_IC2,reconstruction,2,exact,dimension_by_phasec_representability_threeway,9,4,0.4444444444444444,4,0.4444444444444444,1,8,5,0.5555555555555556,0.9710572375354978,-9.411227184725977,0.3810268503713483,0.9989454893892461,0.9994713200987781
poly_deg5_stlsq_0.1,5,False,0.1,IC1_to_IC2,reconstruction,2,surrogate:eq1_not_representable,dimension_by_phasec_representability_threeway,11,2,0.18181818181818182,2,0.18181818181818182,1,10,9,0.8181818181818182,0.9963062144270913,0.6384928173746367,0.98099190008197,0.9992926582760239,0.9999772560009106
poly_deg5_stlsq_0.1,5,False,0.1,IC1_to_IC2,reconstruction,2,surrogate:eq2_not_representable,dimension_by_phasec_representability_threeway,5,2,0.4,2,0.4,0,5,3,0.6,0.9952265996150634,-0.16137239019203148,0.8366482306256551,0.999037498354864,0.9997599645118445
poly_deg5_stlsq_0.1,5,False,0.1,IC1_to_IC2,reconstruction,3,exact,dimension_by_phasec_representability_threeway,6,1,0.16666666666666666,1,0.16666666666666666,0,6,0,0.0,-5.246860693021891,-30.477652486851454,-10.548686126134193,-1.3397086110919472,-0.6481707932883297
poly_deg5_stlsq_0.1,5,False,0.1,IC1_to_IC2,reconstruction,3,surrogate:eq1_not_representable,dimension_by_phasec_representability_threeway,1,0,0.0,0,0.0,0,1,0,0.0,0.3528773826550158,0.3528773826550158,0.3528773826550158,0.3528773826550158,0.3528773826550158
poly_deg5_stlsq_0.1,5,False,0.1,IC1_to_IC2,reconstruction,3,surrogate:eq3_not_representable,dimension_by_phasec_representability_threeway,1,0,0.0,0,0.0,0,1,0,0.0,-0.1470308767187428,-0.1470308767187428,-0.1470308767187428,-0.1470308767187428,-0.1470308767187428
poly_deg5_stlsq_0.1,5,False,0.1,IC1_to_IC2,reconstruction,4,exact,dimension_by_phasec_representability_threeway,1,0,0.0,0,0.0,0,1,0,0.0,-1.4046409929943742,-1.4046409929943742,-1.4046409929943742,-1.4046409929943742,-1.4046409929943742
poly_deg5_stlsq_0.1,5,False,0.1,IC1_to_IC2,reconstruction,4,surrogate:eq1_not_representable,dimension_by_phasec_representability_threeway,1,0,0.0,0,0.0,0,1,0,0.0,-16.47706360791592,-16.47706360791592,-16.47706360791592,-16.47706360791592,-16.47706360791592
poly_deg5_stlsq_0.1,5,False,0.1,IC2_to_IC1,generalization,1,exact,dimension_by_phasec_representability_threeway,11,5,0.45454545454545453,5,0.45454545454545453,1,10,6,0.5454545454545454,0.9975152005074284,-4.451146585214033,-0.09215430384012024,0.9999359621399321,0.9999871998843637
poly_deg5_stlsq_0.1,5,False,0.1,IC2_to_IC1,generalization,1,surrogate:eq1_not_representable,dimension_by_phasec_representability_threeway,12,1,0.08333333333333333,1,0.08333333333333333,0,12,3,0.25,-0.9952843493391044,-1146.8289458263966,-9.54604026835464,0.6315572606619727,0.9999973735339998
poly_deg5_stlsq_0.1,5,False,0.1,IC2_to_IC1,generalization,2,exact,dimension_by_phasec_representability_threeway,9,5,0.5555555555555556,5,0.5555555555555556,2,7,4,0.4444444444444444,0.977953966478692,-0.6435604311067583,0.04977217293395708,0.9912537382636302,0.9999423415020526
poly_deg5_stlsq_0.1,5,False,0.1,IC2_to_IC1,generalization,2,surrogate:eq1_not_representable,dimension_by_phasec_representability_threeway,12,0,0.0,0,0.0,5,7,2,0.16666666666666666,-1.096754230614121,-6587.563461186401,-19.572834113455436,0.9150582183048394,0.9770954006705239
poly_deg5_stlsq_0.1,5,False,0.1,IC2_to_IC1,generalization,2,surrogate:eq2_not_representable,dimension_by_phasec_representability_threeway,6,2,0.3333333333333333,2,0.3333333333333333,0,6,3,0.5,0.883566880755212,-1.6239112862651806,-0.6559239903464541,0.9939609512308292,0.9990354219457027
poly_deg5_stlsq_0.1,5,False,0.1,IC2_to_IC1,generalization,3,exact,dimension_by_phasec_representability_threeway,5,1,0.2,1,0.2,0,5,0,0.0,-2.7721645144654,-19.58075602918287,-8.30456395890809,-0.8370381243668291,0.4750927979499193
poly_deg5_stlsq_0.1,5,False,0.1,IC2_to_IC1,generalization,3,surrogate:eq3_not_representable,dimension_by_phasec_representability_threeway,1,0,0.0,0,0.0,0,1,0,0.0,0.8389438862026909,0.8389438862026909,0.8389438862026909,0.8389438862026909,0.8389438862026909
poly_deg5_stlsq_0.1,5,False,0.1,IC2_to_IC1,generalization,4,exact,dimension_by_phasec_representability_threeway,1,0,0.0,0,0.0,0,1,0,0.0,-0.13825579544094524,-0.13825579544094524,-0.13825579544094524,-0.13825579544094524,-0.13825579544094524
poly_deg5_stlsq_0.1,5,False,0.1,IC2_to_IC1,generalization,4,surrogate:eq1_not_representable,dimension_by_phasec_representability_threeway,1,0,0.0,0,0.0,0,1,0,0.0,-1.6355294172510657,-1.6355294172510657,-1.6355294172510657,-1.6355294172510657,-1.6355294172510657
poly_deg5_stlsq_0.1,5,False,0.1,IC2_to_IC1,reconstruction,1,exact,dimension_by_phasec_representability_threeway,11,5,0.45454545454545453,5,0.45454545454545453,0,11,8,0.7272727272727273,0.9999391263465535,-7.080370345019695,-1.2061043851806448,0.9999656197624769,0.9999874322818294
poly_deg5_stlsq_0.1,5,False,0.1,IC2_to_IC1,reconstruction,1,surrogate:eq1_not_representable,dimension_by_phasec_representability_threeway,12,1,0.08333333333333333,1,0.08333333333333333,0,12,8,0.6666666666666666,0.9878059083539454,-5.082280612419129,0.8076730119297333,0.9999750746564652,0.9999995698270457
poly_deg5_stlsq_0.1,5,False,0.1,IC2_to_IC1,reconstruction,2,exact,dimension_by_phasec_representability_threeway,9,5,0.5555555555555556,5,0.5555555555555556,1,8,6,0.6666666666666666,0.9904906090003593,-0.5765093282634436,0.941036872408711,0.9994834210563702,0.9996566516147163
poly_deg5_stlsq_0.1,5,False,0.1,IC2_to_IC1,reconstruction,2,surrogate:eq1_not_representable,dimension_by_phasec_representability_threeway,12,0,0.0,0,0.0,1,11,9,0.75,0.9981246430779275,-39.08960737456737,0.9752761352586395,0.999387280753643,0.999986804472819
poly_deg5_stlsq_0.1,5,False,0.1,IC2_to_IC1,reconstruction,2,surrogate:eq2_not_representable,dimension_by_phasec_representability_threeway,6,2,0.3333333333333333,2,0.3333333333333333,0,6,5,0.8333333333333334,0.9962017038797069,0.6866000953620004,0.9808140230241488,0.9984893716929248,0.998620555677159
poly_deg5_stlsq_0.1,5,False,0.1,IC2_to_IC1,reconstruction,3,exact,dimension_by_phasec_representability_threeway,5,1,0.2,1,0.2,0,5,0,0.0,-0.9970631482123542,-6.677279604922663,-5.822178101236101,0.6717917530920108,0.7354795347461144
poly_deg5_stlsq_0.1,5,False,0.1,IC2_to_IC1,reconstruction,3,surrogate:eq3_not_representable,dimension_by_phasec_representability_threeway,1,0,0.0,0,0.0,0,1,0,0.0,0.7991271755131143,0.7991271755131143,0.7991271755131143,0.7991271755131143,0.7991271755131143
poly_deg5_stlsq_0.1,5,False,0.1,IC2_to_IC1,reconstruction,4,exact,dimension_by_phasec_representability_threeway,1,0,0.0,0,0.0,0,1,0,0.0,-0.42864702099131924,-0.42864702099131924,-0.42864702099131924,-0.42864702099131924,-0.42864702099131924
poly_deg5_stlsq_0.1,5,False,0.1,IC2_to_IC1,reconstruction,4,surrogate:eq1_not_representable,dimension_by_phasec_representability_threeway,1,0,0.0,0,0.0,0,1,1,1.0,0.9997160646062158,0.9997160646062158,0.9997160646062158,0.9997160646062158,0.9997160646062158
