active_terms_pruned,active_terms_raw,dimension,elapsed_s_non_evidence,environment,error_message,error_type,fit_initial_condition_set,fit_state_sha256,generalization_after_optimization_r2_arithmetic_mean,generalization_after_optimization_r2_variance_weighted,generalization_before_optimization_r2_arithmetic_mean,generalization_before_optimization_r2_variance_weighted,generalization_initial_condition_set,generalization_r2_arithmetic_mean,generalization_r2_arithmetic_mean_gt_0_9,generalization_r2_variance_weighted,generalization_r2_variance_weighted_gt_0_9,generalization_state_sha256,generalization_status,git_hash,method,method_config,model,odeformer_beam_early_stopping,odeformer_beam_length_penalty,odeformer_beam_size,odeformer_beam_temperature,odeformer_beam_type,odeformer_candidates_evaluated,odeformer_commit,odeformer_config_id,odeformer_constant_optimization_enabled,odeformer_constant_optimization_eval_objective,odeformer_constant_optimization_init_random,odeformer_constant_optimization_objective,odeformer_constant_optimization_track_eval_history,odeformer_constants_after_optimization,odeformer_constants_before_optimization,odeformer_environment_id,odeformer_eval_subsample_ratio,odeformer_expression_after_optimization,odeformer_expression_before_optimization,odeformer_fitted_constants,odeformer_max_generated_output_len,odeformer_max_input_points,odeformer_model_canonical,odeformer_model_raw,odeformer_optimization_error_message,odeformer_optimization_error_type,odeformer_optimization_nfev,odeformer_optimization_nit,odeformer_optimization_status,odeformer_optimization_stop_reason,odeformer_parameter_optimization,odeformer_parameter_optimization_iterations,odeformer_rescale,odeformer_sort_metric,odeformer_weight_sha256,odeformer_weights_path,reconstruction_after_optimization_r2_arithmetic_mean,reconstruction_after_optimization_r2_variance_weighted,reconstruction_before_optimization_r2_arithmetic_mean,reconstruction_before_optimization_r2_variance_weighted,reconstruction_r2_arithmetic_mean,reconstruction_r2_arithmetic_mean_gt_0_9,reconstruction_r2_variance_weighted,reconstruction_r2_variance_weighted_gt_0_9,reconstruction_status,record_schema,status,structure_hit_pruned,structure_hit_raw,system_id,time_sha256,timeout_enforced,true_terms
[],[],1,2.6012328229999184,"{""gdown"":""5.2.2"",""numpy"":""1.23.5"",""pandas"":""1.5.3"",""pysindy"":""1.7.5"",""scikit-learn"":""1.2.2"",""scipy"":""1.10.1"",""sympy"":""1.13.3"",""torch"":""2.14.0+cpu""}",,,1,0ee16225ff89698a75ca1dd4d2560af9956e8ab3b3b0058633eb0205457986e8,0.99631327914811,0.99631327914811,0.99631327914811,0.99631327914811,2,0.99631327914811,True,0.99631327914811,True,6906ca0a07a887c83ae9cc220226eb21a137b4de61d699f78de1a2ac458d7470,success,unknown,odeformer,"{""beam_early_stopping"":true,""beam_length_penalty"":1.0,""beam_size"":10,""beam_temperature"":0.1,""beam_type"":""sampling"",""commit"":""c9193012ad07a97186290b98d8290d1a177f4609"",""config_id"":""beam10_noopt"",""constant_optimization_enabled"":false,""constant_optimization_eval_objective"":""r2"",""constant_optimization_init_random"":false,""constant_optimization_objective"":""r2"",""constant_optimization_track_eval_history"":true,""environment_id"":""candidate"",""eval_subsample_ratio"":""not_applied_full_512_point_trajectory"",""max_generated_output_len"":200,""max_input_points"":10000,""parameter_optimization"":""disabled"",""parameter_optimization_iterations"":0,""rescale"":true,""seed"":2023,""sort_metric"":""snmse"",""weight_sha256"":""56754040be5aa92ed4767fc43ee2008faa293f87c12b643e66c7df3e1623a5e8"",""weights_path"":""/opt/odeformer/odeformer.pt"",""weights_source"":""google_drive_id_1L_UZ0qgrBVkRuhg5j3BQoGxlvMk_Pm1W""}",0.27 - 0.3521*x_0,True,1.0,10,0.1,sampling,10,c9193012ad07a97186290b98d8290d1a177f4609,beam10_noopt,False,r2,False,r2,True,"[0.27,0.3521]","[0.27,0.3521]",candidate,not_applied_full_512_point_trajectory,0.27 - 0.3521*x_0,0.27 - 0.3521*x_0,"[0.27,0.3521]",200,10000,0.27 - 0.3521*x_0,0.2700 + -0.3521 * x_0,,,0,0,not_requested,,disabled,0,True,snmse,56754040be5aa92ed4767fc43ee2008faa293f87c12b643e66c7df3e1623a5e8,/opt/odeformer/odeformer.pt,0.9998470776045648,0.9998470776045648,0.9998470776045648,0.9998470776045648,0.9998470776045648,True,0.9998470776045648,True,success,phasec_external_baseline_v1,success,False,False,1,ffad3499269c08c6bd22e9e5c5d2ab32bbf827e2037cbdd6e73571aeab04432f,True,[]
[],[],1,4.0765383299999485,"{""gdown"":""5.2.2"",""numpy"":""1.23.5"",""pandas"":""1.5.3"",""pysindy"":""1.7.5"",""scikit-learn"":""1.2.2"",""scipy"":""1.10.1"",""sympy"":""1.13.3"",""torch"":""2.14.0+cpu""}",,,1,0ee16225ff89698a75ca1dd4d2560af9956e8ab3b3b0058633eb0205457986e8,0.999998473788782,0.999998473788782,0.99631327914811,0.99631327914811,2,0.999998473788782,True,0.999998473788782,True,6906ca0a07a887c83ae9cc220226eb21a137b4de61d699f78de1a2ac458d7470,success,unknown,odeformer,"{""beam_early_stopping"":true,""beam_length_penalty"":1.0,""beam_size"":10,""beam_temperature"":0.1,""beam_type"":""sampling"",""commit"":""c9193012ad07a97186290b98d8290d1a177f4609"",""config_id"":""beam10_opt"",""constant_optimization_enabled"":true,""constant_optimization_eval_objective"":""r2"",""constant_optimization_init_random"":false,""constant_optimization_objective"":""r2"",""constant_optimization_track_eval_history"":true,""environment_id"":""candidate"",""eval_subsample_ratio"":""not_applied_full_512_point_trajectory"",""max_generated_output_len"":200,""max_input_points"":10000,""parameter_optimization"":""odeformer_constant_optimizer"",""parameter_optimization_iterations"":0,""rescale"":true,""seed"":2023,""sort_metric"":""snmse"",""weight_sha256"":""56754040be5aa92ed4767fc43ee2008faa293f87c12b643e66c7df3e1623a5e8"",""weights_path"":""/opt/odeformer/odeformer.pt"",""weights_source"":""google_drive_id_1L_UZ0qgrBVkRuhg5j3BQoGxlvMk_Pm1W""}",0.30236694201163333 - 0.36059523683052147*x_0,True,1.0,10,0.1,sampling,10,c9193012ad07a97186290b98d8290d1a177f4609,beam10_opt,True,r2,False,r2,True,"[0.30236694201163333,0.36059523683052147]","[0.27,0.3521]",candidate,not_applied_full_512_point_trajectory,0.30236694201163333 - 0.36059523683052147*x_0,0.27 - 0.3521*x_0,"[0.30236694201163333,0.36059523683052147]",200,10000,0.30236694201163333 - 0.36059523683052147*x_0,0.2700 + -0.3521 * x_0,,,21,4,success,Optimization terminated successfully.,odeformer_constant_optimizer,4,True,snmse,56754040be5aa92ed4767fc43ee2008faa293f87c12b643e66c7df3e1623a5e8,/opt/odeformer/odeformer.pt,0.999999878389091,0.999999878389091,0.9998470776045648,0.9998470776045648,0.999999878389091,True,0.999999878389091,True,success,phasec_external_baseline_v1,success,False,False,1,ffad3499269c08c6bd22e9e5c5d2ab32bbf827e2037cbdd6e73571aeab04432f,True,[]
[],[],1,33.77112730700003,"{""gdown"":""5.2.2"",""numpy"":""1.23.5"",""pandas"":""1.5.3"",""pysindy"":""1.7.5"",""scikit-learn"":""1.2.2"",""scipy"":""1.10.1"",""sympy"":""1.13.3"",""torch"":""2.14.0+cpu""}",,,1,0ee16225ff89698a75ca1dd4d2560af9956e8ab3b3b0058633eb0205457986e8,0.9987112477003562,0.9987112477003562,0.9987112477003562,0.9987112477003562,2,0.9987112477003562,True,0.9987112477003562,True,6906ca0a07a887c83ae9cc220226eb21a137b4de61d699f78de1a2ac458d7470,success,unknown,odeformer,"{""beam_early_stopping"":true,""beam_length_penalty"":1.0,""beam_size"":50,""beam_temperature"":0.1,""beam_type"":""sampling"",""commit"":""c9193012ad07a97186290b98d8290d1a177f4609"",""config_id"":""beam50_noopt"",""constant_optimization_enabled"":false,""constant_optimization_eval_objective"":""r2"",""constant_optimization_init_random"":false,""constant_optimization_objective"":""r2"",""constant_optimization_track_eval_history"":true,""environment_id"":""candidate"",""eval_subsample_ratio"":""not_applied_full_512_point_trajectory"",""max_generated_output_len"":200,""max_input_points"":10000,""parameter_optimization"":""disabled"",""parameter_optimization_iterations"":0,""rescale"":true,""seed"":2023,""sort_metric"":""snmse"",""weight_sha256"":""56754040be5aa92ed4767fc43ee2008faa293f87c12b643e66c7df3e1623a5e8"",""weights_path"":""/opt/odeformer/odeformer.pt"",""weights_source"":""google_drive_id_1L_UZ0qgrBVkRuhg5j3BQoGxlvMk_Pm1W""}",0.2835 - 0.3557*x_0,True,1.0,50,0.1,sampling,50,c9193012ad07a97186290b98d8290d1a177f4609,beam50_noopt,False,r2,False,r2,True,"[0.2835,0.3557]","[0.2835,0.3557]",candidate,not_applied_full_512_point_trajectory,0.2835 - 0.3557*x_0,0.2835 - 0.3557*x_0,"[0.2835,0.3557]",200,10000,0.2835 - 0.3557*x_0,0.2835 + -0.3557 * x_0,,,0,0,not_requested,,disabled,0,True,snmse,56754040be5aa92ed4767fc43ee2008faa293f87c12b643e66c7df3e1623a5e8,/opt/odeformer/odeformer.pt,0.9999489027620249,0.9999489027620249,0.9999489027620249,0.9999489027620249,0.9999489027620249,True,0.9999489027620249,True,success,phasec_external_baseline_v1,success,False,False,1,ffad3499269c08c6bd22e9e5c5d2ab32bbf827e2037cbdd6e73571aeab04432f,True,[]
[],[],1,32.836974659999896,"{""gdown"":""5.2.2"",""numpy"":""1.23.5"",""pandas"":""1.5.3"",""pysindy"":""1.7.5"",""scikit-learn"":""1.2.2"",""scipy"":""1.10.1"",""sympy"":""1.13.3"",""torch"":""2.14.0+cpu""}",,,1,0ee16225ff89698a75ca1dd4d2560af9956e8ab3b3b0058633eb0205457986e8,0.9999984313910047,0.9999984313910047,0.9987112477003562,0.9987112477003562,2,0.9999984313910047,True,0.9999984313910047,True,6906ca0a07a887c83ae9cc220226eb21a137b4de61d699f78de1a2ac458d7470,success,unknown,odeformer,"{""beam_early_stopping"":true,""beam_length_penalty"":1.0,""beam_size"":50,""beam_temperature"":0.1,""beam_type"":""sampling"",""commit"":""c9193012ad07a97186290b98d8290d1a177f4609"",""config_id"":""beam50_opt"",""constant_optimization_enabled"":true,""constant_optimization_eval_objective"":""r2"",""constant_optimization_init_random"":false,""constant_optimization_objective"":""r2"",""constant_optimization_track_eval_history"":true,""environment_id"":""candidate"",""eval_subsample_ratio"":""not_applied_full_512_point_trajectory"",""max_generated_output_len"":200,""max_input_points"":10000,""parameter_optimization"":""odeformer_constant_optimizer"",""parameter_optimization_iterations"":0,""rescale"":true,""seed"":2023,""sort_metric"":""snmse"",""weight_sha256"":""56754040be5aa92ed4767fc43ee2008faa293f87c12b643e66c7df3e1623a5e8"",""weights_path"":""/opt/odeformer/odeformer.pt"",""weights_source"":""google_drive_id_1L_UZ0qgrBVkRuhg5j3BQoGxlvMk_Pm1W""}",0.3023574068790664 - 0.36059301374692987*x_0,True,1.0,50,0.1,sampling,50,c9193012ad07a97186290b98d8290d1a177f4609,beam50_opt,True,r2,False,r2,True,"[0.3023574068790664,0.36059301374692987]","[0.2835,0.3557]",candidate,not_applied_full_512_point_trajectory,0.3023574068790664 - 0.36059301374692987*x_0,0.2835 - 0.3557*x_0,"[0.3023574068790664,0.36059301374692987]",200,10000,0.3023574068790664 - 0.36059301374692987*x_0,0.2835 + -0.3557 * x_0,,,21,4,success,Optimization terminated successfully.,odeformer_constant_optimizer,4,True,snmse,56754040be5aa92ed4767fc43ee2008faa293f87c12b643e66c7df3e1623a5e8,/opt/odeformer/odeformer.pt,0.9999998783536206,0.9999998783536205,0.9999489027620249,0.9999489027620249,0.9999998783536206,True,0.9999998783536205,True,success,phasec_external_baseline_v1,success,False,False,1,ffad3499269c08c6bd22e9e5c5d2ab32bbf827e2037cbdd6e73571aeab04432f,True,[]
[],[],1,3.2042128979999234,"{""gdown"":""5.2.2"",""numpy"":""1.23.5"",""pandas"":""1.5.3"",""pysindy"":""1.7.5"",""scikit-learn"":""1.2.2"",""scipy"":""1.10.1"",""sympy"":""1.13.3"",""torch"":""2.14.0+cpu""}",,,2,6906ca0a07a887c83ae9cc220226eb21a137b4de61d699f78de1a2ac458d7470,0.9996670751181589,0.9996670751181588,0.9996670751181589,0.9996670751181588,1,0.9996670751181589,True,0.9996670751181588,True,0ee16225ff89698a75ca1dd4d2560af9956e8ab3b3b0058633eb0205457986e8,success,unknown,odeformer,"{""beam_early_stopping"":true,""beam_length_penalty"":1.0,""beam_size"":10,""beam_temperature"":0.1,""beam_type"":""sampling"",""commit"":""c9193012ad07a97186290b98d8290d1a177f4609"",""config_id"":""beam10_noopt"",""constant_optimization_enabled"":false,""constant_optimization_eval_objective"":""r2"",""constant_optimization_init_random"":false,""constant_optimization_objective"":""r2"",""constant_optimization_track_eval_history"":true,""environment_id"":""candidate"",""eval_subsample_ratio"":""not_applied_full_512_point_trajectory"",""max_generated_output_len"":200,""max_input_points"":10000,""parameter_optimization"":""disabled"",""parameter_optimization_iterations"":0,""rescale"":true,""seed"":2023,""sort_metric"":""snmse"",""weight_sha256"":""56754040be5aa92ed4767fc43ee2008faa293f87c12b643e66c7df3e1623a5e8"",""weights_path"":""/opt/odeformer/odeformer.pt"",""weights_source"":""google_drive_id_1L_UZ0qgrBVkRuhg5j3BQoGxlvMk_Pm1W""}",0.3049 - 0.3665*x_0,True,1.0,10,0.1,sampling,10,c9193012ad07a97186290b98d8290d1a177f4609,beam10_noopt,False,r2,False,r2,True,"[0.3049,0.3665]","[0.3049,0.3665]",candidate,not_applied_full_512_point_trajectory,0.3049 - 0.3665*x_0,0.3049 - 0.3665*x_0,"[0.3049,0.3665]",200,10000,0.3049 - 0.3665*x_0,0.3049 + -0.3665 * x_0,,,0,0,not_requested,,disabled,0,True,snmse,56754040be5aa92ed4767fc43ee2008faa293f87c12b643e66c7df3e1623a5e8,/opt/odeformer/odeformer.pt,0.9994187350939058,0.9994187350939058,0.9994187350939058,0.9994187350939058,0.9994187350939058,True,0.9994187350939058,True,success,phasec_external_baseline_v1,success,False,False,1,ffad3499269c08c6bd22e9e5c5d2ab32bbf827e2037cbdd6e73571aeab04432f,True,[]
[],[],1,3.351622077000002,"{""gdown"":""5.2.2"",""numpy"":""1.23.5"",""pandas"":""1.5.3"",""pysindy"":""1.7.5"",""scikit-learn"":""1.2.2"",""scipy"":""1.10.1"",""sympy"":""1.13.3"",""torch"":""2.14.0+cpu""}",,,2,6906ca0a07a887c83ae9cc220226eb21a137b4de61d699f78de1a2ac458d7470,0.9999997177635155,0.9999997177635155,0.9996670751181589,0.9996670751181588,1,0.9999997177635155,True,0.9999997177635155,True,0ee16225ff89698a75ca1dd4d2560af9956e8ab3b3b0058633eb0205457986e8,success,unknown,odeformer,"{""beam_early_stopping"":true,""beam_length_penalty"":1.0,""beam_size"":10,""beam_temperature"":0.1,""beam_type"":""sampling"",""commit"":""c9193012ad07a97186290b98d8290d1a177f4609"",""config_id"":""beam10_opt"",""constant_optimization_enabled"":true,""constant_optimization_eval_objective"":""r2"",""constant_optimization_init_random"":false,""constant_optimization_objective"":""r2"",""constant_optimization_track_eval_history"":true,""environment_id"":""candidate"",""eval_subsample_ratio"":""not_applied_full_512_point_trajectory"",""max_generated_output_len"":200,""max_input_points"":10000,""parameter_optimization"":""odeformer_constant_optimizer"",""parameter_optimization_iterations"":0,""rescale"":true,""seed"":2023,""sort_metric"":""snmse"",""weight_sha256"":""56754040be5aa92ed4767fc43ee2008faa293f87c12b643e66c7df3e1623a5e8"",""weights_path"":""/opt/odeformer/odeformer.pt"",""weights_source"":""google_drive_id_1L_UZ0qgrBVkRuhg5j3BQoGxlvMk_Pm1W""}",0.30268625667384647 - 0.360561340198561*x_0,True,1.0,10,0.1,sampling,10,c9193012ad07a97186290b98d8290d1a177f4609,beam10_opt,True,r2,False,r2,True,"[0.30268625667384647,0.360561340198561]","[0.3049,0.3665]",candidate,not_applied_full_512_point_trajectory,0.30268625667384647 - 0.360561340198561*x_0,0.3049 - 0.3665*x_0,"[0.30268625667384647,0.360561340198561]",200,10000,0.30268625667384647 - 0.360561340198561*x_0,0.3049 + -0.3665 * x_0,,,21,4,success,Optimization terminated successfully.,odeformer_constant_optimizer,4,True,snmse,56754040be5aa92ed4767fc43ee2008faa293f87c12b643e66c7df3e1623a5e8,/opt/odeformer/odeformer.pt,0.9999998124297182,0.9999998124297182,0.9994187350939058,0.9994187350939058,0.9999998124297182,True,0.9999998124297182,True,success,phasec_external_baseline_v1,success,False,False,1,ffad3499269c08c6bd22e9e5c5d2ab32bbf827e2037cbdd6e73571aeab04432f,True,[]
[],[],1,21.555055394999954,"{""gdown"":""5.2.2"",""numpy"":""1.23.5"",""pandas"":""1.5.3"",""pysindy"":""1.7.5"",""scikit-learn"":""1.2.2"",""scipy"":""1.10.1"",""sympy"":""1.13.3"",""torch"":""2.14.0+cpu""}",,,2,6906ca0a07a887c83ae9cc220226eb21a137b4de61d699f78de1a2ac458d7470,0.9999511437813574,0.9999511437813574,0.9999511437813574,0.9999511437813574,1,0.9999511437813574,True,0.9999511437813574,True,0ee16225ff89698a75ca1dd4d2560af9956e8ab3b3b0058633eb0205457986e8,success,unknown,odeformer,"{""beam_early_stopping"":true,""beam_length_penalty"":1.0,""beam_size"":50,""beam_temperature"":0.1,""beam_type"":""sampling"",""commit"":""c9193012ad07a97186290b98d8290d1a177f4609"",""config_id"":""beam50_noopt"",""constant_optimization_enabled"":false,""constant_optimization_eval_objective"":""r2"",""constant_optimization_init_random"":false,""constant_optimization_objective"":""r2"",""constant_optimization_track_eval_history"":true,""environment_id"":""candidate"",""eval_subsample_ratio"":""not_applied_full_512_point_trajectory"",""max_generated_output_len"":200,""max_input_points"":10000,""parameter_optimization"":""disabled"",""parameter_optimization_iterations"":0,""rescale"":true,""seed"":2023,""sort_metric"":""snmse"",""weight_sha256"":""56754040be5aa92ed4767fc43ee2008faa293f87c12b643e66c7df3e1623a5e8"",""weights_path"":""/opt/odeformer/odeformer.pt"",""weights_source"":""google_drive_id_1L_UZ0qgrBVkRuhg5j3BQoGxlvMk_Pm1W""}",0.3049 - 0.3632*x_0,True,1.0,50,0.1,sampling,50,c9193012ad07a97186290b98d8290d1a177f4609,beam50_noopt,False,r2,False,r2,True,"[0.3049,0.3632]","[0.3049,0.3632]",candidate,not_applied_full_512_point_trajectory,0.3049 - 0.3632*x_0,0.3049 - 0.3632*x_0,"[0.3049,0.3632]",200,10000,0.3049 - 0.3632*x_0,0.3049 + -0.3632 * x_0,,,0,0,not_requested,,disabled,0,True,snmse,56754040be5aa92ed4767fc43ee2008faa293f87c12b643e66c7df3e1623a5e8,/opt/odeformer/odeformer.pt,0.9999457799214581,0.9999457799214581,0.9999457799214581,0.9999457799214581,0.9999457799214581,True,0.9999457799214581,True,success,phasec_external_baseline_v1,success,False,False,1,ffad3499269c08c6bd22e9e5c5d2ab32bbf827e2037cbdd6e73571aeab04432f,True,[]
[],[],1,21.03340004200004,"{""gdown"":""5.2.2"",""numpy"":""1.23.5"",""pandas"":""1.5.3"",""pysindy"":""1.7.5"",""scikit-learn"":""1.2.2"",""scipy"":""1.10.1"",""sympy"":""1.13.3"",""torch"":""2.14.0+cpu""}",,,2,6906ca0a07a887c83ae9cc220226eb21a137b4de61d699f78de1a2ac458d7470,0.999999718531604,0.999999718531604,0.9999511437813574,0.9999511437813574,1,0.999999718531604,True,0.999999718531604,True,0ee16225ff89698a75ca1dd4d2560af9956e8ab3b3b0058633eb0205457986e8,success,unknown,odeformer,"{""beam_early_stopping"":true,""beam_length_penalty"":1.0,""beam_size"":50,""beam_temperature"":0.1,""beam_type"":""sampling"",""commit"":""c9193012ad07a97186290b98d8290d1a177f4609"",""config_id"":""beam50_opt"",""constant_optimization_enabled"":true,""constant_optimization_eval_objective"":""r2"",""constant_optimization_init_random"":false,""constant_optimization_objective"":""r2"",""constant_optimization_track_eval_history"":true,""environment_id"":""candidate"",""eval_subsample_ratio"":""not_applied_full_512_point_trajectory"",""max_generated_output_len"":200,""max_input_points"":10000,""parameter_optimization"":""odeformer_constant_optimizer"",""parameter_optimization_iterations"":0,""rescale"":true,""seed"":2023,""sort_metric"":""snmse"",""weight_sha256"":""56754040be5aa92ed4767fc43ee2008faa293f87c12b643e66c7df3e1623a5e8"",""weights_path"":""/opt/odeformer/odeformer.pt"",""weights_source"":""google_drive_id_1L_UZ0qgrBVkRuhg5j3BQoGxlvMk_Pm1W""}",0.3026870712189112 - 0.360561848609629*x_0,True,1.0,50,0.1,sampling,50,c9193012ad07a97186290b98d8290d1a177f4609,beam50_opt,True,r2,False,r2,True,"[0.3026870712189112,0.360561848609629]","[0.3049,0.3632]",candidate,not_applied_full_512_point_trajectory,0.3026870712189112 - 0.360561848609629*x_0,0.3049 - 0.3632*x_0,"[0.3026870712189112,0.360561848609629]",200,10000,0.3026870712189112 - 0.360561848609629*x_0,0.3049 + -0.3632 * x_0,,,15,3,success,Optimization terminated successfully.,odeformer_constant_optimizer,3,True,snmse,56754040be5aa92ed4767fc43ee2008faa293f87c12b643e66c7df3e1623a5e8,/opt/odeformer/odeformer.pt,0.999999812429483,0.999999812429483,0.9999457799214581,0.9999457799214581,0.999999812429483,True,0.999999812429483,True,success,phasec_external_baseline_v1,success,False,False,1,ffad3499269c08c6bd22e9e5c5d2ab32bbf827e2037cbdd6e73571aeab04432f,True,[]
[],[],1,3.790963531000102,"{""gdown"":""5.2.2"",""numpy"":""1.23.5"",""pandas"":""1.5.3"",""pysindy"":""1.7.5"",""scikit-learn"":""1.2.2"",""scipy"":""1.10.1"",""sympy"":""1.13.3"",""torch"":""2.14.0+cpu""}",,,1,4536cb1543f6d4039af77e870645d52f3ff6e0b757f0bd98f2cf78d7258188cc,0.9391941252726691,0.9391941252726692,0.9391941252726691,0.9391941252726692,2,0.9391941252726691,True,0.9391941252726692,True,13411f5aa9fe886a381b2f1a81ffdccdc160888eee96023853d23e5a3f63f578,success,unknown,odeformer,"{""beam_early_stopping"":true,""beam_length_penalty"":1.0,""beam_size"":10,""beam_temperature"":0.1,""beam_type"":""sampling"",""commit"":""c9193012ad07a97186290b98d8290d1a177f4609"",""config_id"":""beam10_noopt"",""constant_optimization_enabled"":false,""constant_optimization_eval_objective"":""r2"",""constant_optimization_init_random"":false,""constant_optimization_objective"":""r2"",""constant_optimization_track_eval_history"":true,""environment_id"":""candidate"",""eval_subsample_ratio"":""not_applied_full_512_point_trajectory"",""max_generated_output_len"":200,""max_input_points"":10000,""parameter_optimization"":""disabled"",""parameter_optimization_iterations"":0,""rescale"":true,""seed"":2023,""sort_metric"":""snmse"",""weight_sha256"":""56754040be5aa92ed4767fc43ee2008faa293f87c12b643e66c7df3e1623a5e8"",""weights_path"":""/opt/odeformer/odeformer.pt"",""weights_source"":""google_drive_id_1L_UZ0qgrBVkRuhg5j3BQoGxlvMk_Pm1W""}",-0.9*x_0/(0.0023*x_0**2 - 4.255),True,1.0,10,0.1,sampling,10,c9193012ad07a97186290b98d8290d1a177f4609,beam10_noopt,False,r2,False,r2,True,"[-0.9,0.0023,2.0,4.255]","[-0.9,0.0023,2.0,4.255]",candidate,not_applied_full_512_point_trajectory,-0.9*x_0/(0.0023*x_0**2 - 4.255),-0.9*x_0/(0.0023*x_0**2 - 4.255),"[-0.9,0.0023,2.0,4.255]",200,10000,-0.9*x_0/(0.0023*x_0**2 - 4.255),0.9000 * x_0 * (4.2550 + -0.0023 * (x_0)**2)**-1,,,0,0,not_requested,,disabled,0,True,snmse,56754040be5aa92ed4767fc43ee2008faa293f87c12b643e66c7df3e1623a5e8,/opt/odeformer/odeformer.pt,0.917211188478304,0.917211188478304,0.917211188478304,0.917211188478304,0.917211188478304,True,0.917211188478304,True,success,phasec_external_baseline_v1,success,False,False,2,ffad3499269c08c6bd22e9e5c5d2ab32bbf827e2037cbdd6e73571aeab04432f,True,[]
[],[],1,13.311232196999981,"{""gdown"":""5.2.2"",""numpy"":""1.23.5"",""pandas"":""1.5.3"",""pysindy"":""1.7.5"",""scikit-learn"":""1.2.2"",""scipy"":""1.10.1"",""sympy"":""1.13.3"",""torch"":""2.14.0+cpu""}",,,1,4536cb1543f6d4039af77e870645d52f3ff6e0b757f0bd98f2cf78d7258188cc,0.9391941250927848,0.9391941250927848,0.9391941252726691,0.9391941252726692,2,0.9391941250927848,True,0.9391941250927848,True,13411f5aa9fe886a381b2f1a81ffdccdc160888eee96023853d23e5a3f63f578,success,unknown,odeformer,"{""beam_early_stopping"":true,""beam_length_penalty"":1.0,""beam_size"":10,""beam_temperature"":0.1,""beam_type"":""sampling"",""commit"":""c9193012ad07a97186290b98d8290d1a177f4609"",""config_id"":""beam10_opt"",""constant_optimization_enabled"":true,""constant_optimization_eval_objective"":""r2"",""constant_optimization_init_random"":false,""constant_optimization_objective"":""r2"",""constant_optimization_track_eval_history"":true,""environment_id"":""candidate"",""eval_subsample_ratio"":""not_applied_full_512_point_trajectory"",""max_generated_output_len"":200,""max_input_points"":10000,""parameter_optimization"":""odeformer_constant_optimizer"",""parameter_optimization_iterations"":0,""rescale"":true,""seed"":2023,""sort_metric"":""snmse"",""weight_sha256"":""56754040be5aa92ed4767fc43ee2008faa293f87c12b643e66c7df3e1623a5e8"",""weights_path"":""/opt/odeformer/odeformer.pt"",""weights_source"":""google_drive_id_1L_UZ0qgrBVkRuhg5j3BQoGxlvMk_Pm1W""}",-0.9000000000998281*x_0/(0.0022999998785523893*x_0**2 - 4.254999999993821),True,1.0,10,0.1,sampling,10,c9193012ad07a97186290b98d8290d1a177f4609,beam10_opt,True,r2,False,r2,True,"[-0.9000000000998281,0.0022999998785523893,2.0,4.254999999993821]","[-0.9,0.0023,2.0,4.255]",candidate,not_applied_full_512_point_trajectory,-0.9000000000998281*x_0/(0.0022999998785523893*x_0**2 - 4.254999999993821),-0.9*x_0/(0.0023*x_0**2 - 4.255),"[-0.9000000000998281,0.0022999998785523893,2.0,4.254999999993821]",200,10000,-0.9000000000998281*x_0/(0.0022999998785523893*x_0**2 - 4.254999999993821),0.9000 * x_0 * (4.2550 + -0.0023 * (x_0)**2)**-1,,,187,2,success,Desired error not necessarily achieved due to precision loss.,odeformer_constant_optimizer,2,True,snmse,56754040be5aa92ed4767fc43ee2008faa293f87c12b643e66c7df3e1623a5e8,/opt/odeformer/odeformer.pt,0.95063184677994,0.9506318467799398,0.917211188478304,0.917211188478304,0.95063184677994,True,0.9506318467799398,True,success,phasec_external_baseline_v1,success,False,False,2,ffad3499269c08c6bd22e9e5c5d2ab32bbf827e2037cbdd6e73571aeab04432f,True,[]
[],[],1,25.767409317999977,"{""gdown"":""5.2.2"",""numpy"":""1.23.5"",""pandas"":""1.5.3"",""pysindy"":""1.7.5"",""scikit-learn"":""1.2.2"",""scipy"":""1.10.1"",""sympy"":""1.13.3"",""torch"":""2.14.0+cpu""}",,,1,4536cb1543f6d4039af77e870645d52f3ff6e0b757f0bd98f2cf78d7258188cc,-9.848132686424933,-9.848132686424933,-9.848132686424933,-9.848132686424933,2,-9.848132686424933,False,-9.848132686424933,False,13411f5aa9fe886a381b2f1a81ffdccdc160888eee96023853d23e5a3f63f578,success,unknown,odeformer,"{""beam_early_stopping"":true,""beam_length_penalty"":1.0,""beam_size"":50,""beam_temperature"":0.1,""beam_type"":""sampling"",""commit"":""c9193012ad07a97186290b98d8290d1a177f4609"",""config_id"":""beam50_noopt"",""constant_optimization_enabled"":false,""constant_optimization_eval_objective"":""r2"",""constant_optimization_init_random"":false,""constant_optimization_objective"":""r2"",""constant_optimization_track_eval_history"":true,""environment_id"":""candidate"",""eval_subsample_ratio"":""not_applied_full_512_point_trajectory"",""max_generated_output_len"":200,""max_input_points"":10000,""parameter_optimization"":""disabled"",""parameter_optimization_iterations"":0,""rescale"":true,""seed"":2023,""sort_metric"":""snmse"",""weight_sha256"":""56754040be5aa92ed4767fc43ee2008faa293f87c12b643e66c7df3e1623a5e8"",""weights_path"":""/opt/odeformer/odeformer.pt"",""weights_source"":""google_drive_id_1L_UZ0qgrBVkRuhg5j3BQoGxlvMk_Pm1W""}",(0.0684*x_0*(0.1265*x_0 - 4.448) - 4.6591)/(0.1265*x_0 - 4.448),True,1.0,50,0.1,sampling,50,c9193012ad07a97186290b98d8290d1a177f4609,beam50_noopt,False,r2,False,r2,True,"[0.0684,0.1265,4.448,4.6591,0.1265,4.448]","[0.0684,0.1265,4.448,4.6591,0.1265,4.448]",candidate,not_applied_full_512_point_trajectory,(0.0684*x_0*(0.1265*x_0 - 4.448) - 4.6591)/(0.1265*x_0 - 4.448),(0.0684*x_0*(0.1265*x_0 - 4.448) - 4.6591)/(0.1265*x_0 - 4.448),"[0.0684,0.1265,4.448,4.6591,0.1265,4.448]",200,10000,(0.0684*x_0*(0.1265*x_0 - 4.448) - 4.6591)/(0.1265*x_0 - 4.448),0.0684 * x_0 + 4.6591 * (4.4480 + -0.1265 * x_0)**-1,,,0,0,not_requested,,disabled,0,True,snmse,56754040be5aa92ed4767fc43ee2008faa293f87c12b643e66c7df3e1623a5e8,/opt/odeformer/odeformer.pt,0.9485457713949162,0.9485457713949161,0.9485457713949162,0.9485457713949161,0.9485457713949162,True,0.9485457713949161,True,success,phasec_external_baseline_v1,success,False,False,2,ffad3499269c08c6bd22e9e5c5d2ab32bbf827e2037cbdd6e73571aeab04432f,True,[]
[],[],1,28.724825457000065,"{""gdown"":""5.2.2"",""numpy"":""1.23.5"",""pandas"":""1.5.3"",""pysindy"":""1.7.5"",""scikit-learn"":""1.2.2"",""scipy"":""1.10.1"",""sympy"":""1.13.3"",""torch"":""2.14.0+cpu""}",,,1,4536cb1543f6d4039af77e870645d52f3ff6e0b757f0bd98f2cf78d7258188cc,-9.851578226211664,-9.851578226211664,-9.848132686424933,-9.848132686424933,2,-9.851578226211664,False,-9.851578226211664,False,13411f5aa9fe886a381b2f1a81ffdccdc160888eee96023853d23e5a3f63f578,success,unknown,odeformer,"{""beam_early_stopping"":true,""beam_length_penalty"":1.0,""beam_size"":50,""beam_temperature"":0.1,""beam_type"":""sampling"",""commit"":""c9193012ad07a97186290b98d8290d1a177f4609"",""config_id"":""beam50_opt"",""constant_optimization_enabled"":true,""constant_optimization_eval_objective"":""r2"",""constant_optimization_init_random"":false,""constant_optimization_objective"":""r2"",""constant_optimization_track_eval_history"":true,""environment_id"":""candidate"",""eval_subsample_ratio"":""not_applied_full_512_point_trajectory"",""max_generated_output_len"":200,""max_input_points"":10000,""parameter_optimization"":""odeformer_constant_optimizer"",""parameter_optimization_iterations"":0,""rescale"":true,""seed"":2023,""sort_metric"":""snmse"",""weight_sha256"":""56754040be5aa92ed4767fc43ee2008faa293f87c12b643e66c7df3e1623a5e8"",""weights_path"":""/opt/odeformer/odeformer.pt"",""weights_source"":""google_drive_id_1L_UZ0qgrBVkRuhg5j3BQoGxlvMk_Pm1W""}",(0.06841822924731826*x_0*(0.1265164449849617*x_0 - 4.448023806897816) - 4.659097391967169)/(0.12650660423388888*x_0 - 4.448010097533739),True,1.0,50,0.1,sampling,50,c9193012ad07a97186290b98d8290d1a177f4609,beam50_opt,True,r2,False,r2,True,"[0.06841822924731826,0.1265164449849617,4.448023806897816,4.659097391967169,0.12650660423388888,4.448010097533739]","[0.0684,0.1265,4.448,4.6591,0.1265,4.448]",candidate,not_applied_full_512_point_trajectory,(0.06841822924731826*x_0*(0.1265164449849617*x_0 - 4.448023806897816) - 4.659097391967169)/(0.12650660423388888*x_0 - 4.448010097533739),(0.0684*x_0*(0.1265*x_0 - 4.448) - 4.6591)/(0.1265*x_0 - 4.448),"[0.06841822924731826,0.1265164449849617,4.448023806897816,4.659097391967169,0.12650660423388888,4.448010097533739]",200,10000,(0.06841822924731826*x_0*(0.1265164449849617*x_0 - 4.448023806897816) - 4.659097391967169)/(0.12650660423388888*x_0 - 4.448010097533739),0.0684 * x_0 + 4.6591 * (4.4480 + -0.1265 * x_0)**-1,,,222,2,success,Desired error not necessarily achieved due to precision loss.,odeformer_constant_optimizer,2,True,snmse,56754040be5aa92ed4767fc43ee2008faa293f87c12b643e66c7df3e1623a5e8,/opt/odeformer/odeformer.pt,0.9849360276646411,0.984936027664641,0.9485457713949162,0.9485457713949161,0.9849360276646411,True,0.984936027664641,True,success,phasec_external_baseline_v1,success,False,False,2,ffad3499269c08c6bd22e9e5c5d2ab32bbf827e2037cbdd6e73571aeab04432f,True,[]
[],[],1,4.6080313959998875,"{""gdown"":""5.2.2"",""numpy"":""1.23.5"",""pandas"":""1.5.3"",""pysindy"":""1.7.5"",""scikit-learn"":""1.2.2"",""scipy"":""1.10.1"",""sympy"":""1.13.3"",""torch"":""2.14.0+cpu""}",,,2,13411f5aa9fe886a381b2f1a81ffdccdc160888eee96023853d23e5a3f63f578,-0.8384070559529151,-0.8384070559529151,-0.8384070559529151,-0.8384070559529151,1,-0.8384070559529151,False,-0.8384070559529151,False,4536cb1543f6d4039af77e870645d52f3ff6e0b757f0bd98f2cf78d7258188cc,success,unknown,odeformer,"{""beam_early_stopping"":true,""beam_length_penalty"":1.0,""beam_size"":10,""beam_temperature"":0.1,""beam_type"":""sampling"",""commit"":""c9193012ad07a97186290b98d8290d1a177f4609"",""config_id"":""beam10_noopt"",""constant_optimization_enabled"":false,""constant_optimization_eval_objective"":""r2"",""constant_optimization_init_random"":false,""constant_optimization_objective"":""r2"",""constant_optimization_track_eval_history"":true,""environment_id"":""candidate"",""eval_subsample_ratio"":""not_applied_full_512_point_trajectory"",""max_generated_output_len"":200,""max_input_points"":10000,""parameter_optimization"":""disabled"",""parameter_optimization_iterations"":0,""rescale"":true,""seed"":2023,""sort_metric"":""snmse"",""weight_sha256"":""56754040be5aa92ed4767fc43ee2008faa293f87c12b643e66c7df3e1623a5e8"",""weights_path"":""/opt/odeformer/odeformer.pt"",""weights_source"":""google_drive_id_1L_UZ0qgrBVkRuhg5j3BQoGxlvMk_Pm1W""}",-0.9*x_0/(0.07*x_0**2 - 4.285),True,1.0,10,0.1,sampling,10,c9193012ad07a97186290b98d8290d1a177f4609,beam10_noopt,False,r2,False,r2,True,"[-0.9,0.07,2.0,4.285]","[-0.9,0.07,2.0,4.285]",candidate,not_applied_full_512_point_trajectory,-0.9*x_0/(0.07*x_0**2 - 4.285),-0.9*x_0/(0.07*x_0**2 - 4.285),"[-0.9,0.07,2.0,4.285]",200,10000,-0.9*x_0/(0.07*x_0**2 - 4.285),0.9000 * x_0 * (4.2850 + -0.0700 * (x_0)**2)**-1,,,0,0,not_requested,,disabled,0,True,snmse,56754040be5aa92ed4767fc43ee2008faa293f87c12b643e66c7df3e1623a5e8,/opt/odeformer/odeformer.pt,0.9250266995780592,0.9250266995780592,0.9250266995780592,0.9250266995780592,0.9250266995780592,True,0.9250266995780592,True,success,phasec_external_baseline_v1,success,False,False,2,ffad3499269c08c6bd22e9e5c5d2ab32bbf827e2037cbdd6e73571aeab04432f,True,[]
[],[],1,10.448484951000182,"{""gdown"":""5.2.2"",""numpy"":""1.23.5"",""pandas"":""1.5.3"",""pysindy"":""1.7.5"",""scikit-learn"":""1.2.2"",""scipy"":""1.10.1"",""sympy"":""1.13.3"",""torch"":""2.14.0+cpu""}",,,2,13411f5aa9fe886a381b2f1a81ffdccdc160888eee96023853d23e5a3f63f578,0.33256624611006513,0.33256624611006513,0.0,0.0,1,0.33256624611006513,False,0.33256624611006513,False,4536cb1543f6d4039af77e870645d52f3ff6e0b757f0bd98f2cf78d7258188cc,success,unknown,odeformer,"{""beam_early_stopping"":true,""beam_length_penalty"":1.0,""beam_size"":10,""beam_temperature"":0.1,""beam_type"":""sampling"",""commit"":""c9193012ad07a97186290b98d8290d1a177f4609"",""config_id"":""beam10_opt"",""constant_optimization_enabled"":true,""constant_optimization_eval_objective"":""r2"",""constant_optimization_init_random"":false,""constant_optimization_objective"":""r2"",""constant_optimization_track_eval_history"":true,""environment_id"":""candidate"",""eval_subsample_ratio"":""not_applied_full_512_point_trajectory"",""max_generated_output_len"":200,""max_input_points"":10000,""parameter_optimization"":""odeformer_constant_optimizer"",""parameter_optimization_iterations"":0,""rescale"":true,""seed"":2023,""sort_metric"":""snmse"",""weight_sha256"":""56754040be5aa92ed4767fc43ee2008faa293f87c12b643e66c7df3e1623a5e8"",""weights_path"":""/opt/odeformer/odeformer.pt"",""weights_source"":""google_drive_id_1L_UZ0qgrBVkRuhg5j3BQoGxlvMk_Pm1W""}",-0.9583788793388508*x_0/(0.012358993592150154*x_0**2 - 4.20845282852502),True,1.0,10,0.1,sampling,10,c9193012ad07a97186290b98d8290d1a177f4609,beam10_opt,True,r2,False,r2,True,"[-0.9583788793388508,0.012358993592150154,2.0,4.20845282852502]","[-0.9,0.07,2.0,4.285]",candidate,not_applied_full_512_point_trajectory,-0.9583788793388508*x_0/(0.012358993592150154*x_0**2 - 4.20845282852502),-0.9*x_0/(0.07*x_0**2 - 4.285),"[-0.9583788793388508,0.012358993592150154,2.0,4.20845282852502]",200,10000,-0.9583788793388508*x_0/(0.012358993592150154*x_0**2 - 4.20845282852502),0.9000 * x_0 * (4.2850 + -0.0700 * (x_0)**2)**-1,,,112,0,success,Desired error not necessarily achieved due to precision loss.,odeformer_constant_optimizer,0,True,snmse,56754040be5aa92ed4767fc43ee2008faa293f87c12b643e66c7df3e1623a5e8,/opt/odeformer/odeformer.pt,0.988103553873806,0.988103553873806,0.9250266995780592,0.9250266995780592,0.988103553873806,True,0.988103553873806,True,success,phasec_external_baseline_v1,success,False,False,2,ffad3499269c08c6bd22e9e5c5d2ab32bbf827e2037cbdd6e73571aeab04432f,True,[]
[],[],1,25.09784859299998,"{""gdown"":""5.2.2"",""numpy"":""1.23.5"",""pandas"":""1.5.3"",""pysindy"":""1.7.5"",""scikit-learn"":""1.2.2"",""scipy"":""1.10.1"",""sympy"":""1.13.3"",""torch"":""2.14.0+cpu""}",,,2,13411f5aa9fe886a381b2f1a81ffdccdc160888eee96023853d23e5a3f63f578,-0.7822623446288339,-0.7822623446288339,-0.7822623446288339,-0.7822623446288339,1,-0.7822623446288339,False,-0.7822623446288339,False,4536cb1543f6d4039af77e870645d52f3ff6e0b757f0bd98f2cf78d7258188cc,success,unknown,odeformer,"{""beam_early_stopping"":true,""beam_length_penalty"":1.0,""beam_size"":50,""beam_temperature"":0.1,""beam_type"":""sampling"",""commit"":""c9193012ad07a97186290b98d8290d1a177f4609"",""config_id"":""beam50_noopt"",""constant_optimization_enabled"":false,""constant_optimization_eval_objective"":""r2"",""constant_optimization_init_random"":false,""constant_optimization_objective"":""r2"",""constant_optimization_track_eval_history"":true,""environment_id"":""candidate"",""eval_subsample_ratio"":""not_applied_full_512_point_trajectory"",""max_generated_output_len"":200,""max_input_points"":10000,""parameter_optimization"":""disabled"",""parameter_optimization_iterations"":0,""rescale"":true,""seed"":2023,""sort_metric"":""snmse"",""weight_sha256"":""56754040be5aa92ed4767fc43ee2008faa293f87c12b643e66c7df3e1623a5e8"",""weights_path"":""/opt/odeformer/odeformer.pt"",""weights_source"":""google_drive_id_1L_UZ0qgrBVkRuhg5j3BQoGxlvMk_Pm1W""}",-0.9*x_0/(0.0667*x_0**2 - 4.255),True,1.0,50,0.1,sampling,50,c9193012ad07a97186290b98d8290d1a177f4609,beam50_noopt,False,r2,False,r2,True,"[-0.9,0.0667,2.0,4.255]","[-0.9,0.0667,2.0,4.255]",candidate,not_applied_full_512_point_trajectory,-0.9*x_0/(0.0667*x_0**2 - 4.255),-0.9*x_0/(0.0667*x_0**2 - 4.255),"[-0.9,0.0667,2.0,4.255]",200,10000,-0.9*x_0/(0.0667*x_0**2 - 4.255),0.9000 * x_0 * (4.2550 + -0.0667 * (x_0)**2)**-1,,,0,0,not_requested,,disabled,0,True,snmse,56754040be5aa92ed4767fc43ee2008faa293f87c12b643e66c7df3e1623a5e8,/opt/odeformer/odeformer.pt,0.9658384288824493,0.9658384288824493,0.9658384288824493,0.9658384288824493,0.9658384288824493,True,0.9658384288824493,True,success,phasec_external_baseline_v1,success,False,False,2,ffad3499269c08c6bd22e9e5c5d2ab32bbf827e2037cbdd6e73571aeab04432f,True,[]
[],[],1,30.118427759000042,"{""gdown"":""5.2.2"",""numpy"":""1.23.5"",""pandas"":""1.5.3"",""pysindy"":""1.7.5"",""scikit-learn"":""1.2.2"",""scipy"":""1.10.1"",""sympy"":""1.13.3"",""torch"":""2.14.0+cpu""}",,,2,13411f5aa9fe886a381b2f1a81ffdccdc160888eee96023853d23e5a3f63f578,-0.7863766730072885,-0.7863766730072885,-0.7822623446288339,-0.7822623446288339,1,-0.7863766730072885,False,-0.7863766730072885,False,4536cb1543f6d4039af77e870645d52f3ff6e0b757f0bd98f2cf78d7258188cc,success,unknown,odeformer,"{""beam_early_stopping"":true,""beam_length_penalty"":1.0,""beam_size"":50,""beam_temperature"":0.1,""beam_type"":""sampling"",""commit"":""c9193012ad07a97186290b98d8290d1a177f4609"",""config_id"":""beam50_opt"",""constant_optimization_enabled"":true,""constant_optimization_eval_objective"":""r2"",""constant_optimization_init_random"":false,""constant_optimization_objective"":""r2"",""constant_optimization_track_eval_history"":true,""environment_id"":""candidate"",""eval_subsample_ratio"":""not_applied_full_512_point_trajectory"",""max_generated_output_len"":200,""max_input_points"":10000,""parameter_optimization"":""odeformer_constant_optimizer"",""parameter_optimization_iterations"":0,""rescale"":true,""seed"":2023,""sort_metric"":""snmse"",""weight_sha256"":""56754040be5aa92ed4767fc43ee2008faa293f87c12b643e66c7df3e1623a5e8"",""weights_path"":""/opt/odeformer/odeformer.pt"",""weights_source"":""google_drive_id_1L_UZ0qgrBVkRuhg5j3BQoGxlvMk_Pm1W""}",-0.8999999850988388*x_0/(0.0667*x_0**2 - 4.255),True,1.0,50,0.1,sampling,50,c9193012ad07a97186290b98d8290d1a177f4609,beam50_opt,True,r2,False,r2,True,"[-0.8999999850988388,0.0667,2.0,4.255]","[-0.9,0.0667,2.0,4.255]",candidate,not_applied_full_512_point_trajectory,-0.8999999850988388*x_0/(0.0667*x_0**2 - 4.255),-0.9*x_0/(0.0667*x_0**2 - 4.255),"[-0.8999999850988388,0.0667,2.0,4.255]",200,10000,-0.8999999850988388*x_0/(0.0667*x_0**2 - 4.255),0.9000 * x_0 * (4.2550 + -0.0667 * (x_0)**2)**-1,,,128,2,success,Desired error not necessarily achieved due to precision loss.,odeformer_constant_optimizer,2,True,snmse,56754040be5aa92ed4767fc43ee2008faa293f87c12b643e66c7df3e1623a5e8,/opt/odeformer/odeformer.pt,0.9746877178801988,0.9746877178801988,0.9658384288824493,0.9658384288824493,0.9746877178801988,True,0.9746877178801988,True,success,phasec_external_baseline_v1,success,False,False,2,ffad3499269c08c6bd22e9e5c5d2ab32bbf827e2037cbdd6e73571aeab04432f,True,[]
[],[],2,7.458974536000028,"{""gdown"":""5.2.2"",""numpy"":""1.23.5"",""pandas"":""1.5.3"",""pysindy"":""1.7.5"",""scikit-learn"":""1.2.2"",""scipy"":""1.10.1"",""sympy"":""1.13.3"",""torch"":""2.14.0+cpu""}",,,1,7a0cb065a725ce6f96bb42f2513fe021f726e088c0090ed0db0b96fbcf902391,0.8703806371484225,0.8768378036508486,0.8703806371484225,0.8768378036508486,2,0.8703806371484225,False,0.8768378036508486,False,33ed2a81e4f4e66426a0dc51832715f1c58dce189922fbe2014a3b0a2920f08c,success,unknown,odeformer,"{""beam_early_stopping"":true,""beam_length_penalty"":1.0,""beam_size"":10,""beam_temperature"":0.1,""beam_type"":""sampling"",""commit"":""c9193012ad07a97186290b98d8290d1a177f4609"",""config_id"":""beam10_noopt"",""constant_optimization_enabled"":false,""constant_optimization_eval_objective"":""r2"",""constant_optimization_init_random"":false,""constant_optimization_objective"":""r2"",""constant_optimization_track_eval_history"":true,""environment_id"":""candidate"",""eval_subsample_ratio"":""not_applied_full_512_point_trajectory"",""max_generated_output_len"":200,""max_input_points"":10000,""parameter_optimization"":""disabled"",""parameter_optimization_iterations"":0,""rescale"":true,""seed"":2023,""sort_metric"":""snmse"",""weight_sha256"":""56754040be5aa92ed4767fc43ee2008faa293f87c12b643e66c7df3e1623a5e8"",""weights_path"":""/opt/odeformer/odeformer.pt"",""weights_source"":""google_drive_id_1L_UZ0qgrBVkRuhg5j3BQoGxlvMk_Pm1W""}",1.1196*x_1 | (-57.8265075*x_0**2 + 21.034566*x_0 - 0.2716)/(31.175*x_0 - 11.34),True,1.0,10,0.1,sampling,10,c9193012ad07a97186290b98d8290d1a177f4609,beam10_noopt,False,r2,False,r2,True,"[1.1196,-57.8265075,2.0,21.034566,0.2716,31.175,11.34]","[1.1196,-57.8265075,2.0,21.034566,0.2716,31.175,11.34]",candidate,not_applied_full_512_point_trajectory,1.1196*x_1 | (-57.8265075*x_0**2 + 21.034566*x_0 - 0.2716)/(31.175*x_0 - 11.34),1.1196*x_1 | (-57.8265075*x_0**2 + 21.034566*x_0 - 0.2716)/(31.175*x_0 - 11.34),"[1.1196,-57.8265075,2.0,21.034566,0.2716,31.175,11.34]",200,10000,1.1196*x_1 | (-57.8265075*x_0**2 + 21.034566*x_0 - 0.2716)/(31.175*x_0 - 11.34),1.1196 * x_1 | 0.2716 * (11.3400 + -31.1750 * x_0)**-1 + -1.8549 * x_0,,,0,0,not_requested,,disabled,0,True,snmse,56754040be5aa92ed4767fc43ee2008faa293f87c12b643e66c7df3e1623a5e8,/opt/odeformer/odeformer.pt,0.9597429393457066,0.9620719102843336,0.9597429393457066,0.9620719102843336,0.9597429393457066,True,0.9620719102843336,True,success,phasec_external_baseline_v1,success,False,False,24,ffad3499269c08c6bd22e9e5c5d2ab32bbf827e2037cbdd6e73571aeab04432f,True,[]
[],[],2,14.954384294999954,"{""gdown"":""5.2.2"",""numpy"":""1.23.5"",""pandas"":""1.5.3"",""pysindy"":""1.7.5"",""scikit-learn"":""1.2.2"",""scipy"":""1.10.1"",""sympy"":""1.13.3"",""torch"":""2.14.0+cpu""}",,,1,7a0cb065a725ce6f96bb42f2513fe021f726e088c0090ed0db0b96fbcf902391,0.8915050030942837,0.8945445538806065,0.8703806371484225,0.8768378036508486,2,0.8915050030942837,False,0.8945445538806065,False,33ed2a81e4f4e66426a0dc51832715f1c58dce189922fbe2014a3b0a2920f08c,success,unknown,odeformer,"{""beam_early_stopping"":true,""beam_length_penalty"":1.0,""beam_size"":10,""beam_temperature"":0.1,""beam_type"":""sampling"",""commit"":""c9193012ad07a97186290b98d8290d1a177f4609"",""config_id"":""beam10_opt"",""constant_optimization_enabled"":true,""constant_optimization_eval_objective"":""r2"",""constant_optimization_init_random"":false,""constant_optimization_objective"":""r2"",""constant_optimization_track_eval_history"":true,""environment_id"":""candidate"",""eval_subsample_ratio"":""not_applied_full_512_point_trajectory"",""max_generated_output_len"":200,""max_input_points"":10000,""parameter_optimization"":""odeformer_constant_optimizer"",""parameter_optimization_iterations"":0,""rescale"":true,""seed"":2023,""sort_metric"":""snmse"",""weight_sha256"":""56754040be5aa92ed4767fc43ee2008faa293f87c12b643e66c7df3e1623a5e8"",""weights_path"":""/opt/odeformer/odeformer.pt"",""weights_source"":""google_drive_id_1L_UZ0qgrBVkRuhg5j3BQoGxlvMk_Pm1W""}",1.0944231270788212*x_1 | (-57.84255478851385*x_0**2 + 21.016547859285087*x_0 - 0.17281508128887468)/(31.13760077344334*x_0 - 11.325147054107125),True,1.0,10,0.1,sampling,10,c9193012ad07a97186290b98d8290d1a177f4609,beam10_opt,True,r2,False,r2,True,"[1.0944231270788212,-57.84255478851385,2.0,21.016547859285087,0.17281508128887468,31.13760077344334,11.325147054107125]","[1.1196,-57.8265075,2.0,21.034566,0.2716,31.175,11.34]",candidate,not_applied_full_512_point_trajectory,1.0944231270788212*x_1 | (-57.84255478851385*x_0**2 + 21.016547859285087*x_0 - 0.17281508128887468)/(31.13760077344334*x_0 - 11.325147054107125),1.1196*x_1 | (-57.8265075*x_0**2 + 21.034566*x_0 - 0.2716)/(31.175*x_0 - 11.34),"[1.0944231270788212,-57.84255478851385,2.0,21.016547859285087,0.17281508128887468,31.13760077344334,11.325147054107125]",200,10000,1.0944231270788212*x_1 | (-57.84255478851385*x_0**2 + 21.016547859285087*x_0 - 0.17281508128887468)/(31.13760077344334*x_0 - 11.325147054107125),1.1196 * x_1 | 0.2716 * (11.3400 + -31.1750 * x_0)**-1 + -1.8549 * x_0,,,159,0,success,Desired error not necessarily achieved due to precision loss.,odeformer_constant_optimizer,0,True,snmse,56754040be5aa92ed4767fc43ee2008faa293f87c12b643e66c7df3e1623a5e8,/opt/odeformer/odeformer.pt,0.9936143549003366,0.9930856398102633,0.9597429393457066,0.9620719102843336,0.9936143549003366,True,0.9930856398102633,True,success,phasec_external_baseline_v1,success,False,False,24,ffad3499269c08c6bd22e9e5c5d2ab32bbf827e2037cbdd6e73571aeab04432f,True,[]
[],[],2,37.801175440000065,"{""gdown"":""5.2.2"",""numpy"":""1.23.5"",""pandas"":""1.5.3"",""pysindy"":""1.7.5"",""scikit-learn"":""1.2.2"",""scipy"":""1.10.1"",""sympy"":""1.13.3"",""torch"":""2.14.0+cpu""}",,,1,7a0cb065a725ce6f96bb42f2513fe021f726e088c0090ed0db0b96fbcf902391,0.4808854331140749,0.493676705513844,0.4808854331140749,0.493676705513844,2,0.4808854331140749,False,0.493676705513844,False,33ed2a81e4f4e66426a0dc51832715f1c58dce189922fbe2014a3b0a2920f08c,success,unknown,odeformer,"{""beam_early_stopping"":true,""beam_length_penalty"":1.0,""beam_size"":50,""beam_temperature"":0.1,""beam_type"":""sampling"",""commit"":""c9193012ad07a97186290b98d8290d1a177f4609"",""config_id"":""beam50_noopt"",""constant_optimization_enabled"":false,""constant_optimization_eval_objective"":""r2"",""constant_optimization_init_random"":false,""constant_optimization_objective"":""r2"",""constant_optimization_track_eval_history"":true,""environment_id"":""candidate"",""eval_subsample_ratio"":""not_applied_full_512_point_trajectory"",""max_generated_output_len"":200,""max_input_points"":10000,""parameter_optimization"":""disabled"",""parameter_optimization_iterations"":0,""rescale"":true,""seed"":2023,""sort_metric"":""snmse"",""weight_sha256"":""56754040be5aa92ed4767fc43ee2008faa293f87c12b643e66c7df3e1623a5e8"",""weights_path"":""/opt/odeformer/odeformer.pt"",""weights_source"":""google_drive_id_1L_UZ0qgrBVkRuhg5j3BQoGxlvMk_Pm1W""}",(1.0488*x_1*(0.1385*x_0 + 1.095) + 0.0194)/(0.1385*x_0 + 1.095) | (-7.67202125*x_0**2 + 2.0060007*x_0 - 0.0297)/(3.9125*x_0 - 1.023),True,1.0,50,0.1,sampling,50,c9193012ad07a97186290b98d8290d1a177f4609,beam50_noopt,False,r2,False,r2,True,"[1.0488,0.1385,1.095,0.0194,0.1385,1.095,-7.67202125,2.0,2.0060007,0.0297,3.9125,1.023]","[1.0488,0.1385,1.095,0.0194,0.1385,1.095,-7.67202125,2.0,2.0060007,0.0297,3.9125,1.023]",candidate,not_applied_full_512_point_trajectory,(1.0488*x_1*(0.1385*x_0 + 1.095) + 0.0194)/(0.1385*x_0 + 1.095) | (-7.67202125*x_0**2 + 2.0060007*x_0 - 0.0297)/(3.9125*x_0 - 1.023),(1.0488*x_1*(0.1385*x_0 + 1.095) + 0.0194)/(0.1385*x_0 + 1.095) | (-7.67202125*x_0**2 + 2.0060007*x_0 - 0.0297)/(3.9125*x_0 - 1.023),"[1.0488,0.1385,1.095,0.0194,0.1385,1.095,-7.67202125,2.0,2.0060007,0.0297,3.9125,1.023]",200,10000,(1.0488*x_1*(0.1385*x_0 + 1.095) + 0.0194)/(0.1385*x_0 + 1.095) | (-7.67202125*x_0**2 + 2.0060007*x_0 - 0.0297)/(3.9125*x_0 - 1.023),1.0488 * x_1 + -0.0194 * (-1.0950 + -0.1385 * x_0)**-1 | 0.0297 * (1.0230 + -3.9125 * x_0)**-1 + -1.9609 * x_0,,,0,0,not_requested,,disabled,0,True,snmse,56754040be5aa92ed4767fc43ee2008faa293f87c12b643e66c7df3e1623a5e8,/opt/odeformer/odeformer.pt,0.9811284128420116,0.9816465487235786,0.9811284128420116,0.9816465487235786,0.9811284128420116,True,0.9816465487235786,True,success,phasec_external_baseline_v1,success,False,False,24,ffad3499269c08c6bd22e9e5c5d2ab32bbf827e2037cbdd6e73571aeab04432f,True,[]
[],[],2,50.01746549099994,"{""gdown"":""5.2.2"",""numpy"":""1.23.5"",""pandas"":""1.5.3"",""pysindy"":""1.7.5"",""scikit-learn"":""1.2.2"",""scipy"":""1.10.1"",""sympy"":""1.13.3"",""torch"":""2.14.0+cpu""}",,,1,7a0cb065a725ce6f96bb42f2513fe021f726e088c0090ed0db0b96fbcf902391,0.4811590657106414,0.49393836480285175,0.4808854331140749,0.493676705513844,2,0.4811590657106414,False,0.49393836480285175,False,33ed2a81e4f4e66426a0dc51832715f1c58dce189922fbe2014a3b0a2920f08c,success,unknown,odeformer,"{""beam_early_stopping"":true,""beam_length_penalty"":1.0,""beam_size"":50,""beam_temperature"":0.1,""beam_type"":""sampling"",""commit"":""c9193012ad07a97186290b98d8290d1a177f4609"",""config_id"":""beam50_opt"",""constant_optimization_enabled"":true,""constant_optimization_eval_objective"":""r2"",""constant_optimization_init_random"":false,""constant_optimization_objective"":""r2"",""constant_optimization_track_eval_history"":true,""environment_id"":""candidate"",""eval_subsample_ratio"":""not_applied_full_512_point_trajectory"",""max_generated_output_len"":200,""max_input_points"":10000,""parameter_optimization"":""odeformer_constant_optimizer"",""parameter_optimization_iterations"":0,""rescale"":true,""seed"":2023,""sort_metric"":""snmse"",""weight_sha256"":""56754040be5aa92ed4767fc43ee2008faa293f87c12b643e66c7df3e1623a5e8"",""weights_path"":""/opt/odeformer/odeformer.pt"",""weights_source"":""google_drive_id_1L_UZ0qgrBVkRuhg5j3BQoGxlvMk_Pm1W""}",(1.0488016396058335*x_1*(0.13849111507897258*x_0 + 1.0950038420996533) + 0.01939973267834201)/(0.13849153597655783*x_0 + 1.0950073778620768) | (-7.6720297442170216*x_0**2 + 2.0060104270847754*x_0 - 0.029694781379125405)/(3.9124961127521525*x_0 - 1.022999443918632),True,1.0,50,0.1,sampling,50,c9193012ad07a97186290b98d8290d1a177f4609,beam50_opt,True,r2,False,r2,True,"[1.0488016396058335,0.13849111507897258,1.0950038420996533,0.01939973267834201,0.13849153597655783,1.0950073778620768,-7.6720297442170216,2.0,2.0060104270847754,0.029694781379125405,3.9124961127521525,1.022999443918632]","[1.0488,0.1385,1.095,0.0194,0.1385,1.095,-7.67202125,2.0,2.0060007,0.0297,3.9125,1.023]",candidate,not_applied_full_512_point_trajectory,(1.0488016396058335*x_1*(0.13849111507897258*x_0 + 1.0950038420996533) + 0.01939973267834201)/(0.13849153597655783*x_0 + 1.0950073778620768) | (-7.6720297442170216*x_0**2 + 2.0060104270847754*x_0 - 0.029694781379125405)/(3.9124961127521525*x_0 - 1.022999443918632),(1.0488*x_1*(0.1385*x_0 + 1.095) + 0.0194)/(0.1385*x_0 + 1.095) | (-7.67202125*x_0**2 + 2.0060007*x_0 - 0.0297)/(3.9125*x_0 - 1.023),"[1.0488016396058335,0.13849111507897258,1.0950038420996533,0.01939973267834201,0.13849153597655783,1.0950073778620768,-7.6720297442170216,2.0,2.0060104270847754,0.029694781379125405,3.9124961127521525,1.022999443918632]",200,10000,(1.0488016396058335*x_1*(0.13849111507897258*x_0 + 1.0950038420996533) + 0.01939973267834201)/(0.13849153597655783*x_0 + 1.0950073778620768) | (-7.6720297442170216*x_0**2 + 2.0060104270847754*x_0 - 0.029694781379125405)/(3.9124961127521525*x_0 - 1.022999443918632),1.0488 * x_1 + -0.0194 * (-1.0950 + -0.1385 * x_0)**-1 | 0.0297 * (1.0230 + -3.9125 * x_0)**-1 + -1.9609 * x_0,,,575,1,success,Desired error not necessarily achieved due to precision loss.,odeformer_constant_optimizer,1,True,snmse,56754040be5aa92ed4767fc43ee2008faa293f87c12b643e66c7df3e1623a5e8,/opt/odeformer/odeformer.pt,0.9957242178551343,0.9951462131302421,0.9811284128420116,0.9816465487235786,0.9957242178551343,True,0.9951462131302421,True,success,phasec_external_baseline_v1,success,False,False,24,ffad3499269c08c6bd22e9e5c5d2ab32bbf827e2037cbdd6e73571aeab04432f,True,[]
[],[],2,6.860958354000104,"{""gdown"":""5.2.2"",""numpy"":""1.23.5"",""pandas"":""1.5.3"",""pysindy"":""1.7.5"",""scikit-learn"":""1.2.2"",""scipy"":""1.10.1"",""sympy"":""1.13.3"",""torch"":""2.14.0+cpu""}",,,2,33ed2a81e4f4e66426a0dc51832715f1c58dce189922fbe2014a3b0a2920f08c,0.0,0.0,0.0,0.0,1,0.0,False,0.0,False,7a0cb065a725ce6f96bb42f2513fe021f726e088c0090ed0db0b96fbcf902391,success,unknown,odeformer,"{""beam_early_stopping"":true,""beam_length_penalty"":1.0,""beam_size"":10,""beam_temperature"":0.1,""beam_type"":""sampling"",""commit"":""c9193012ad07a97186290b98d8290d1a177f4609"",""config_id"":""beam10_noopt"",""constant_optimization_enabled"":false,""constant_optimization_eval_objective"":""r2"",""constant_optimization_init_random"":false,""constant_optimization_objective"":""r2"",""constant_optimization_track_eval_history"":true,""environment_id"":""candidate"",""eval_subsample_ratio"":""not_applied_full_512_point_trajectory"",""max_generated_output_len"":200,""max_input_points"":10000,""parameter_optimization"":""disabled"",""parameter_optimization_iterations"":0,""rescale"":true,""seed"":2023,""sort_metric"":""snmse"",""weight_sha256"":""56754040be5aa92ed4767fc43ee2008faa293f87c12b643e66c7df3e1623a5e8"",""weights_path"":""/opt/odeformer/odeformer.pt"",""weights_source"":""google_drive_id_1L_UZ0qgrBVkRuhg5j3BQoGxlvMk_Pm1W""}",x_1*(1.0768 - 48.015*x_0**3) | x_0*(0.12552304 - 3.1545072*x_0)/(1.599*x_0 - 0.0543),True,1.0,10,0.1,sampling,10,c9193012ad07a97186290b98d8290d1a177f4609,beam10_noopt,False,r2,False,r2,True,"[1.0768,48.015,3.0,0.12552304,3.1545072,1.599,0.0543]","[1.0768,48.015,3.0,0.12552304,3.1545072,1.599,0.0543]",candidate,not_applied_full_512_point_trajectory,x_1*(1.0768 - 48.015*x_0**3) | x_0*(0.12552304 - 3.1545072*x_0)/(1.599*x_0 - 0.0543),x_1*(1.0768 - 48.015*x_0**3) | x_0*(0.12552304 - 3.1545072*x_0)/(1.599*x_0 - 0.0543),"[1.0768,48.015,3.0,0.12552304,3.1545072,1.599,0.0543]",200,10000,x_1*(1.0768 - 48.015*x_0**3) | x_0*(0.12552304 - 3.1545072*x_0)/(1.599*x_0 - 0.0543),1.0768 * x_1 + -48.0150 * x_1 * (x_0)**3 | -1.9728 * x_0 + -0.0184 * x_0 * (0.0543 + -1.5990 * x_0)**-1,,,0,0,not_requested,,disabled,0,True,snmse,56754040be5aa92ed4767fc43ee2008faa293f87c12b643e66c7df3e1623a5e8,/opt/odeformer/odeformer.pt,0.986773030960719,0.9872222516496008,0.986773030960719,0.9872222516496008,0.986773030960719,True,0.9872222516496008,True,success,phasec_external_baseline_v1,success,False,False,24,ffad3499269c08c6bd22e9e5c5d2ab32bbf827e2037cbdd6e73571aeab04432f,True,[]
[],[],2,10.40975698200009,"{""gdown"":""5.2.2"",""numpy"":""1.23.5"",""pandas"":""1.5.3"",""pysindy"":""1.7.5"",""scikit-learn"":""1.2.2"",""scipy"":""1.10.1"",""sympy"":""1.13.3"",""torch"":""2.14.0+cpu""}",,,2,33ed2a81e4f4e66426a0dc51832715f1c58dce189922fbe2014a3b0a2920f08c,0.0,0.0,0.0,0.0,1,0.0,False,0.0,False,7a0cb065a725ce6f96bb42f2513fe021f726e088c0090ed0db0b96fbcf902391,success,unknown,odeformer,"{""beam_early_stopping"":true,""beam_length_penalty"":1.0,""beam_size"":10,""beam_temperature"":0.1,""beam_type"":""sampling"",""commit"":""c9193012ad07a97186290b98d8290d1a177f4609"",""config_id"":""beam10_opt"",""constant_optimization_enabled"":true,""constant_optimization_eval_objective"":""r2"",""constant_optimization_init_random"":false,""constant_optimization_objective"":""r2"",""constant_optimization_track_eval_history"":true,""environment_id"":""candidate"",""eval_subsample_ratio"":""not_applied_full_512_point_trajectory"",""max_generated_output_len"":200,""max_input_points"":10000,""parameter_optimization"":""odeformer_constant_optimizer"",""parameter_optimization_iterations"":0,""rescale"":true,""seed"":2023,""sort_metric"":""snmse"",""weight_sha256"":""56754040be5aa92ed4767fc43ee2008faa293f87c12b643e66c7df3e1623a5e8"",""weights_path"":""/opt/odeformer/odeformer.pt"",""weights_source"":""google_drive_id_1L_UZ0qgrBVkRuhg5j3BQoGxlvMk_Pm1W""}",x_1*(1.0768308572673073 - 48.01499976989619*x_0**3) | x_0*(0.12283957694984265 - 3.1546656719128876*x_0)/(1.5985378035123674*x_0 - 0.065030636145913871),True,1.0,10,0.1,sampling,10,c9193012ad07a97186290b98d8290d1a177f4609,beam10_opt,True,r2,False,r2,True,"[1.0768308572673073,48.01499976989619,3.0,0.12283957694984265,3.1546656719128876,1.5985378035123674,0.06503063614591387]","[1.0768,48.015,3.0,0.12552304,3.1545072,1.599,0.0543]",candidate,not_applied_full_512_point_trajectory,x_1*(1.0768308572673073 - 48.01499976989619*x_0**3) | x_0*(0.12283957694984265 - 3.1546656719128876*x_0)/(1.5985378035123674*x_0 - 0.065030636145913871),x_1*(1.0768 - 48.015*x_0**3) | x_0*(0.12552304 - 3.1545072*x_0)/(1.599*x_0 - 0.0543),"[1.0768308572673073,48.01499976989619,3.0,0.12283957694984265,3.1546656719128876,1.5985378035123674,0.06503063614591387]",200,10000,x_1*(1.0768308572673073 - 48.01499976989619*x_0**3) | x_0*(0.12283957694984265 - 3.1546656719128876*x_0)/(1.5985378035123674*x_0 - 0.065030636145913871),1.0768 * x_1 + -48.0150 * x_1 * (x_0)**3 | -1.9728 * x_0 + -0.0184 * x_0 * (0.0543 + -1.5990 * x_0)**-1,,,354,0,success,Desired error not necessarily achieved due to precision loss.,odeformer_constant_optimizer,0,True,snmse,56754040be5aa92ed4767fc43ee2008faa293f87c12b643e66c7df3e1623a5e8,/opt/odeformer/odeformer.pt,0.9912865031644402,0.9922144015899446,0.986773030960719,0.9872222516496008,0.9912865031644402,True,0.9922144015899446,True,success,phasec_external_baseline_v1,success,False,False,24,ffad3499269c08c6bd22e9e5c5d2ab32bbf827e2037cbdd6e73571aeab04432f,True,[]
[],[],2,34.42228049899995,"{""gdown"":""5.2.2"",""numpy"":""1.23.5"",""pandas"":""1.5.3"",""pysindy"":""1.7.5"",""scikit-learn"":""1.2.2"",""scipy"":""1.10.1"",""sympy"":""1.13.3"",""torch"":""2.14.0+cpu""}",,,2,33ed2a81e4f4e66426a0dc51832715f1c58dce189922fbe2014a3b0a2920f08c,0.0,0.0,0.0,0.0,1,0.0,False,0.0,False,7a0cb065a725ce6f96bb42f2513fe021f726e088c0090ed0db0b96fbcf902391,success,unknown,odeformer,"{""beam_early_stopping"":true,""beam_length_penalty"":1.0,""beam_size"":50,""beam_temperature"":0.1,""beam_type"":""sampling"",""commit"":""c9193012ad07a97186290b98d8290d1a177f4609"",""config_id"":""beam50_noopt"",""constant_optimization_enabled"":false,""constant_optimization_eval_objective"":""r2"",""constant_optimization_init_random"":false,""constant_optimization_objective"":""r2"",""constant_optimization_track_eval_history"":true,""environment_id"":""candidate"",""eval_subsample_ratio"":""not_applied_full_512_point_trajectory"",""max_generated_output_len"":200,""max_input_points"":10000,""parameter_optimization"":""disabled"",""parameter_optimization_iterations"":0,""rescale"":true,""seed"":2023,""sort_metric"":""snmse"",""weight_sha256"":""56754040be5aa92ed4767fc43ee2008faa293f87c12b643e66c7df3e1623a5e8"",""weights_path"":""/opt/odeformer/odeformer.pt"",""weights_source"":""google_drive_id_1L_UZ0qgrBVkRuhg5j3BQoGxlvMk_Pm1W""}",x_1*(1.0134 - 56.835*x_0**3) | -2.124*x_0,True,1.0,50,0.1,sampling,50,c9193012ad07a97186290b98d8290d1a177f4609,beam50_noopt,False,r2,False,r2,True,"[1.0134,56.835,3.0,-2.124]","[1.0134,56.835,3.0,-2.124]",candidate,not_applied_full_512_point_trajectory,x_1*(1.0134 - 56.835*x_0**3) | -2.124*x_0,x_1*(1.0134 - 56.835*x_0**3) | -2.124*x_0,"[1.0134,56.835,3.0,-2.124]",200,10000,x_1*(1.0134 - 56.835*x_0**3) | -2.124*x_0,1.0134 * x_1 + -56.8350 * x_1 * (x_0)**3 | -2.1240 * x_0,,,0,0,not_requested,,disabled,0,True,snmse,56754040be5aa92ed4767fc43ee2008faa293f87c12b643e66c7df3e1623a5e8,/opt/odeformer/odeformer.pt,0.991114934513968,0.9909099185531195,0.991114934513968,0.9909099185531195,0.991114934513968,True,0.9909099185531195,True,success,phasec_external_baseline_v1,success,False,False,24,ffad3499269c08c6bd22e9e5c5d2ab32bbf827e2037cbdd6e73571aeab04432f,True,[]
[],[],2,37.010081724999964,"{""gdown"":""5.2.2"",""numpy"":""1.23.5"",""pandas"":""1.5.3"",""pysindy"":""1.7.5"",""scikit-learn"":""1.2.2"",""scipy"":""1.10.1"",""sympy"":""1.13.3"",""torch"":""2.14.0+cpu""}",,,2,33ed2a81e4f4e66426a0dc51832715f1c58dce189922fbe2014a3b0a2920f08c,0.9999907481248899,0.9999915485644618,0.0,0.0,1,0.9999907481248899,True,0.9999915485644618,True,7a0cb065a725ce6f96bb42f2513fe021f726e088c0090ed0db0b96fbcf902391,success,unknown,odeformer,"{""beam_early_stopping"":true,""beam_length_penalty"":1.0,""beam_size"":50,""beam_temperature"":0.1,""beam_type"":""sampling"",""commit"":""c9193012ad07a97186290b98d8290d1a177f4609"",""config_id"":""beam50_opt"",""constant_optimization_enabled"":true,""constant_optimization_eval_objective"":""r2"",""constant_optimization_init_random"":false,""constant_optimization_objective"":""r2"",""constant_optimization_track_eval_history"":true,""environment_id"":""candidate"",""eval_subsample_ratio"":""not_applied_full_512_point_trajectory"",""max_generated_output_len"":200,""max_input_points"":10000,""parameter_optimization"":""odeformer_constant_optimizer"",""parameter_optimization_iterations"":0,""rescale"":true,""seed"":2023,""sort_metric"":""snmse"",""weight_sha256"":""56754040be5aa92ed4767fc43ee2008faa293f87c12b643e66c7df3e1623a5e8"",""weights_path"":""/opt/odeformer/odeformer.pt"",""weights_source"":""google_drive_id_1L_UZ0qgrBVkRuhg5j3BQoGxlvMk_Pm1W""}",x_1*(0.2118903210355341*x_0**3 + 0.9995995553659689) | -2.0996525935698953*x_0,True,1.0,50,0.1,sampling,50,c9193012ad07a97186290b98d8290d1a177f4609,beam50_opt,True,r2,False,r2,True,"[0.2118903210355341,3.0,0.9995995553659689,-2.0996525935698953]","[1.0134,56.835,3.0,-2.124]",candidate,not_applied_full_512_point_trajectory,x_1*(0.2118903210355341*x_0**3 + 0.9995995553659689) | -2.0996525935698953*x_0,x_1*(1.0134 - 56.835*x_0**3) | -2.124*x_0,"[0.2118903210355341,3.0,0.9995995553659689,-2.0996525935698953]",200,10000,x_1*(0.2118903210355341*x_0**3 + 0.9995995553659689) | -2.0996525935698953*x_0,1.0134 * x_1 + -56.8350 * x_1 * (x_0)**3 | -2.1240 * x_0,,,156,34,success,Optimization terminated successfully.,odeformer_constant_optimizer,34,True,snmse,56754040be5aa92ed4767fc43ee2008faa293f87c12b643e66c7df3e1623a5e8,/opt/odeformer/odeformer.pt,0.9999999530779737,0.9999999519839486,0.991114934513968,0.9909099185531195,0.9999999530779737,True,0.9999999519839486,True,success,phasec_external_baseline_v1,success,False,False,24,ffad3499269c08c6bd22e9e5c5d2ab32bbf827e2037cbdd6e73571aeab04432f,True,[]
[],[],3,7.082701006999969,"{""gdown"":""5.2.2"",""numpy"":""1.23.5"",""pandas"":""1.5.3"",""pysindy"":""1.7.5"",""scikit-learn"":""1.2.2"",""scipy"":""1.10.1"",""sympy"":""1.13.3"",""torch"":""2.14.0+cpu""}",,,1,88e74aa50cb078f28d92cfd1f3bd61d684e54c07f13a3c732a1218e39cc74674,-54.81435101166551,-40.87260071234197,-54.81435101166551,-40.87260071234197,2,-54.81435101166551,False,-40.87260071234197,False,e6125403daf636e9b2ddc7ac67ad4a266415d6ee519c277067159218f6e27c69,success,unknown,odeformer,"{""beam_early_stopping"":true,""beam_length_penalty"":1.0,""beam_size"":10,""beam_temperature"":0.1,""beam_type"":""sampling"",""commit"":""c9193012ad07a97186290b98d8290d1a177f4609"",""config_id"":""beam10_noopt"",""constant_optimization_enabled"":false,""constant_optimization_eval_objective"":""r2"",""constant_optimization_init_random"":false,""constant_optimization_objective"":""r2"",""constant_optimization_track_eval_history"":true,""environment_id"":""candidate"",""eval_subsample_ratio"":""not_applied_full_512_point_trajectory"",""max_generated_output_len"":200,""max_input_points"":10000,""parameter_optimization"":""disabled"",""parameter_optimization_iterations"":0,""rescale"":true,""seed"":2023,""sort_metric"":""snmse"",""weight_sha256"":""56754040be5aa92ed4767fc43ee2008faa293f87c12b643e66c7df3e1623a5e8"",""weights_path"":""/opt/odeformer/odeformer.pt"",""weights_source"":""google_drive_id_1L_UZ0qgrBVkRuhg5j3BQoGxlvMk_Pm1W""}",-0.0284*x_0 | -0.2142*x_1 + 0.2314*x_2 | 0.626*x_0 - 0.8904*x_1**2,True,1.0,10,0.1,sampling,10,c9193012ad07a97186290b98d8290d1a177f4609,beam10_noopt,False,r2,False,r2,True,"[-0.0284,-0.2142,0.2314,0.626,0.8904,2.0]","[-0.0284,-0.2142,0.2314,0.626,0.8904,2.0]",candidate,not_applied_full_512_point_trajectory,-0.0284*x_0 | -0.2142*x_1 + 0.2314*x_2 | 0.626*x_0 - 0.8904*x_1**2,-0.0284*x_0 | -0.2142*x_1 + 0.2314*x_2 | 0.626*x_0 - 0.8904*x_1**2,"[-0.0284,-0.2142,0.2314,0.626,0.8904,2.0]",200,10000,-0.0284*x_0 | -0.2142*x_1 + 0.2314*x_2 | 0.626*x_0 - 0.8904*x_1**2,-0.0284 * x_0 | 0.2314 * x_2 + -0.2142 * x_1 | 0.6260 * x_0 + -0.8904 * (x_1)**2,,,0,0,not_requested,,disabled,0,True,snmse,56754040be5aa92ed4767fc43ee2008faa293f87c12b643e66c7df3e1623a5e8,/opt/odeformer/odeformer.pt,0.8299815966045335,0.8264424607624633,0.8299815966045335,0.8264424607624633,0.8299815966045335,False,0.8264424607624633,False,success,phasec_external_baseline_v1,success,False,False,52,ffad3499269c08c6bd22e9e5c5d2ab32bbf827e2037cbdd6e73571aeab04432f,True,[]
[],[],3,8.931222942999966,"{""gdown"":""5.2.2"",""numpy"":""1.23.5"",""pandas"":""1.5.3"",""pysindy"":""1.7.5"",""scikit-learn"":""1.2.2"",""scipy"":""1.10.1"",""sympy"":""1.13.3"",""torch"":""2.14.0+cpu""}",,,1,88e74aa50cb078f28d92cfd1f3bd61d684e54c07f13a3c732a1218e39cc74674,-68.64371771238363,-65.14158140733379,-54.81435101166551,-40.87260071234197,2,-68.64371771238363,False,-65.14158140733379,False,e6125403daf636e9b2ddc7ac67ad4a266415d6ee519c277067159218f6e27c69,success,unknown,odeformer,"{""beam_early_stopping"":true,""beam_length_penalty"":1.0,""beam_size"":10,""beam_temperature"":0.1,""beam_type"":""sampling"",""commit"":""c9193012ad07a97186290b98d8290d1a177f4609"",""config_id"":""beam10_opt"",""constant_optimization_enabled"":true,""constant_optimization_eval_objective"":""r2"",""constant_optimization_init_random"":false,""constant_optimization_objective"":""r2"",""constant_optimization_track_eval_history"":true,""environment_id"":""candidate"",""eval_subsample_ratio"":""not_applied_full_512_point_trajectory"",""max_generated_output_len"":200,""max_input_points"":10000,""parameter_optimization"":""odeformer_constant_optimizer"",""parameter_optimization_iterations"":0,""rescale"":true,""seed"":2023,""sort_metric"":""snmse"",""weight_sha256"":""56754040be5aa92ed4767fc43ee2008faa293f87c12b643e66c7df3e1623a5e8"",""weights_path"":""/opt/odeformer/odeformer.pt"",""weights_source"":""google_drive_id_1L_UZ0qgrBVkRuhg5j3BQoGxlvMk_Pm1W""}",-0.02211789103743313*x_0 | -0.15514118125452697*x_1 + 0.16434692655587765*x_2 | 0.7857278236664208*x_0 - 1.0973033308333628*x_1**2,True,1.0,10,0.1,sampling,10,c9193012ad07a97186290b98d8290d1a177f4609,beam10_opt,True,r2,False,r2,True,"[-0.02211789103743313,-0.15514118125452697,0.16434692655587765,0.7857278236664208,1.0973033308333628,2.0]","[-0.0284,-0.2142,0.2314,0.626,0.8904,2.0]",candidate,not_applied_full_512_point_trajectory,-0.02211789103743313*x_0 | -0.15514118125452697*x_1 + 0.16434692655587765*x_2 | 0.7857278236664208*x_0 - 1.0973033308333628*x_1**2,-0.0284*x_0 | -0.2142*x_1 + 0.2314*x_2 | 0.626*x_0 - 0.8904*x_1**2,"[-0.02211789103743313,-0.15514118125452697,0.16434692655587765,0.7857278236664208,1.0973033308333628,2.0]",200,10000,-0.02211789103743313*x_0 | -0.15514118125452697*x_1 + 0.16434692655587765*x_2 | 0.7857278236664208*x_0 - 1.0973033308333628*x_1**2,-0.0284 * x_0 | 0.2314 * x_2 + -0.2142 * x_1 | 0.6260 * x_0 + -0.8904 * (x_1)**2,,,407,16,success,Desired error not necessarily achieved due to precision loss.,odeformer_constant_optimizer,16,True,snmse,56754040be5aa92ed4767fc43ee2008faa293f87c12b643e66c7df3e1623a5e8,/opt/odeformer/odeformer.pt,0.9700029651583678,0.9707819218600191,0.8299815966045335,0.8264424607624633,0.9700029651583678,True,0.9707819218600191,True,success,phasec_external_baseline_v1,success,False,False,52,ffad3499269c08c6bd22e9e5c5d2ab32bbf827e2037cbdd6e73571aeab04432f,True,[]
[],[],3,38.43341420499996,"{""gdown"":""5.2.2"",""numpy"":""1.23.5"",""pandas"":""1.5.3"",""pysindy"":""1.7.5"",""scikit-learn"":""1.2.2"",""scipy"":""1.10.1"",""sympy"":""1.13.3"",""torch"":""2.14.0+cpu""}",,,1,88e74aa50cb078f28d92cfd1f3bd61d684e54c07f13a3c732a1218e39cc74674,-58.954936957734354,-47.514272788995264,-58.954936957734354,-47.514272788995264,2,-58.954936957734354,False,-47.514272788995264,False,e6125403daf636e9b2ddc7ac67ad4a266415d6ee519c277067159218f6e27c69,success,unknown,odeformer,"{""beam_early_stopping"":true,""beam_length_penalty"":1.0,""beam_size"":50,""beam_temperature"":0.1,""beam_type"":""sampling"",""commit"":""c9193012ad07a97186290b98d8290d1a177f4609"",""config_id"":""beam50_noopt"",""constant_optimization_enabled"":false,""constant_optimization_eval_objective"":""r2"",""constant_optimization_init_random"":false,""constant_optimization_objective"":""r2"",""constant_optimization_track_eval_history"":true,""environment_id"":""candidate"",""eval_subsample_ratio"":""not_applied_full_512_point_trajectory"",""max_generated_output_len"":200,""max_input_points"":10000,""parameter_optimization"":""disabled"",""parameter_optimization_iterations"":0,""rescale"":true,""seed"":2023,""sort_metric"":""snmse"",""weight_sha256"":""56754040be5aa92ed4767fc43ee2008faa293f87c12b643e66c7df3e1623a5e8"",""weights_path"":""/opt/odeformer/odeformer.pt"",""weights_source"":""google_drive_id_1L_UZ0qgrBVkRuhg5j3BQoGxlvMk_Pm1W""}",-0.0271*x_0 | -0.1919*x_1 + 0.2122*x_2 | 0.6969*x_0 - 0.9784*x_1**2,True,1.0,50,0.1,sampling,50,c9193012ad07a97186290b98d8290d1a177f4609,beam50_noopt,False,r2,False,r2,True,"[-0.0271,-0.1919,0.2122,0.6969,0.9784,2.0]","[-0.0271,-0.1919,0.2122,0.6969,0.9784,2.0]",candidate,not_applied_full_512_point_trajectory,-0.0271*x_0 | -0.1919*x_1 + 0.2122*x_2 | 0.6969*x_0 - 0.9784*x_1**2,-0.0271*x_0 | -0.1919*x_1 + 0.2122*x_2 | 0.6969*x_0 - 0.9784*x_1**2,"[-0.0271,-0.1919,0.2122,0.6969,0.9784,2.0]",200,10000,-0.0271*x_0 | -0.1919*x_1 + 0.2122*x_2 | 0.6969*x_0 - 0.9784*x_1**2,-0.0271 * x_0 | 0.2122 * x_2 + -0.1919 * x_1 | 0.6969 * x_0 + -0.9784 * (x_1)**2,,,0,0,not_requested,,disabled,0,True,snmse,56754040be5aa92ed4767fc43ee2008faa293f87c12b643e66c7df3e1623a5e8,/opt/odeformer/odeformer.pt,0.886458274597587,0.8710882697565245,0.886458274597587,0.8710882697565245,0.886458274597587,False,0.8710882697565245,False,success,phasec_external_baseline_v1,success,False,False,52,ffad3499269c08c6bd22e9e5c5d2ab32bbf827e2037cbdd6e73571aeab04432f,True,[]
[],[],3,31.563886898999954,"{""gdown"":""5.2.2"",""numpy"":""1.23.5"",""pandas"":""1.5.3"",""pysindy"":""1.7.5"",""scikit-learn"":""1.2.2"",""scipy"":""1.10.1"",""sympy"":""1.13.3"",""torch"":""2.14.0+cpu""}",,,1,88e74aa50cb078f28d92cfd1f3bd61d684e54c07f13a3c732a1218e39cc74674,-68.6437147654239,-65.1415975343664,-58.954936957734354,-47.514272788995264,2,-68.6437147654239,False,-65.1415975343664,False,e6125403daf636e9b2ddc7ac67ad4a266415d6ee519c277067159218f6e27c69,success,unknown,odeformer,"{""beam_early_stopping"":true,""beam_length_penalty"":1.0,""beam_size"":50,""beam_temperature"":0.1,""beam_type"":""sampling"",""commit"":""c9193012ad07a97186290b98d8290d1a177f4609"",""config_id"":""beam50_opt"",""constant_optimization_enabled"":true,""constant_optimization_eval_objective"":""r2"",""constant_optimization_init_random"":false,""constant_optimization_objective"":""r2"",""constant_optimization_track_eval_history"":true,""environment_id"":""candidate"",""eval_subsample_ratio"":""not_applied_full_512_point_trajectory"",""max_generated_output_len"":200,""max_input_points"":10000,""parameter_optimization"":""odeformer_constant_optimizer"",""parameter_optimization_iterations"":0,""rescale"":true,""seed"":2023,""sort_metric"":""snmse"",""weight_sha256"":""56754040be5aa92ed4767fc43ee2008faa293f87c12b643e66c7df3e1623a5e8"",""weights_path"":""/opt/odeformer/odeformer.pt"",""weights_source"":""google_drive_id_1L_UZ0qgrBVkRuhg5j3BQoGxlvMk_Pm1W""}",-0.0221178725633925*x_0 | -0.15514112469852484*x_1 + 0.16434683957312723*x_2 | 0.7857276071859798*x_0 - 1.097303008596203*x_1**2,True,1.0,50,0.1,sampling,50,c9193012ad07a97186290b98d8290d1a177f4609,beam50_opt,True,r2,False,r2,True,"[-0.0221178725633925,-0.15514112469852484,0.16434683957312723,0.7857276071859798,1.097303008596203,2.0]","[-0.0271,-0.1919,0.2122,0.6969,0.9784,2.0]",candidate,not_applied_full_512_point_trajectory,-0.0221178725633925*x_0 | -0.15514112469852484*x_1 + 0.16434683957312723*x_2 | 0.7857276071859798*x_0 - 1.097303008596203*x_1**2,-0.0271*x_0 | -0.1919*x_1 + 0.2122*x_2 | 0.6969*x_0 - 0.9784*x_1**2,"[-0.0221178725633925,-0.15514112469852484,0.16434683957312723,0.7857276071859798,1.097303008596203,2.0]",200,10000,-0.0221178725633925*x_0 | -0.15514112469852484*x_1 + 0.16434683957312723*x_2 | 0.7857276071859798*x_0 - 1.097303008596203*x_1**2,-0.0271 * x_0 | 0.2122 * x_2 + -0.1919 * x_1 | 0.6969 * x_0 + -0.9784 * (x_1)**2,,,114,12,success,Optimization terminated successfully.,odeformer_constant_optimizer,12,True,snmse,56754040be5aa92ed4767fc43ee2008faa293f87c12b643e66c7df3e1623a5e8,/opt/odeformer/odeformer.pt,0.9700028993741858,0.9707819218599445,0.886458274597587,0.8710882697565245,0.9700028993741858,True,0.9707819218599445,True,success,phasec_external_baseline_v1,success,False,False,52,ffad3499269c08c6bd22e9e5c5d2ab32bbf827e2037cbdd6e73571aeab04432f,True,[]
[],[],3,10.862672013000065,"{""gdown"":""5.2.2"",""numpy"":""1.23.5"",""pandas"":""1.5.3"",""pysindy"":""1.7.5"",""scikit-learn"":""1.2.2"",""scipy"":""1.10.1"",""sympy"":""1.13.3"",""torch"":""2.14.0+cpu""}",,,2,e6125403daf636e9b2ddc7ac67ad4a266415d6ee519c277067159218f6e27c69,-1.2821249118914484,-1.279266829156272,-1.2821249118914484,-1.279266829156272,1,-1.2821249118914484,False,-1.279266829156272,False,88e74aa50cb078f28d92cfd1f3bd61d684e54c07f13a3c732a1218e39cc74674,success,unknown,odeformer,"{""beam_early_stopping"":true,""beam_length_penalty"":1.0,""beam_size"":10,""beam_temperature"":0.1,""beam_type"":""sampling"",""commit"":""c9193012ad07a97186290b98d8290d1a177f4609"",""config_id"":""beam10_noopt"",""constant_optimization_enabled"":false,""constant_optimization_eval_objective"":""r2"",""constant_optimization_init_random"":false,""constant_optimization_objective"":""r2"",""constant_optimization_track_eval_history"":true,""environment_id"":""candidate"",""eval_subsample_ratio"":""not_applied_full_512_point_trajectory"",""max_generated_output_len"":200,""max_input_points"":10000,""parameter_optimization"":""disabled"",""parameter_optimization_iterations"":0,""rescale"":true,""seed"":2023,""sort_metric"":""snmse"",""weight_sha256"":""56754040be5aa92ed4767fc43ee2008faa293f87c12b643e66c7df3e1623a5e8"",""weights_path"":""/opt/odeformer/odeformer.pt"",""weights_source"":""google_drive_id_1L_UZ0qgrBVkRuhg5j3BQoGxlvMk_Pm1W""}",(-0.6722*x_1*(0.1709*x_0 - 0.1123) + 0.0433)/(0.1709*x_0 - 0.1123) | -0.1218*x_1**2 + 0.1121*x_2 | 0.0628*x_0 - 1.0435*sin(0.6455*x_1 - 13.19),True,1.0,10,0.1,sampling,10,c9193012ad07a97186290b98d8290d1a177f4609,beam10_noopt,False,r2,False,r2,True,"[-0.6722,0.1709,0.1123,0.0433,0.1709,0.1123,-0.1218,2.0,0.1121,0.0628,1.0435,0.6455,13.19]","[-0.6722,0.1709,0.1123,0.0433,0.1709,0.1123,-0.1218,2.0,0.1121,0.0628,1.0435,0.6455,13.19]",candidate,not_applied_full_512_point_trajectory,(-0.6722*x_1*(0.1709*x_0 - 0.1123) + 0.0433)/(0.1709*x_0 - 0.1123) | -0.1218*x_1**2 + 0.1121*x_2 | 0.0628*x_0 - 1.0435*sin(0.6455*x_1 - 13.19),(-0.6722*x_1*(0.1709*x_0 - 0.1123) + 0.0433)/(0.1709*x_0 - 0.1123) | -0.1218*x_1**2 + 0.1121*x_2 | 0.0628*x_0 - 1.0435*sin(0.6455*x_1 - 13.19),"[-0.6722,0.1709,0.1123,0.0433,0.1709,0.1123,-0.1218,2.0,0.1121,0.0628,1.0435,0.6455,13.19]",200,10000,(-0.6722*x_1*(0.1709*x_0 - 0.1123) + 0.0433)/(0.1709*x_0 - 0.1123) | -0.1218*x_1**2 + 0.1121*x_2 | 0.0628*x_0 - 1.0435*sin(0.6455*x_1 - 13.19),0.0433 * (-0.1123 + 0.1709 * x_0)**-1 + -0.6722 * x_1 | 0.1121 * x_2 + -0.1218 * (x_1)**2 | 0.0628 * x_0 + -1.0435 * sin(-13.1900 + 0.6455 * x_1),,,0,0,not_requested,,disabled,0,True,snmse,56754040be5aa92ed4767fc43ee2008faa293f87c12b643e66c7df3e1623a5e8,/opt/odeformer/odeformer.pt,-0.4183522625781313,0.7611292199522289,-0.4183522625781313,0.7611292199522289,-0.4183522625781313,False,0.7611292199522289,False,success,phasec_external_baseline_v1,success,False,False,52,ffad3499269c08c6bd22e9e5c5d2ab32bbf827e2037cbdd6e73571aeab04432f,True,[]
[],[],3,35.756936461999885,"{""gdown"":""5.2.2"",""numpy"":""1.23.5"",""pandas"":""1.5.3"",""pysindy"":""1.7.5"",""scikit-learn"":""1.2.2"",""scipy"":""1.10.1"",""sympy"":""1.13.3"",""torch"":""2.14.0+cpu""}",,,2,e6125403daf636e9b2ddc7ac67ad4a266415d6ee519c277067159218f6e27c69,0.0,0.0,-1.2821249118914484,-1.279266829156272,1,0.0,False,0.0,False,88e74aa50cb078f28d92cfd1f3bd61d684e54c07f13a3c732a1218e39cc74674,success,unknown,odeformer,"{""beam_early_stopping"":true,""beam_length_penalty"":1.0,""beam_size"":10,""beam_temperature"":0.1,""beam_type"":""sampling"",""commit"":""c9193012ad07a97186290b98d8290d1a177f4609"",""config_id"":""beam10_opt"",""constant_optimization_enabled"":true,""constant_optimization_eval_objective"":""r2"",""constant_optimization_init_random"":false,""constant_optimization_objective"":""r2"",""constant_optimization_track_eval_history"":true,""environment_id"":""candidate"",""eval_subsample_ratio"":""not_applied_full_512_point_trajectory"",""max_generated_output_len"":200,""max_input_points"":10000,""parameter_optimization"":""odeformer_constant_optimizer"",""parameter_optimization_iterations"":0,""rescale"":true,""seed"":2023,""sort_metric"":""snmse"",""weight_sha256"":""56754040be5aa92ed4767fc43ee2008faa293f87c12b643e66c7df3e1623a5e8"",""weights_path"":""/opt/odeformer/odeformer.pt"",""weights_source"":""google_drive_id_1L_UZ0qgrBVkRuhg5j3BQoGxlvMk_Pm1W""}",(-0.24773071494573745*x_1*(24.24467702118746*x_0 - 24.448821171320844) + 0.03929284641045431)/(228.26549615985644*x_0 - 184.74999592704205) | -0.13152243838377004*x_1**2 + 0.12381533702841646*x_2 | -3.3805675359124145*x_0 - 3.4809122279680174*sin(1.210220115431142*x_1 - 15.078554513496298),True,1.0,10,0.1,sampling,10,c9193012ad07a97186290b98d8290d1a177f4609,beam10_opt,True,r2,False,r2,True,"[-0.24773071494573745,24.24467702118746,24.448821171320844,0.03929284641045431,228.26549615985644,184.74999592704205,-0.13152243838377004,2.0,0.12381533702841646,-3.3805675359124145,3.4809122279680174,1.210220115431142,15.078554513496298]","[-0.6722,0.1709,0.1123,0.0433,0.1709,0.1123,-0.1218,2.0,0.1121,0.0628,1.0435,0.6455,13.19]",candidate,not_applied_full_512_point_trajectory,(-0.24773071494573745*x_1*(24.24467702118746*x_0 - 24.448821171320844) + 0.03929284641045431)/(228.26549615985644*x_0 - 184.74999592704205) | -0.13152243838377004*x_1**2 + 0.12381533702841646*x_2 | -3.3805675359124145*x_0 - 3.4809122279680174*sin(1.210220115431142*x_1 - 15.078554513496298),(-0.6722*x_1*(0.1709*x_0 - 0.1123) + 0.0433)/(0.1709*x_0 - 0.1123) | -0.1218*x_1**2 + 0.1121*x_2 | 0.0628*x_0 - 1.0435*sin(0.6455*x_1 - 13.19),"[-0.24773071494573745,24.24467702118746,24.448821171320844,0.03929284641045431,228.26549615985644,184.74999592704205,-0.13152243838377004,2.0,0.12381533702841646,-3.3805675359124145,3.4809122279680174,1.210220115431142,15.078554513496298]",200,10000,(-0.24773071494573745*x_1*(24.24467702118746*x_0 - 24.448821171320844) + 0.03929284641045431)/(228.26549615985644*x_0 - 184.74999592704205) | -0.13152243838377004*x_1**2 + 0.12381533702841646*x_2 | -3.3805675359124145*x_0 - 3.4809122279680174*sin(1.210220115431142*x_1 - 15.078554513496298),0.0433 * (-0.1123 + 0.1709 * x_0)**-1 + -0.6722 * x_1 | 0.1121 * x_2 + -0.1218 * (x_1)**2 | 0.0628 * x_0 + -1.0435 * sin(-13.1900 + 0.6455 * x_1),,,2929,155,success,Desired error not necessarily achieved due to precision loss.,odeformer_constant_optimizer,155,True,snmse,56754040be5aa92ed4767fc43ee2008faa293f87c12b643e66c7df3e1623a5e8,/opt/odeformer/odeformer.pt,0.9665675720517841,0.992987116382303,-0.4183522625781313,0.7611292199522289,0.9665675720517841,True,0.992987116382303,True,success,phasec_external_baseline_v1,success,False,False,52,ffad3499269c08c6bd22e9e5c5d2ab32bbf827e2037cbdd6e73571aeab04432f,True,[]
[],[],3,64.19430534899993,"{""gdown"":""5.2.2"",""numpy"":""1.23.5"",""pandas"":""1.5.3"",""pysindy"":""1.7.5"",""scikit-learn"":""1.2.2"",""scipy"":""1.10.1"",""sympy"":""1.13.3"",""torch"":""2.14.0+cpu""}",,,2,e6125403daf636e9b2ddc7ac67ad4a266415d6ee519c277067159218f6e27c69,-3.2910996594557136,-2.644692335977939,-3.2910996594557136,-2.644692335977939,1,-3.2910996594557136,False,-2.644692335977939,False,88e74aa50cb078f28d92cfd1f3bd61d684e54c07f13a3c732a1218e39cc74674,success,unknown,odeformer,"{""beam_early_stopping"":true,""beam_length_penalty"":1.0,""beam_size"":50,""beam_temperature"":0.1,""beam_type"":""sampling"",""commit"":""c9193012ad07a97186290b98d8290d1a177f4609"",""config_id"":""beam50_noopt"",""constant_optimization_enabled"":false,""constant_optimization_eval_objective"":""r2"",""constant_optimization_init_random"":false,""constant_optimization_objective"":""r2"",""constant_optimization_track_eval_history"":true,""environment_id"":""candidate"",""eval_subsample_ratio"":""not_applied_full_512_point_trajectory"",""max_generated_output_len"":200,""max_input_points"":10000,""parameter_optimization"":""disabled"",""parameter_optimization_iterations"":0,""rescale"":true,""seed"":2023,""sort_metric"":""snmse"",""weight_sha256"":""56754040be5aa92ed4767fc43ee2008faa293f87c12b643e66c7df3e1623a5e8"",""weights_path"":""/opt/odeformer/odeformer.pt"",""weights_source"":""google_drive_id_1L_UZ0qgrBVkRuhg5j3BQoGxlvMk_Pm1W""}",(-6.5928*x_1*(0.1208*x_0 - 0.1033) + 0.0889)/(0.1208*x_0 - 0.1033) | 0.142*x_0 - 0.1407*x_1**2 | 0.0535*x_1 - 1.0098*sin(1.0031*x_1 - 1.033),True,1.0,50,0.1,sampling,50,c9193012ad07a97186290b98d8290d1a177f4609,beam50_noopt,False,r2,False,r2,True,"[-6.5928,0.1208,0.1033,0.0889,0.1208,0.1033,0.142,0.1407,2.0,0.0535,1.0098,1.0031,1.033]","[-6.5928,0.1208,0.1033,0.0889,0.1208,0.1033,0.142,0.1407,2.0,0.0535,1.0098,1.0031,1.033]",candidate,not_applied_full_512_point_trajectory,(-6.5928*x_1*(0.1208*x_0 - 0.1033) + 0.0889)/(0.1208*x_0 - 0.1033) | 0.142*x_0 - 0.1407*x_1**2 | 0.0535*x_1 - 1.0098*sin(1.0031*x_1 - 1.033),(-6.5928*x_1*(0.1208*x_0 - 0.1033) + 0.0889)/(0.1208*x_0 - 0.1033) | 0.142*x_0 - 0.1407*x_1**2 | 0.0535*x_1 - 1.0098*sin(1.0031*x_1 - 1.033),"[-6.5928,0.1208,0.1033,0.0889,0.1208,0.1033,0.142,0.1407,2.0,0.0535,1.0098,1.0031,1.033]",200,10000,(-6.5928*x_1*(0.1208*x_0 - 0.1033) + 0.0889)/(0.1208*x_0 - 0.1033) | 0.142*x_0 - 0.1407*x_1**2 | 0.0535*x_1 - 1.0098*sin(1.0031*x_1 - 1.033),0.0889 * (-0.1033 + 0.1208 * x_0)**-1 + -6.5928 * x_1 | 0.1420 * x_0 + -0.1407 * (x_1)**2 | 0.0535 * x_1 + -1.0098 * sin(-1.0330 + 1.0031 * x_1),,,0,0,not_requested,,disabled,0,True,snmse,56754040be5aa92ed4767fc43ee2008faa293f87c12b643e66c7df3e1623a5e8,/opt/odeformer/odeformer.pt,0.6323446554775006,0.7782119069496067,0.6323446554775006,0.7782119069496067,0.6323446554775006,False,0.7782119069496067,False,success,phasec_external_baseline_v1,success,False,False,52,ffad3499269c08c6bd22e9e5c5d2ab32bbf827e2037cbdd6e73571aeab04432f,True,[]
[],[],3,89.41823897999984,"{""gdown"":""5.2.2"",""numpy"":""1.23.5"",""pandas"":""1.5.3"",""pysindy"":""1.7.5"",""scikit-learn"":""1.2.2"",""scipy"":""1.10.1"",""sympy"":""1.13.3"",""torch"":""2.14.0+cpu""}",,,2,e6125403daf636e9b2ddc7ac67ad4a266415d6ee519c277067159218f6e27c69,-3.468768065760037,-3.008135654851975,-3.2910996594557136,-2.644692335977939,1,-3.468768065760037,False,-3.008135654851975,False,88e74aa50cb078f28d92cfd1f3bd61d684e54c07f13a3c732a1218e39cc74674,success,unknown,odeformer,"{""beam_early_stopping"":true,""beam_length_penalty"":1.0,""beam_size"":50,""beam_temperature"":0.1,""beam_type"":""sampling"",""commit"":""c9193012ad07a97186290b98d8290d1a177f4609"",""config_id"":""beam50_opt"",""constant_optimization_enabled"":true,""constant_optimization_eval_objective"":""r2"",""constant_optimization_init_random"":false,""constant_optimization_objective"":""r2"",""constant_optimization_track_eval_history"":true,""environment_id"":""candidate"",""eval_subsample_ratio"":""not_applied_full_512_point_trajectory"",""max_generated_output_len"":200,""max_input_points"":10000,""parameter_optimization"":""odeformer_constant_optimizer"",""parameter_optimization_iterations"":0,""rescale"":true,""seed"":2023,""sort_metric"":""snmse"",""weight_sha256"":""56754040be5aa92ed4767fc43ee2008faa293f87c12b643e66c7df3e1623a5e8"",""weights_path"":""/opt/odeformer/odeformer.pt"",""weights_source"":""google_drive_id_1L_UZ0qgrBVkRuhg5j3BQoGxlvMk_Pm1W""}",(-6.592782385105408*x_1*(0.1198585034460943*x_0 - 0.10164141775170187) + 0.08948541684913178)/(0.11905876824027406*x_0 - 0.10112295431344) | 0.13982311725738017*x_0 - 0.14082084638852557*x_1**2 | 0.0535026333851465*x_1 - 1.0097997360256858*sin(1.0030973698792964*x_1 - 1.0330023013078369),True,1.0,50,0.1,sampling,50,c9193012ad07a97186290b98d8290d1a177f4609,beam50_opt,True,r2,False,r2,True,"[-6.592782385105408,0.1198585034460943,0.10164141775170187,0.08948541684913178,0.11905876824027406,0.10112295431344,0.13982311725738017,0.14082084638852557,2.0,0.0535026333851465,1.0097997360256858,1.0030973698792964,1.0330023013078369]","[-6.5928,0.1208,0.1033,0.0889,0.1208,0.1033,0.142,0.1407,2.0,0.0535,1.0098,1.0031,1.033]",candidate,not_applied_full_512_point_trajectory,(-6.592782385105408*x_1*(0.1198585034460943*x_0 - 0.10164141775170187) + 0.08948541684913178)/(0.11905876824027406*x_0 - 0.10112295431344) | 0.13982311725738017*x_0 - 0.14082084638852557*x_1**2 | 0.0535026333851465*x_1 - 1.0097997360256858*sin(1.0030973698792964*x_1 - 1.0330023013078369),(-6.5928*x_1*(0.1208*x_0 - 0.1033) + 0.0889)/(0.1208*x_0 - 0.1033) | 0.142*x_0 - 0.1407*x_1**2 | 0.0535*x_1 - 1.0098*sin(1.0031*x_1 - 1.033),"[-6.592782385105408,0.1198585034460943,0.10164141775170187,0.08948541684913178,0.11905876824027406,0.10112295431344,0.13982311725738017,0.14082084638852557,2.0,0.0535026333851465,1.0097997360256858,1.0030973698792964,1.0330023013078369]",200,10000,(-6.592782385105408*x_1*(0.1198585034460943*x_0 - 0.10164141775170187) + 0.08948541684913178)/(0.11905876824027406*x_0 - 0.10112295431344) | 0.13982311725738017*x_0 - 0.14082084638852557*x_1**2 | 0.0535026333851465*x_1 - 1.0097997360256858*sin(1.0030973698792964*x_1 - 1.0330023013078369),0.0889 * (-0.1033 + 0.1208 * x_0)**-1 + -6.5928 * x_1 | 0.1420 * x_0 + -0.1407 * (x_1)**2 | 0.0535 * x_1 + -1.0098 * sin(-1.0330 + 1.0031 * x_1),,,555,2,success,Desired error not necessarily achieved due to precision loss.,odeformer_constant_optimizer,2,True,snmse,56754040be5aa92ed4767fc43ee2008faa293f87c12b643e66c7df3e1623a5e8,/opt/odeformer/odeformer.pt,0.5878387682232362,0.7952832100188171,0.6323446554775006,0.7782119069496067,0.5878387682232362,False,0.7952832100188171,False,success,phasec_external_baseline_v1,success,False,False,52,ffad3499269c08c6bd22e9e5c5d2ab32bbf827e2037cbdd6e73571aeab04432f,True,[]
