system_id,fit_initial_condition_set,generalization_initial_condition_set,odeformer_config_id,repetition_count,all_bitwise_identical,handler_timeout_count_min,handler_timeout_count_max,r2_gt_0_9_flip
1,1,2,beam10_noopt,3,True,0,0,False
1,1,2,beam10_opt,3,True,0,0,False
1,1,2,beam50_noopt,3,True,0,0,False
1,1,2,beam50_opt,3,True,0,0,False
1,2,1,beam10_noopt,3,True,0,0,False
1,2,1,beam10_opt,3,True,0,0,False
1,2,1,beam50_noopt,3,True,0,0,False
1,2,1,beam50_opt,3,True,0,0,False
2,1,2,beam10_noopt,3,True,0,0,False
2,1,2,beam10_opt,3,True,0,0,False
2,1,2,beam50_noopt,3,True,1,1,False
2,1,2,beam50_opt,3,True,1,1,False
2,2,1,beam10_noopt,3,True,0,0,False
2,2,1,beam10_opt,3,True,0,0,False
2,2,1,beam50_noopt,3,True,1,1,False
2,2,1,beam50_opt,3,True,1,1,False
3,1,2,beam10_noopt,3,True,0,0,False
3,1,2,beam10_opt,3,True,0,1,False
3,1,2,beam50_noopt,3,True,0,0,False
3,1,2,beam50_opt,3,True,0,1,False
3,2,1,beam10_noopt,3,True,0,0,False
3,2,1,beam10_opt,3,True,0,0,False
3,2,1,beam50_noopt,3,True,0,0,False
3,2,1,beam50_opt,3,True,0,0,False
4,1,2,beam10_noopt,3,True,0,0,False
4,1,2,beam10_opt,3,True,0,0,False
4,1,2,beam50_noopt,3,True,0,0,False
4,1,2,beam50_opt,3,True,0,0,False
4,2,1,beam10_noopt,3,True,0,0,False
4,2,1,beam10_opt,3,False,0,1,True
4,2,1,beam50_noopt,3,True,1,1,False
4,2,1,beam50_opt,3,True,9,9,False
5,1,2,beam10_noopt,3,True,0,0,False
5,1,2,beam10_opt,3,True,0,0,False
5,1,2,beam50_noopt,3,True,0,0,False
5,1,2,beam50_opt,3,True,0,0,False
5,2,1,beam10_noopt,3,True,0,0,False
5,2,1,beam10_opt,3,True,0,0,False
5,2,1,beam50_noopt,3,True,0,0,False
5,2,1,beam50_opt,3,True,0,0,False
6,1,2,beam10_noopt,3,True,0,0,False
6,1,2,beam10_opt,3,True,0,0,False
6,1,2,beam50_noopt,3,True,0,0,False
6,1,2,beam50_opt,3,True,0,0,False
6,2,1,beam10_noopt,3,True,0,0,False
6,2,1,beam10_opt,3,True,0,0,False
6,2,1,beam50_noopt,3,True,0,0,False
6,2,1,beam50_opt,3,True,0,0,False
7,1,2,beam10_noopt,3,True,0,0,False
7,1,2,beam10_opt,3,True,0,0,False
7,1,2,beam50_noopt,3,True,0,0,False
7,1,2,beam50_opt,3,True,0,0,False
7,2,1,beam10_noopt,3,True,0,0,False
7,2,1,beam10_opt,3,True,0,1,False
7,2,1,beam50_noopt,3,True,0,0,False
7,2,1,beam50_opt,3,True,0,1,False
8,1,2,beam10_noopt,3,True,1,1,False
8,1,2,beam10_opt,3,True,0,1,False
8,1,2,beam50_noopt,3,True,1,1,False
8,1,2,beam50_opt,3,True,1,1,False
8,2,1,beam10_noopt,3,True,0,0,False
8,2,1,beam10_opt,3,True,0,0,False
8,2,1,beam50_noopt,3,True,0,0,False
8,2,1,beam50_opt,3,True,0,0,False
9,1,2,beam10_noopt,3,True,0,0,False
9,1,2,beam10_opt,3,True,0,0,False
9,1,2,beam50_noopt,3,True,0,0,False
9,1,2,beam50_opt,3,True,0,0,False
9,2,1,beam10_noopt,3,True,0,0,False
9,2,1,beam10_opt,3,True,0,0,False
9,2,1,beam50_noopt,3,True,0,0,False
9,2,1,beam50_opt,3,True,0,0,False
10,1,2,beam10_noopt,3,True,0,0,False
10,1,2,beam10_opt,3,True,0,0,False
10,1,2,beam50_noopt,3,True,0,0,False
10,1,2,beam50_opt,3,True,0,0,False
10,2,1,beam10_noopt,3,True,0,0,False
10,2,1,beam10_opt,3,True,0,0,False
10,2,1,beam50_noopt,3,True,0,0,False
10,2,1,beam50_opt,3,True,0,0,False
11,1,2,beam10_noopt,3,True,0,0,False
11,1,2,beam10_opt,3,True,6,6,False
11,1,2,beam50_noopt,3,False,0,1,True
11,1,2,beam50_opt,3,False,1,7,False
11,2,1,beam10_noopt,3,True,0,0,False
11,2,1,beam10_opt,3,True,0,0,False
11,2,1,beam50_noopt,3,True,0,0,False
11,2,1,beam50_opt,3,True,0,0,False
12,1,2,beam10_noopt,3,True,0,0,False
12,1,2,beam10_opt,3,True,1,1,False
12,1,2,beam50_noopt,3,True,0,0,False
12,1,2,beam50_opt,3,True,1,1,False
12,2,1,beam10_noopt,3,True,0,0,False
12,2,1,beam10_opt,3,True,0,0,False
12,2,1,beam50_noopt,3,True,0,0,False
12,2,1,beam50_opt,3,False,0,1,False
13,1,2,beam10_noopt,3,True,0,0,False
13,1,2,beam10_opt,3,True,1,1,False
13,1,2,beam50_noopt,3,True,0,0,False
13,1,2,beam50_opt,3,False,0,1,False
13,2,1,beam10_noopt,3,True,0,0,False
13,2,1,beam10_opt,3,True,9,9,False
13,2,1,beam50_noopt,3,True,0,0,False
13,2,1,beam50_opt,3,True,10,10,False
14,1,2,beam10_noopt,3,True,0,0,False
14,1,2,beam10_opt,3,True,0,1,False
14,1,2,beam50_noopt,3,True,0,0,False
14,1,2,beam50_opt,3,True,0,1,False
14,2,1,beam10_noopt,3,True,0,0,False
14,2,1,beam10_opt,3,True,0,0,False
14,2,1,beam50_noopt,3,True,0,0,False
14,2,1,beam50_opt,3,True,0,0,False
15,1,2,beam10_noopt,3,True,0,0,False
15,1,2,beam10_opt,3,True,0,0,False
15,1,2,beam50_noopt,3,True,0,0,False
15,1,2,beam50_opt,3,True,0,0,False
15,2,1,beam10_noopt,3,True,0,0,False
15,2,1,beam10_opt,3,False,0,1,False
15,2,1,beam50_noopt,3,True,0,1,False
15,2,1,beam50_opt,3,True,8,9,False
16,1,2,beam10_noopt,3,True,0,0,False
16,1,2,beam10_opt,3,True,0,0,False
16,1,2,beam50_noopt,3,True,0,0,False
16,1,2,beam50_opt,3,True,0,0,False
16,2,1,beam10_noopt,3,True,0,0,False
16,2,1,beam10_opt,3,True,1,1,False
16,2,1,beam50_noopt,3,True,0,0,False
16,2,1,beam50_opt,3,True,1,1,False
17,1,2,beam10_noopt,3,True,0,0,False
17,1,2,beam10_opt,3,True,0,0,False
17,1,2,beam50_noopt,3,True,0,0,False
17,1,2,beam50_opt,3,True,0,0,False
17,2,1,beam10_noopt,3,True,0,0,False
17,2,1,beam10_opt,3,True,0,0,False
17,2,1,beam50_noopt,3,True,0,0,False
17,2,1,beam50_opt,3,True,0,0,False
18,1,2,beam10_noopt,3,True,0,0,False
18,1,2,beam10_opt,3,True,0,0,False
18,1,2,beam50_noopt,3,True,0,0,False
18,1,2,beam50_opt,3,True,0,0,False
18,2,1,beam10_noopt,3,True,0,0,False
18,2,1,beam10_opt,3,True,0,0,False
18,2,1,beam50_noopt,3,True,0,0,False
18,2,1,beam50_opt,3,True,0,0,False
19,1,2,beam10_noopt,3,True,0,0,False
19,1,2,beam10_opt,3,True,0,0,False
19,1,2,beam50_noopt,3,True,0,0,False
19,1,2,beam50_opt,3,True,0,0,False
19,2,1,beam10_noopt,3,True,0,0,False
19,2,1,beam10_opt,3,True,0,0,False
19,2,1,beam50_noopt,3,True,0,0,False
19,2,1,beam50_opt,3,True,0,0,False
20,1,2,beam10_noopt,3,True,0,0,False
20,1,2,beam10_opt,3,True,11,11,False
20,1,2,beam50_noopt,3,True,1,1,False
20,1,2,beam50_opt,3,True,8,9,False
20,2,1,beam10_noopt,3,True,0,0,False
20,2,1,beam10_opt,3,True,0,0,False
20,2,1,beam50_noopt,3,True,0,0,False
20,2,1,beam50_opt,3,True,0,0,False
21,1,2,beam10_noopt,3,True,0,0,False
21,1,2,beam10_opt,3,True,0,0,False
21,1,2,beam50_noopt,3,True,0,0,False
21,1,2,beam50_opt,3,True,0,0,False
21,2,1,beam10_noopt,3,True,0,0,False
21,2,1,beam10_opt,3,True,0,0,False
21,2,1,beam50_noopt,3,True,0,0,False
21,2,1,beam50_opt,3,True,0,0,False
22,1,2,beam10_noopt,3,True,0,0,False
22,1,2,beam10_opt,3,True,0,0,False
22,1,2,beam50_noopt,3,True,0,0,False
22,1,2,beam50_opt,3,True,0,0,False
22,2,1,beam10_noopt,3,True,0,0,False
22,2,1,beam10_opt,3,True,0,0,False
22,2,1,beam50_noopt,3,True,0,0,False
22,2,1,beam50_opt,3,True,0,0,False
23,1,2,beam10_noopt,3,True,0,0,False
23,1,2,beam10_opt,3,False,2,2,False
23,1,2,beam50_noopt,3,True,0,0,False
23,1,2,beam50_opt,3,False,1,1,False
23,2,1,beam10_noopt,3,True,0,0,False
23,2,1,beam10_opt,3,False,1,1,False
23,2,1,beam50_noopt,3,True,0,0,False
23,2,1,beam50_opt,3,False,1,1,False
24,1,2,beam10_noopt,3,True,0,0,False
24,1,2,beam10_opt,3,True,0,1,False
24,1,2,beam50_noopt,3,True,1,1,False
24,1,2,beam50_opt,3,True,1,1,False
24,2,1,beam10_noopt,3,True,0,0,False
24,2,1,beam10_opt,3,False,1,1,False
24,2,1,beam50_noopt,3,True,1,1,False
24,2,1,beam50_opt,3,True,1,1,False
25,1,2,beam10_noopt,3,True,0,0,False
25,1,2,beam10_opt,3,True,0,1,False
25,1,2,beam50_noopt,3,True,0,0,False
25,1,2,beam50_opt,3,False,1,1,False
25,2,1,beam10_noopt,3,True,0,0,False
25,2,1,beam10_opt,3,True,11,11,False
25,2,1,beam50_noopt,3,True,0,0,False
25,2,1,beam50_opt,3,True,0,0,False
26,1,2,beam10_noopt,3,True,0,0,False
26,1,2,beam10_opt,3,True,1,1,False
26,1,2,beam50_noopt,3,True,2,2,False
26,1,2,beam50_opt,3,True,12,13,False
26,2,1,beam10_noopt,3,True,0,0,False
26,2,1,beam10_opt,3,False,1,1,True
26,2,1,beam50_noopt,3,True,1,1,False
26,2,1,beam50_opt,3,True,1,1,False
27,1,2,beam10_noopt,3,True,0,0,False
27,1,2,beam10_opt,3,False,1,1,False
27,1,2,beam50_noopt,3,True,0,1,False
27,1,2,beam50_opt,3,False,0,22,False
27,2,1,beam10_noopt,3,True,0,0,False
27,2,1,beam10_opt,3,False,1,1,False
27,2,1,beam50_noopt,3,True,0,0,False
27,2,1,beam50_opt,3,False,0,1,True
28,1,2,beam10_noopt,3,True,0,0,False
28,1,2,beam10_opt,3,False,0,1,False
28,1,2,beam50_noopt,3,True,1,1,False
28,1,2,beam50_opt,3,True,1,1,False
28,2,1,beam10_noopt,3,True,0,0,False
28,2,1,beam10_opt,3,True,0,0,False
28,2,1,beam50_noopt,3,True,0,0,False
28,2,1,beam50_opt,3,True,0,0,False
29,1,2,beam10_noopt,3,True,0,0,False
29,1,2,beam10_opt,3,True,0,1,False
29,1,2,beam50_noopt,3,True,1,1,False
29,1,2,beam50_opt,3,True,1,1,False
29,2,1,beam10_noopt,3,True,0,0,False
29,2,1,beam10_opt,3,True,1,1,False
29,2,1,beam50_noopt,3,True,0,0,False
29,2,1,beam50_opt,3,False,1,1,False
30,1,2,beam10_noopt,3,True,0,0,False
30,1,2,beam10_opt,3,False,1,1,False
30,1,2,beam50_noopt,3,True,0,0,False
30,1,2,beam50_opt,3,False,0,1,False
30,2,1,beam10_noopt,3,True,0,0,False
30,2,1,beam10_opt,3,True,0,1,False
30,2,1,beam50_noopt,3,True,0,0,False
30,2,1,beam50_opt,3,True,1,1,False
31,1,2,beam10_noopt,3,True,0,0,False
31,1,2,beam10_opt,3,False,1,1,False
31,1,2,beam50_noopt,3,True,0,0,False
31,1,2,beam50_opt,3,False,0,1,False
31,2,1,beam10_noopt,3,True,2,2,False
31,2,1,beam10_opt,3,False,41,45,False
31,2,1,beam50_noopt,3,True,12,12,False
31,2,1,beam50_opt,3,False,50,55,False
32,1,2,beam10_noopt,3,True,0,0,False
32,1,2,beam10_opt,3,True,0,0,False
32,1,2,beam50_noopt,3,True,1,1,False
32,1,2,beam50_opt,3,True,1,1,False
32,2,1,beam10_noopt,3,True,0,0,False
32,2,1,beam10_opt,3,True,1,1,False
32,2,1,beam50_noopt,3,True,1,1,False
32,2,1,beam50_opt,3,True,1,1,False
33,1,2,beam10_noopt,3,True,0,0,False
33,1,2,beam10_opt,3,True,1,1,False
33,1,2,beam50_noopt,3,True,0,0,False
33,1,2,beam50_opt,3,True,0,0,False
33,2,1,beam10_noopt,3,True,0,0,False
33,2,1,beam10_opt,3,True,0,0,False
33,2,1,beam50_noopt,3,True,0,0,False
33,2,1,beam50_opt,3,True,0,0,False
34,1,2,beam10_noopt,3,True,0,0,False
34,1,2,beam10_opt,3,True,1,1,False
34,1,2,beam50_noopt,3,True,1,2,False
34,1,2,beam50_opt,3,True,1,2,False
34,2,1,beam10_noopt,3,True,0,0,False
34,2,1,beam10_opt,3,True,0,0,False
34,2,1,beam50_noopt,3,True,0,0,False
34,2,1,beam50_opt,3,True,0,0,False
35,1,2,beam10_noopt,3,True,0,0,False
35,1,2,beam10_opt,3,False,1,1,False
35,1,2,beam50_noopt,3,True,0,0,False
35,1,2,beam50_opt,3,False,0,1,False
35,2,1,beam10_noopt,3,True,0,0,False
35,2,1,beam10_opt,3,True,1,1,False
35,2,1,beam50_noopt,3,True,0,0,False
35,2,1,beam50_opt,3,False,1,1,False
36,1,2,beam10_noopt,3,True,0,0,False
36,1,2,beam10_opt,3,True,0,0,False
36,1,2,beam50_noopt,3,True,0,0,False
36,1,2,beam50_opt,3,True,0,0,False
36,2,1,beam10_noopt,3,True,0,0,False
36,2,1,beam10_opt,3,True,0,0,False
36,2,1,beam50_noopt,3,True,0,0,False
36,2,1,beam50_opt,3,True,0,0,False
37,1,2,beam10_noopt,3,False,0,1,False
37,1,2,beam10_opt,3,True,0,0,False
37,1,2,beam50_noopt,3,True,1,1,False
37,1,2,beam50_opt,3,True,11,12,False
37,2,1,beam10_noopt,3,True,0,0,False
37,2,1,beam10_opt,3,False,0,1,True
37,2,1,beam50_noopt,3,True,0,0,False
37,2,1,beam50_opt,3,False,1,1,False
38,1,2,beam10_noopt,3,True,0,0,False
38,1,2,beam10_opt,3,False,1,1,False
38,1,2,beam50_noopt,3,True,2,2,False
38,1,2,beam50_opt,3,True,2,2,False
38,2,1,beam10_noopt,3,True,0,0,False
38,2,1,beam10_opt,3,True,1,1,False
38,2,1,beam50_noopt,3,True,0,1,False
38,2,1,beam50_opt,3,True,0,1,False
39,1,2,beam10_noopt,3,True,0,0,False
39,1,2,beam10_opt,3,False,1,1,False
39,1,2,beam50_noopt,3,True,1,1,False
39,1,2,beam50_opt,3,True,1,1,False
39,2,1,beam10_noopt,3,True,0,0,False
39,2,1,beam10_opt,3,False,1,1,False
39,2,1,beam50_noopt,3,True,0,0,False
39,2,1,beam50_opt,3,True,0,0,False
40,1,2,beam10_noopt,3,False,0,1,False
40,1,2,beam10_opt,3,True,0,1,False
40,1,2,beam50_noopt,3,True,2,2,False
40,1,2,beam50_opt,3,True,2,2,False
40,2,1,beam10_noopt,3,True,0,0,False
40,2,1,beam10_opt,3,True,1,1,False
40,2,1,beam50_noopt,3,True,1,1,False
40,2,1,beam50_opt,3,True,1,1,False
41,1,2,beam10_noopt,3,True,0,0,False
41,1,2,beam10_opt,3,True,1,1,False
41,1,2,beam50_noopt,3,True,1,1,False
41,1,2,beam50_opt,3,True,1,1,False
41,2,1,beam10_noopt,3,True,0,0,False
41,2,1,beam10_opt,3,True,1,1,False
41,2,1,beam50_noopt,3,True,0,0,False
41,2,1,beam50_opt,3,False,0,1,True
42,1,2,beam10_noopt,3,True,0,0,False
42,1,2,beam10_opt,3,True,1,1,False
42,1,2,beam50_noopt,3,True,0,0,False
42,1,2,beam50_opt,3,True,0,0,False
42,2,1,beam10_noopt,3,True,0,0,False
42,2,1,beam10_opt,3,True,1,1,False
42,2,1,beam50_noopt,3,True,1,1,False
42,2,1,beam50_opt,3,True,1,1,False
43,1,2,beam10_noopt,3,True,0,0,False
43,1,2,beam10_opt,3,True,0,1,False
43,1,2,beam50_noopt,3,True,0,0,False
43,1,2,beam50_opt,3,False,0,1,False
43,2,1,beam10_noopt,3,False,0,1,False
43,2,1,beam10_opt,3,False,1,1,True
43,2,1,beam50_noopt,3,True,0,0,False
43,2,1,beam50_opt,3,False,0,1,False
44,1,2,beam10_noopt,3,True,0,0,False
44,1,2,beam10_opt,3,True,1,1,False
44,1,2,beam50_noopt,3,True,0,0,False
44,1,2,beam50_opt,3,False,1,1,False
44,2,1,beam10_noopt,3,True,0,0,False
44,2,1,beam10_opt,3,True,1,1,False
44,2,1,beam50_noopt,3,True,0,0,False
44,2,1,beam50_opt,3,True,1,1,False
45,1,2,beam10_noopt,3,True,0,0,False
45,1,2,beam10_opt,3,False,0,1,False
45,1,2,beam50_noopt,3,True,0,0,False
45,1,2,beam50_opt,3,False,1,1,True
45,2,1,beam10_noopt,3,True,1,1,False
45,2,1,beam10_opt,3,True,1,1,False
45,2,1,beam50_noopt,3,True,1,2,False
45,2,1,beam50_opt,3,True,2,2,False
46,1,2,beam10_noopt,3,True,0,0,False
46,1,2,beam10_opt,3,True,0,0,False
46,1,2,beam50_noopt,3,True,0,0,False
46,1,2,beam50_opt,3,True,0,1,False
46,2,1,beam10_noopt,3,True,0,0,False
46,2,1,beam10_opt,3,True,0,0,False
46,2,1,beam50_noopt,3,True,0,0,False
46,2,1,beam50_opt,3,True,0,1,False
47,1,2,beam10_noopt,3,True,0,0,False
47,1,2,beam10_opt,3,True,1,1,False
47,1,2,beam50_noopt,3,True,0,0,False
47,1,2,beam50_opt,3,False,0,1,False
47,2,1,beam10_noopt,3,True,0,0,False
47,2,1,beam10_opt,3,True,1,1,False
47,2,1,beam50_noopt,3,True,1,1,False
47,2,1,beam50_opt,3,True,1,1,False
48,1,2,beam10_noopt,3,True,0,0,False
48,1,2,beam10_opt,3,True,11,11,False
48,1,2,beam50_noopt,3,False,0,1,False
48,1,2,beam50_opt,3,True,0,1,False
48,2,1,beam10_noopt,3,True,0,0,False
48,2,1,beam10_opt,3,True,0,0,False
48,2,1,beam50_noopt,3,True,0,0,False
48,2,1,beam50_opt,3,True,0,0,False
49,1,2,beam10_noopt,3,True,0,0,False
49,1,2,beam10_opt,3,False,0,1,False
49,1,2,beam50_noopt,3,True,0,0,False
49,1,2,beam50_opt,3,True,1,1,False
49,2,1,beam10_noopt,3,True,0,0,False
49,2,1,beam10_opt,3,False,15,19,False
49,2,1,beam50_noopt,3,True,1,1,False
49,2,1,beam50_opt,3,True,1,1,False
50,1,2,beam10_noopt,3,True,0,0,False
50,1,2,beam10_opt,3,True,0,1,False
50,1,2,beam50_noopt,3,True,0,0,False
50,1,2,beam50_opt,3,False,1,15,False
50,2,1,beam10_noopt,3,True,0,0,False
50,2,1,beam10_opt,3,False,1,1,False
50,2,1,beam50_noopt,3,True,0,0,False
50,2,1,beam50_opt,3,False,1,1,False
51,1,2,beam10_noopt,3,True,0,0,False
51,1,2,beam10_opt,3,True,1,1,False
51,1,2,beam50_noopt,3,True,0,0,False
51,1,2,beam50_opt,3,False,1,1,False
51,2,1,beam10_noopt,3,True,0,0,False
51,2,1,beam10_opt,3,True,0,0,False
51,2,1,beam50_noopt,3,True,0,1,False
51,2,1,beam50_opt,3,True,1,1,False
52,1,2,beam10_noopt,3,True,0,0,False
52,1,2,beam10_opt,3,True,1,1,False
52,1,2,beam50_noopt,3,True,0,0,False
52,1,2,beam50_opt,3,True,1,1,False
52,2,1,beam10_noopt,3,True,0,0,False
52,2,1,beam10_opt,3,False,1,15,True
52,2,1,beam50_noopt,3,True,0,0,False
52,2,1,beam50_opt,3,True,16,16,False
53,1,2,beam10_noopt,3,True,0,0,False
53,1,2,beam10_opt,3,True,17,17,False
53,1,2,beam50_noopt,3,True,0,0,False
53,1,2,beam50_opt,3,True,17,17,False
53,2,1,beam10_noopt,3,True,0,0,False
53,2,1,beam10_opt,3,True,1,1,False
53,2,1,beam50_noopt,3,True,0,1,False
53,2,1,beam50_opt,3,True,0,1,False
54,1,2,beam10_noopt,3,True,0,0,False
54,1,2,beam10_opt,3,True,1,1,False
54,1,2,beam50_noopt,3,True,1,1,False
54,1,2,beam50_opt,3,True,1,1,False
54,2,1,beam10_noopt,3,True,0,0,False
54,2,1,beam10_opt,3,False,1,1,False
54,2,1,beam50_noopt,3,True,1,1,False
54,2,1,beam50_opt,3,True,1,1,False
55,1,2,beam10_noopt,3,True,1,1,False
55,1,2,beam10_opt,3,True,1,1,False
55,1,2,beam50_noopt,3,True,8,8,False
55,1,2,beam50_opt,3,True,20,20,False
55,2,1,beam10_noopt,3,True,2,2,False
55,2,1,beam10_opt,3,True,2,2,False
55,2,1,beam50_noopt,3,True,21,21,False
55,2,1,beam50_opt,3,True,21,21,False
56,1,2,beam10_noopt,3,True,1,1,False
56,1,2,beam10_opt,3,True,1,1,False
56,1,2,beam50_noopt,3,True,9,9,False
56,1,2,beam50_opt,3,True,21,21,False
56,2,1,beam10_noopt,3,False,0,1,False
56,2,1,beam10_opt,3,False,1,7,False
56,2,1,beam50_noopt,3,True,2,3,False
56,2,1,beam50_opt,3,True,8,8,False
57,1,2,beam10_noopt,3,True,1,1,False
57,1,2,beam10_opt,3,True,1,1,False
57,1,2,beam50_noopt,3,True,2,2,False
57,1,2,beam50_opt,3,True,2,2,False
57,2,1,beam10_noopt,3,True,0,0,False
57,2,1,beam10_opt,3,True,1,1,False
57,2,1,beam50_noopt,3,True,1,1,False
57,2,1,beam50_opt,3,True,1,1,False
58,1,2,beam10_noopt,3,False,0,1,False
58,1,2,beam10_opt,3,False,0,1,False
58,1,2,beam50_noopt,3,True,1,1,False
58,1,2,beam50_opt,3,True,1,1,False
58,2,1,beam10_noopt,3,True,0,0,False
58,2,1,beam10_opt,3,True,0,1,False
58,2,1,beam50_noopt,3,True,1,1,False
58,2,1,beam50_opt,3,True,1,1,False
59,1,2,beam10_noopt,3,True,0,1,False
59,1,2,beam10_opt,3,True,0,1,False
59,1,2,beam50_noopt,3,True,2,2,False
59,1,2,beam50_opt,3,True,2,2,False
59,2,1,beam10_noopt,3,True,0,0,False
59,2,1,beam10_opt,3,True,0,0,False
59,2,1,beam50_noopt,3,True,1,1,False
59,2,1,beam50_opt,3,True,1,1,False
60,1,2,beam10_noopt,3,True,0,0,False
60,1,2,beam10_opt,3,True,0,0,False
60,1,2,beam50_noopt,3,True,1,1,False
60,1,2,beam50_opt,3,True,1,1,False
60,2,1,beam10_noopt,3,True,1,1,False
60,2,1,beam10_opt,3,True,1,1,False
60,2,1,beam50_noopt,3,True,4,6,False
60,2,1,beam50_opt,3,False,5,6,False
61,1,2,beam10_noopt,3,True,1,1,False
61,1,2,beam10_opt,3,True,1,1,False
61,1,2,beam50_noopt,3,True,8,8,False
61,1,2,beam50_opt,3,True,8,8,False
61,2,1,beam10_noopt,3,True,5,5,False
61,2,1,beam10_opt,3,True,10,10,False
61,2,1,beam50_noopt,3,True,23,23,False
61,2,1,beam50_opt,3,True,35,35,False
62,1,2,beam10_noopt,3,True,0,0,False
62,1,2,beam10_opt,3,False,0,1,False
62,1,2,beam50_noopt,3,True,1,1,False
62,1,2,beam50_opt,3,True,1,1,False
62,2,1,beam10_noopt,3,False,0,1,True
62,2,1,beam10_opt,3,False,0,1,False
62,2,1,beam50_noopt,3,True,1,1,False
62,2,1,beam50_opt,3,True,0,1,False
63,1,2,beam10_noopt,3,True,0,0,False
63,1,2,beam10_opt,3,False,1,1,False
63,1,2,beam50_noopt,3,True,0,0,False
63,1,2,beam50_opt,3,False,1,1,False
63,2,1,beam10_noopt,3,True,0,0,False
63,2,1,beam10_opt,3,True,1,1,False
63,2,1,beam50_noopt,3,True,0,0,False
63,2,1,beam50_opt,3,True,0,1,False
